0.000000000000000e+00	1.651155e+00	1.608762e+00
9.000000000900649e-10	1.651155e+00	1.608762e+00
6.561800000104770e-07	1.651157e+00	1.608872e+00
2.622260000041329e-06	1.651165e+00	1.609205e+00
5.243700000082683e-06	1.651173e+00	1.609648e+00
1.048658000016517e-05	1.651183e+00	1.610534e+00
2.097234000033037e-05	1.651189e+00	1.612304e+00
4.194386000066054e-05	1.651163e+00	1.615837e+00
8.142975697950365e-05	1.651049e+00	1.622468e+00
1.393648000363350e-04	1.650825e+00	1.632147e+00
2.300193583807816e-04	1.650443e+00	1.647181e+00
5.000009000000001e-04	1.649312e+00	1.691245e+00
5.000019000000000e-04	1.649312e+00	1.691245e+00
5.006571799999393e-04	1.649310e+00	1.691134e+00
5.026232599997570e-04	1.649302e+00	1.690802e+00
5.052446999995140e-04	1.649294e+00	1.690359e+00
5.104875799990282e-04	1.649284e+00	1.689473e+00
5.209733399980565e-04	1.649278e+00	1.687703e+00
5.419448599961129e-04	1.649304e+00	1.684169e+00
5.814314104381131e-04	1.649418e+00	1.677538e+00
6.393669229845477e-04	1.649642e+00	1.667859e+00
7.300223213953755e-04	1.650024e+00	1.652825e+00
9.999999000000000e-04	1.651155e+00	1.608762e+00
1.000000900000000e-03	1.651155e+00	1.608762e+00
1.000656180000081e-03	1.651157e+00	1.608872e+00
1.002622260000326e-03	1.651165e+00	1.609205e+00
1.005243700000651e-03	1.651173e+00	1.609648e+00
1.010486580001302e-03	1.651183e+00	1.610534e+00
1.020972340002604e-03	1.651189e+00	1.612304e+00
1.041943860005208e-03	1.651163e+00	1.615837e+00
1.081429706467499e-03	1.651049e+00	1.622468e+00
1.139364765565022e-03	1.650825e+00	1.632147e+00
1.230019275379117e-03	1.650443e+00	1.647181e+00
1.500000900000000e-03	1.649312e+00	1.691245e+00
1.500001900000000e-03	1.649312e+00	1.691245e+00
1.500657179999939e-03	1.649310e+00	1.691134e+00
1.502623259999757e-03	1.649302e+00	1.690802e+00
1.505244699999514e-03	1.649294e+00	1.690359e+00
1.510487579999028e-03	1.649284e+00	1.689473e+00
1.520973339998057e-03	1.649278e+00	1.687703e+00
1.541944859996113e-03	1.649304e+00	1.684169e+00
1.581431427359975e-03	1.649418e+00	1.677538e+00
1.639366935502436e-03	1.649642e+00	1.667859e+00
1.730022355075423e-03	1.650024e+00	1.652825e+00
1.999999900000000e-03	1.651155e+00	1.608762e+00
2.000000900000000e-03	1.651155e+00	1.608762e+00
2.000656179999797e-03	1.651157e+00	1.608872e+00
2.002622259999189e-03	1.651165e+00	1.609205e+00
2.005243699998377e-03	1.651173e+00	1.609648e+00
2.010486579996754e-03	1.651183e+00	1.610534e+00
2.020972339993509e-03	1.651189e+00	1.612304e+00
2.041943859987018e-03	1.651163e+00	1.615837e+00
2.081429706291309e-03	1.651049e+00	1.622468e+00
2.139364763761927e-03	1.650825e+00	1.632147e+00
2.230019272476992e-03	1.650443e+00	1.647181e+00
2.500000900000000e-03	1.649312e+00	1.691245e+00
2.500001900000000e-03	1.649312e+00	1.691245e+00
2.500657179999939e-03	1.649310e+00	1.691134e+00
2.502623259999757e-03	1.649302e+00	1.690802e+00
2.505244699999514e-03	1.649294e+00	1.690359e+00
2.510487579999028e-03	1.649284e+00	1.689473e+00
2.520973339998056e-03	1.649278e+00	1.687703e+00
2.541944859996112e-03	1.649304e+00	1.684169e+00
2.581431391914538e-03	1.649418e+00	1.677538e+00
2.639366901063037e-03	1.649642e+00	1.667859e+00
2.730022289022751e-03	1.650024e+00	1.652825e+00
2.999999900000000e-03	1.651155e+00	1.608762e+00
3.000000900000000e-03	1.651155e+00	1.608762e+00
3.000656179999939e-03	1.651157e+00	1.608872e+00
3.002622259999757e-03	1.651165e+00	1.609205e+00
3.005243699999514e-03	1.651173e+00	1.609648e+00
3.010486579999028e-03	1.651183e+00	1.610534e+00
3.020972339998056e-03	1.651189e+00	1.612304e+00
3.041943859996113e-03	1.651163e+00	1.615837e+00
3.081429691007409e-03	1.651049e+00	1.622468e+00
3.139364762225406e-03	1.650825e+00	1.632147e+00
3.230019250695510e-03	1.650443e+00	1.647181e+00
3.500000900000000e-03	1.649312e+00	1.691245e+00
3.500001900000000e-03	1.649312e+00	1.691245e+00
3.500657179999939e-03	1.649310e+00	1.691134e+00
3.502623259999757e-03	1.649302e+00	1.690802e+00
3.505244699999514e-03	1.649294e+00	1.690359e+00
3.510487579999028e-03	1.649284e+00	1.689473e+00
3.520973339998056e-03	1.649278e+00	1.687703e+00
3.541944859996113e-03	1.649304e+00	1.684169e+00
3.581431411873531e-03	1.649418e+00	1.677538e+00
3.639366920767413e-03	1.649642e+00	1.667859e+00
3.730022324914329e-03	1.650024e+00	1.652825e+00
3.999999900000000e-03	1.651155e+00	1.608762e+00
4.000000900000000e-03	1.651155e+00	1.608762e+00
4.000656179999939e-03	1.651157e+00	1.608872e+00
4.002622259999757e-03	1.651165e+00	1.609205e+00
4.005243699999514e-03	1.651173e+00	1.609648e+00
4.010486579999029e-03	1.651183e+00	1.610534e+00
4.020972339998057e-03	1.651189e+00	1.612304e+00
4.041943859996113e-03	1.651163e+00	1.615837e+00
4.081429735765460e-03	1.651049e+00	1.622468e+00
4.139364783839846e-03	1.650825e+00	1.632147e+00
4.230019318043251e-03	1.650443e+00	1.647181e+00
4.500000900000000e-03	1.649312e+00	1.691245e+00
4.500001900000000e-03	1.649312e+00	1.691245e+00
4.500657179999939e-03	1.649310e+00	1.691134e+00
4.502623259999757e-03	1.649302e+00	1.690802e+00
4.505244699999513e-03	1.649294e+00	1.690359e+00
4.510487579999028e-03	1.649284e+00	1.689473e+00
4.520973339998057e-03	1.649278e+00	1.687703e+00
4.541944859996113e-03	1.649304e+00	1.684169e+00
4.581431396493574e-03	1.649418e+00	1.677538e+00
4.639366912765874e-03	1.649642e+00	1.667859e+00
4.730022297734756e-03	1.650024e+00	1.652825e+00
4.999999900000000e-03	1.651155e+00	1.608762e+00
5.000000900000000e-03	1.651155e+00	1.608762e+00
5.000656179999939e-03	1.651157e+00	1.608872e+00
5.002622259999757e-03	1.651165e+00	1.609205e+00
5.005243699999514e-03	1.651173e+00	1.609648e+00
5.010486579999028e-03	1.651183e+00	1.610534e+00
5.020972339998056e-03	1.651189e+00	1.612304e+00
5.041943859996113e-03	1.651163e+00	1.615837e+00
5.081429696875696e-03	1.651049e+00	1.622468e+00
5.139364752646404e-03	1.650825e+00	1.632147e+00
5.230019254184446e-03	1.650443e+00	1.647181e+00
5.500000900000000e-03	1.649312e+00	1.691245e+00
5.500001900000000e-03	1.649312e+00	1.691245e+00
5.500657179999939e-03	1.649310e+00	1.691134e+00
5.502623259999757e-03	1.649302e+00	1.690802e+00
5.505244699999514e-03	1.649294e+00	1.690359e+00
5.510487579999028e-03	1.649284e+00	1.689473e+00
5.520973339998056e-03	1.649278e+00	1.687703e+00
5.541944859996113e-03	1.649304e+00	1.684169e+00
5.581431432471086e-03	1.649418e+00	1.677538e+00
5.639366932230024e-03	1.649642e+00	1.667859e+00
5.730022356983769e-03	1.650024e+00	1.652825e+00
5.999999900000001e-03	1.651155e+00	1.608762e+00
6.000000900000000e-03	1.651155e+00	1.608762e+00
6.000656179999939e-03	1.651157e+00	1.608872e+00
6.002622259999757e-03	1.651165e+00	1.609205e+00
6.005243699999514e-03	1.651173e+00	1.609648e+00
6.010486579999029e-03	1.651183e+00	1.610534e+00
6.020972339998057e-03	1.651189e+00	1.612304e+00
6.041943859996113e-03	1.651163e+00	1.615837e+00
6.081429720323341e-03	1.651049e+00	1.622468e+00
6.139364776704880e-03	1.650825e+00	1.632147e+00
6.230019298889510e-03	1.650443e+00	1.647181e+00
6.500000900000000e-03	1.649312e+00	1.691245e+00
6.500001900000000e-03	1.649312e+00	1.691245e+00
6.500657179999939e-03	1.649310e+00	1.691134e+00
6.502623259999757e-03	1.649302e+00	1.690802e+00
6.505244699999514e-03	1.649294e+00	1.690359e+00
6.510487579999029e-03	1.649284e+00	1.689473e+00
6.520973339998057e-03	1.649278e+00	1.687703e+00
6.541944859996113e-03	1.649304e+00	1.684169e+00
6.581431427818899e-03	1.649418e+00	1.677538e+00
6.639366940934822e-03	1.649642e+00	1.667859e+00
6.730022355067046e-03	1.650024e+00	1.652825e+00
6.999999900000000e-03	1.651155e+00	1.608762e+00
7.000000900000000e-03	1.651155e+00	1.608762e+00
7.000656179999939e-03	1.651157e+00	1.608872e+00
7.002622259999757e-03	1.651165e+00	1.609205e+00
7.005243699999514e-03	1.651173e+00	1.609648e+00
7.010486579999028e-03	1.651183e+00	1.610534e+00
7.020972339998056e-03	1.651189e+00	1.612304e+00
7.041943859996113e-03	1.651163e+00	1.615837e+00
7.081429711820777e-03	1.651049e+00	1.622468e+00
7.139364762553536e-03	1.650825e+00	1.632147e+00
7.230019282366236e-03	1.650443e+00	1.647181e+00
7.500000900000000e-03	1.649312e+00	1.691245e+00
7.500001900000000e-03	1.649312e+00	1.691245e+00
7.500657179999939e-03	1.649310e+00	1.691134e+00
7.502623259999757e-03	1.649302e+00	1.690802e+00
7.505244699999514e-03	1.649294e+00	1.690359e+00
7.510487579999028e-03	1.649284e+00	1.689473e+00
7.520973339998056e-03	1.649278e+00	1.687703e+00
7.541944859996113e-03	1.649304e+00	1.684169e+00
7.581431395142295e-03	1.649418e+00	1.677538e+00
7.639366919297711e-03	1.649642e+00	1.667859e+00
7.730022304928369e-03	1.650024e+00	1.652825e+00
7.999999900000001e-03	1.651155e+00	1.608762e+00
8.000000900000000e-03	1.651155e+00	1.608762e+00
8.000656179999939e-03	1.651157e+00	1.608872e+00
8.002622259999757e-03	1.651165e+00	1.609205e+00
8.005243699999514e-03	1.651173e+00	1.609648e+00
8.010486579999029e-03	1.651183e+00	1.610534e+00
8.020972339998057e-03	1.651189e+00	1.612304e+00
8.041943859996114e-03	1.651163e+00	1.615837e+00
8.081429729353252e-03	1.651049e+00	1.622468e+00
8.139364777404868e-03	1.650825e+00	1.632147e+00
8.230019307188065e-03	1.650443e+00	1.647181e+00
8.500000900000000e-03	1.649312e+00	1.691245e+00
8.500001900000000e-03	1.649312e+00	1.691245e+00
8.500657179999939e-03	1.649310e+00	1.691134e+00
8.502623259999757e-03	1.649302e+00	1.690802e+00
8.505244699999514e-03	1.649294e+00	1.690359e+00
8.510487579999029e-03	1.649284e+00	1.689473e+00
8.520973339998057e-03	1.649278e+00	1.687703e+00
8.541944859996113e-03	1.649304e+00	1.684169e+00
8.581431405710006e-03	1.649418e+00	1.677538e+00
8.639366922151566e-03	1.649642e+00	1.667859e+00
8.730022312182870e-03	1.650024e+00	1.652825e+00
8.999999900000000e-03	1.651155e+00	1.608762e+00
9.000000899999999e-03	1.651155e+00	1.608762e+00
9.000656179999940e-03	1.651157e+00	1.608872e+00
9.002622259999756e-03	1.651165e+00	1.609205e+00
9.005243699999515e-03	1.651173e+00	1.609648e+00
9.010486579999028e-03	1.651183e+00	1.610534e+00
9.020972339998056e-03	1.651189e+00	1.612304e+00
9.041943859996113e-03	1.651163e+00	1.615837e+00
9.081429729625721e-03	1.651049e+00	1.622468e+00
9.139364778405795e-03	1.650825e+00	1.632147e+00
9.230019307367760e-03	1.650443e+00	1.647181e+00
9.500000900000000e-03	1.649312e+00	1.691245e+00
9.500001899999999e-03	1.649312e+00	1.691245e+00
9.500657179999939e-03	1.649310e+00	1.691134e+00
9.502623259999756e-03	1.649302e+00	1.690802e+00
9.505244699999514e-03	1.649294e+00	1.690359e+00
9.510487579999028e-03	1.649284e+00	1.689473e+00
9.520973339998056e-03	1.649278e+00	1.687703e+00
9.541944859996113e-03	1.649304e+00	1.684169e+00
9.581431434028870e-03	1.649418e+00	1.677538e+00
9.639366940915484e-03	1.649642e+00	1.667859e+00
9.730022366060822e-03	1.650024e+00	1.652825e+00
9.999999900000001e-03	1.651155e+00	1.608762e+00
1.000000090000000e-02	1.651155e+00	1.608762e+00
1.000065617999994e-02	1.651157e+00	1.608872e+00
1.000262225999976e-02	1.651165e+00	1.609205e+00
1.000524369999951e-02	1.651173e+00	1.609648e+00
1.001048657999903e-02	1.651183e+00	1.610534e+00
1.002097233999806e-02	1.651189e+00	1.612304e+00
1.004194385999611e-02	1.651163e+00	1.615837e+00
1.008142970549558e-02	1.651049e+00	1.622468e+00
1.013936475735279e-02	1.650825e+00	1.632147e+00
1.023001926743808e-02	1.650443e+00	1.647181e+00
1.050000090000000e-02	1.649312e+00	1.691245e+00
1.050000190000000e-02	1.649312e+00	1.691245e+00
1.050065717999994e-02	1.649310e+00	1.691134e+00
1.050262325999976e-02	1.649302e+00	1.690802e+00
1.050524469999951e-02	1.649294e+00	1.690359e+00
1.051048757999903e-02	1.649284e+00	1.689473e+00
1.052097333999806e-02	1.649278e+00	1.687703e+00
1.054194485999611e-02	1.649304e+00	1.684169e+00
1.058143140322113e-02	1.649418e+00	1.677538e+00
1.063936691688571e-02	1.649642e+00	1.667859e+00
1.073002230943357e-02	1.650024e+00	1.652825e+00
1.099999990000000e-02	1.651155e+00	1.608762e+00
1.100000090000000e-02	1.651155e+00	1.608762e+00
1.100065617999994e-02	1.651157e+00	1.608872e+00
1.100262225999976e-02	1.651165e+00	1.609205e+00
1.100524369999951e-02	1.651173e+00	1.609648e+00
1.101048657999903e-02	1.651183e+00	1.610534e+00
1.102097233999806e-02	1.651189e+00	1.612304e+00
1.104194385999611e-02	1.651163e+00	1.615837e+00
1.108142971426615e-02	1.651049e+00	1.622468e+00
1.113936476741180e-02	1.650825e+00	1.632147e+00
1.123001928588037e-02	1.650443e+00	1.647181e+00
1.150000090000000e-02	1.649312e+00	1.691245e+00
1.150000190000000e-02	1.649312e+00	1.691245e+00
1.150065717999994e-02	1.649310e+00	1.691134e+00
1.150262325999976e-02	1.649302e+00	1.690802e+00
1.150524469999951e-02	1.649294e+00	1.690359e+00
1.151048757999903e-02	1.649284e+00	1.689473e+00
1.152097333999806e-02	1.649278e+00	1.687703e+00
1.154194485999611e-02	1.649304e+00	1.684169e+00
1.158143142231113e-02	1.649418e+00	1.677538e+00
1.163936692933510e-02	1.649642e+00	1.667859e+00
1.173002233667377e-02	1.650024e+00	1.652825e+00
1.199999990000000e-02	1.651155e+00	1.608762e+00
1.200000090000000e-02	1.651155e+00	1.608762e+00
1.200065617999980e-02	1.651157e+00	1.608872e+00
1.200262225999919e-02	1.651165e+00	1.609205e+00
1.200524369999838e-02	1.651173e+00	1.609648e+00
1.201048657999675e-02	1.651183e+00	1.610534e+00
1.202097233999351e-02	1.651189e+00	1.612304e+00
1.204194385998702e-02	1.651163e+00	1.615837e+00
1.208142972402780e-02	1.651049e+00	1.622468e+00
1.213936477354735e-02	1.650825e+00	1.632147e+00
1.223001929902108e-02	1.650443e+00	1.647181e+00
1.250000090000000e-02	1.649312e+00	1.691245e+00
1.250000190000000e-02	1.649312e+00	1.691245e+00
1.250065717999994e-02	1.649310e+00	1.691134e+00
1.250262325999976e-02	1.649302e+00	1.690802e+00
1.250524469999951e-02	1.649294e+00	1.690359e+00
1.251048757999903e-02	1.649284e+00	1.689473e+00
1.252097333999806e-02	1.649278e+00	1.687703e+00
1.254194485999611e-02	1.649304e+00	1.684169e+00
1.258143141399038e-02	1.649418e+00	1.677538e+00
1.263936692489698e-02	1.649642e+00	1.667859e+00
1.273002232943013e-02	1.650024e+00	1.652825e+00
1.299999990000000e-02	1.651155e+00	1.608762e+00
1.300000090000000e-02	1.651155e+00	1.608762e+00
1.300065617999994e-02	1.651157e+00	1.608872e+00
1.300262225999976e-02	1.651165e+00	1.609205e+00
1.300524369999951e-02	1.651173e+00	1.609648e+00
1.301048657999903e-02	1.651183e+00	1.610534e+00
1.302097233999806e-02	1.651189e+00	1.612304e+00
1.304194385999611e-02	1.651163e+00	1.615837e+00
1.308142970118705e-02	1.651049e+00	1.622468e+00
1.313936475668264e-02	1.650825e+00	1.632147e+00
1.323001925798598e-02	1.650443e+00	1.647181e+00
1.350000090000000e-02	1.649312e+00	1.691245e+00
1.350000190000000e-02	1.649312e+00	1.691245e+00
1.350065717999994e-02	1.649310e+00	1.691134e+00
1.350262325999976e-02	1.649302e+00	1.690802e+00
1.350524469999951e-02	1.649294e+00	1.690359e+00
1.351048757999903e-02	1.649284e+00	1.689473e+00
1.352097333999806e-02	1.649278e+00	1.687703e+00
1.354194485999611e-02	1.649304e+00	1.684169e+00
1.358143142327453e-02	1.649418e+00	1.677538e+00
1.363936693324527e-02	1.649642e+00	1.667859e+00
1.373002234453556e-02	1.650024e+00	1.652825e+00
1.399999990000000e-02	1.651155e+00	1.608762e+00
1.400000090000000e-02	1.651155e+00	1.608762e+00
1.400065617999994e-02	1.651157e+00	1.608872e+00
1.400262225999976e-02	1.651165e+00	1.609205e+00
1.400524369999951e-02	1.651173e+00	1.609648e+00
1.401048657999903e-02	1.651183e+00	1.610534e+00
1.402097233999806e-02	1.651189e+00	1.612304e+00
1.404194385999611e-02	1.651163e+00	1.615837e+00
1.408142971605324e-02	1.651049e+00	1.622468e+00
1.413936476716818e-02	1.650825e+00	1.632147e+00
1.423001929150785e-02	1.650443e+00	1.647181e+00
1.450000090000000e-02	1.649312e+00	1.691245e+00
1.450000190000000e-02	1.649312e+00	1.691245e+00
1.450065717999994e-02	1.649310e+00	1.691134e+00
1.450262325999976e-02	1.649302e+00	1.690802e+00
1.450524469999951e-02	1.649294e+00	1.690359e+00
1.451048757999903e-02	1.649284e+00	1.689473e+00
1.452097333999806e-02	1.649278e+00	1.687703e+00
1.454194485999611e-02	1.649304e+00	1.684169e+00
1.458143141362538e-02	1.649418e+00	1.677538e+00
1.463936692728232e-02	1.649642e+00	1.667859e+00
1.473002232471382e-02	1.650024e+00	1.652825e+00
1.499999990000000e-02	1.651155e+00	1.608762e+00
1.500000090000000e-02	1.651155e+00	1.608762e+00
1.500065617999994e-02	1.651157e+00	1.608872e+00
1.500262225999976e-02	1.651165e+00	1.609205e+00
1.500524369999951e-02	1.651173e+00	1.609648e+00
1.501048657999903e-02	1.651183e+00	1.610534e+00
1.502097233999806e-02	1.651189e+00	1.612304e+00
1.504194385999611e-02	1.651163e+00	1.615837e+00
1.508142973014592e-02	1.651049e+00	1.622468e+00
1.513936477477331e-02	1.650825e+00	1.632147e+00
1.523001930577170e-02	1.650443e+00	1.647181e+00
1.550000090000000e-02	1.649312e+00	1.691245e+00
1.550000190000000e-02	1.649312e+00	1.691245e+00
1.550065717999994e-02	1.649310e+00	1.691134e+00
1.550262325999976e-02	1.649302e+00	1.690802e+00
1.550524469999951e-02	1.649294e+00	1.690359e+00
1.551048757999903e-02	1.649284e+00	1.689473e+00
1.552097333999806e-02	1.649278e+00	1.687703e+00
1.554194485999611e-02	1.649304e+00	1.684169e+00
1.558143141798091e-02	1.649418e+00	1.677538e+00
1.563936692783794e-02	1.649642e+00	1.667859e+00
1.573002233635955e-02	1.650024e+00	1.652825e+00
1.599999990000000e-02	1.651155e+00	1.608762e+00
1.600000090000000e-02	1.651155e+00	1.608762e+00
1.600065617999994e-02	1.651157e+00	1.608872e+00
1.600262225999976e-02	1.651165e+00	1.609205e+00
1.600524369999952e-02	1.651173e+00	1.609648e+00
1.601048657999903e-02	1.651183e+00	1.610534e+00
1.602097233999806e-02	1.651189e+00	1.612304e+00
1.604194385999611e-02	1.651163e+00	1.615837e+00
1.608142971188388e-02	1.651049e+00	1.622468e+00
1.613936475912605e-02	1.650825e+00	1.632147e+00
1.623001927946561e-02	1.650443e+00	1.647181e+00
1.650000090000000e-02	1.649312e+00	1.691245e+00
1.650000190000000e-02	1.649312e+00	1.691245e+00
1.650065717999994e-02	1.649310e+00	1.691134e+00
1.650262325999976e-02	1.649302e+00	1.690802e+00
1.650524469999952e-02	1.649294e+00	1.690359e+00
1.651048757999903e-02	1.649284e+00	1.689473e+00
1.652097333999806e-02	1.649278e+00	1.687703e+00
1.654194485999611e-02	1.649304e+00	1.684169e+00
1.658143142312818e-02	1.649418e+00	1.677538e+00
1.663936693665558e-02	1.649642e+00	1.667859e+00
1.673002234595991e-02	1.650024e+00	1.652825e+00
1.699999990000000e-02	1.651155e+00	1.608762e+00
1.700000090000000e-02	1.651155e+00	1.608762e+00
1.700065617999994e-02	1.651157e+00	1.608872e+00
1.700262225999976e-02	1.651165e+00	1.609205e+00
1.700524369999951e-02	1.651173e+00	1.609648e+00
1.701048657999903e-02	1.651183e+00	1.610534e+00
1.702097233999806e-02	1.651189e+00	1.612304e+00
1.704194385999611e-02	1.651163e+00	1.615837e+00
1.708142972159402e-02	1.651049e+00	1.622468e+00
1.713936477846044e-02	1.650825e+00	1.632147e+00
1.723001930608484e-02	1.650443e+00	1.647181e+00
1.750000090000000e-02	1.649312e+00	1.691245e+00
1.750000190000000e-02	1.649312e+00	1.691245e+00
1.750065717999994e-02	1.649310e+00	1.691134e+00
1.750262325999976e-02	1.649302e+00	1.690802e+00
1.750524469999951e-02	1.649294e+00	1.690359e+00
1.751048757999903e-02	1.649284e+00	1.689473e+00
1.752097333999806e-02	1.649278e+00	1.687703e+00
1.754194485999611e-02	1.649304e+00	1.684169e+00
1.758143141335604e-02	1.649418e+00	1.677538e+00
1.763936692267067e-02	1.649642e+00	1.667859e+00
1.773002232435190e-02	1.650024e+00	1.652825e+00
1.799999990000000e-02	1.651155e+00	1.608762e+00
1.800000090000000e-02	1.651155e+00	1.608762e+00
1.800016465999998e-02	1.651155e+00	1.608789e+00
1.800524369999951e-02	1.651173e+00	1.609648e+00
1.801048657999903e-02	1.651183e+00	1.610534e+00
1.802097233999806e-02	1.651189e+00	1.612304e+00
1.804194385999611e-02	1.651163e+00	1.615837e+00
1.808142971133905e-02	1.651049e+00	1.622468e+00
1.813936476054787e-02	1.650825e+00	1.632147e+00
1.823001928256988e-02	1.650443e+00	1.647181e+00
1.850000090000000e-02	1.649312e+00	1.691245e+00
1.850000190000000e-02	1.649312e+00	1.691245e+00
1.850065717999994e-02	1.649310e+00	1.691134e+00
1.850262325999976e-02	1.649302e+00	1.690802e+00
1.850524469999951e-02	1.649294e+00	1.690359e+00
1.851048757999903e-02	1.649284e+00	1.689473e+00
1.852097333999806e-02	1.649278e+00	1.687703e+00
1.854194485999611e-02	1.649304e+00	1.684169e+00
1.858143144938242e-02	1.649418e+00	1.677538e+00
1.863936695272622e-02	1.649642e+00	1.667859e+00
1.873002239067634e-02	1.650024e+00	1.652825e+00
1.899999990000000e-02	1.651155e+00	1.608762e+00
1.900000090000000e-02	1.651155e+00	1.608762e+00
1.900065617999994e-02	1.651157e+00	1.608872e+00
1.900262225999976e-02	1.651165e+00	1.609205e+00
1.900524369999951e-02	1.651173e+00	1.609648e+00
1.901048657999903e-02	1.651183e+00	1.610534e+00
1.902097233999806e-02	1.651189e+00	1.612304e+00
1.904194385999611e-02	1.651163e+00	1.615837e+00
1.908142968597177e-02	1.651049e+00	1.622468e+00
1.913936474930338e-02	1.650825e+00	1.632147e+00
1.923001924208220e-02	1.650443e+00	1.647181e+00
1.950000090000000e-02	1.649312e+00	1.691245e+00
1.950000190000000e-02	1.649312e+00	1.691245e+00
1.950065717999994e-02	1.649310e+00	1.691134e+00
1.950262325999976e-02	1.649302e+00	1.690802e+00
1.950524469999951e-02	1.649294e+00	1.690359e+00
1.951048757999903e-02	1.649284e+00	1.689473e+00
1.952097333999806e-02	1.649278e+00	1.687703e+00
1.954194485999611e-02	1.649304e+00	1.684169e+00
1.958143141957675e-02	1.649418e+00	1.677538e+00
1.963936693450878e-02	1.649642e+00	1.667859e+00
1.973002234333232e-02	1.650024e+00	1.652825e+00
1.999999990000000e-02	1.651155e+00	1.608762e+00
2.000000090000000e-02	1.651155e+00	1.608762e+00
2.000065617999994e-02	1.651157e+00	1.608872e+00
2.000262225999976e-02	1.651165e+00	1.609205e+00
2.000524369999952e-02	1.651173e+00	1.609648e+00
2.001048657999903e-02	1.651183e+00	1.610534e+00
2.002097233999806e-02	1.651189e+00	1.612304e+00
2.004194385999611e-02	1.651163e+00	1.615837e+00
2.008142969617893e-02	1.651049e+00	1.622468e+00
2.013936474863524e-02	1.650825e+00	1.632147e+00
2.023001925168732e-02	1.650443e+00	1.647181e+00
2.050000090000000e-02	1.649312e+00	1.691245e+00
2.050000190000000e-02	1.649312e+00	1.691245e+00
2.050065717999994e-02	1.649310e+00	1.691134e+00
2.050262325999976e-02	1.649302e+00	1.690802e+00
2.050524469999952e-02	1.649294e+00	1.690359e+00
2.051048757999903e-02	1.649284e+00	1.689473e+00
2.052097333999806e-02	1.649278e+00	1.687703e+00
2.054194485999611e-02	1.649304e+00	1.684169e+00
2.058143142136741e-02	1.649418e+00	1.677538e+00
2.063936693395628e-02	1.649642e+00	1.667859e+00
2.073002233835468e-02	1.650024e+00	1.652825e+00
2.099999990000000e-02	1.651155e+00	1.608762e+00
2.100000090000000e-02	1.651155e+00	1.608762e+00
2.100065617999994e-02	1.651157e+00	1.608872e+00
2.100262225999976e-02	1.651165e+00	1.609205e+00
2.100524369999951e-02	1.651173e+00	1.609648e+00
2.101048657999903e-02	1.651183e+00	1.610534e+00
2.102097233999806e-02	1.651189e+00	1.612304e+00
2.104194385999611e-02	1.651163e+00	1.615837e+00
2.108142970639542e-02	1.651049e+00	1.622468e+00
2.113936475052769e-02	1.650825e+00	1.632147e+00
2.123001926525537e-02	1.650443e+00	1.647181e+00
2.150000090000000e-02	1.649312e+00	1.691245e+00
2.150000190000000e-02	1.649312e+00	1.691245e+00
2.150065717999994e-02	1.649310e+00	1.691134e+00
2.150262325999976e-02	1.649302e+00	1.690802e+00
2.150524469999951e-02	1.649294e+00	1.690359e+00
2.151048757999903e-02	1.649284e+00	1.689473e+00
2.152097333999806e-02	1.649278e+00	1.687703e+00
2.154194485999611e-02	1.649304e+00	1.684169e+00
2.158143140939612e-02	1.649418e+00	1.677538e+00
2.163936692732117e-02	1.649642e+00	1.667859e+00
2.173002231958858e-02	1.650024e+00	1.652825e+00
2.199999990000000e-02	1.651155e+00	1.608762e+00
2.200000090000000e-02	1.651155e+00	1.608762e+00
2.200065617999994e-02	1.651157e+00	1.608872e+00
2.200262225999976e-02	1.651165e+00	1.609205e+00
2.200524369999951e-02	1.651173e+00	1.609648e+00
2.201048657999903e-02	1.651183e+00	1.610534e+00
2.202097233999806e-02	1.651189e+00	1.612304e+00
2.204194385999611e-02	1.651163e+00	1.615837e+00
2.208142968680077e-02	1.651049e+00	1.622468e+00
2.213936474459445e-02	1.650825e+00	1.632147e+00
2.223001924042842e-02	1.650443e+00	1.647181e+00
2.250000090000000e-02	1.649312e+00	1.691245e+00
2.250000190000000e-02	1.649312e+00	1.691245e+00
2.250065717999994e-02	1.649310e+00	1.691134e+00
2.250262325999976e-02	1.649302e+00	1.690802e+00
2.250524469999951e-02	1.649294e+00	1.690359e+00
2.251048757999903e-02	1.649284e+00	1.689473e+00
2.252097333999806e-02	1.649278e+00	1.687703e+00
2.254194485999611e-02	1.649304e+00	1.684169e+00
2.258143142846236e-02	1.649418e+00	1.677538e+00
2.263936693421470e-02	1.649642e+00	1.667859e+00
2.273002235030923e-02	1.650024e+00	1.652825e+00
2.299999990000000e-02	1.651155e+00	1.608762e+00
2.300000090000000e-02	1.651155e+00	1.608762e+00
2.300065617999980e-02	1.651157e+00	1.608872e+00
2.300262225999919e-02	1.651165e+00	1.609205e+00
2.300524369999838e-02	1.651173e+00	1.609648e+00
2.301048657999676e-02	1.651183e+00	1.610534e+00
2.302097233999351e-02	1.651189e+00	1.612304e+00
2.304194385998702e-02	1.651163e+00	1.615837e+00
2.308142971835637e-02	1.651049e+00	1.622468e+00
2.313936476445158e-02	1.650825e+00	1.632147e+00
2.323001928411002e-02	1.650443e+00	1.647181e+00
2.350000090000000e-02	1.649312e+00	1.691245e+00
2.350000190000000e-02	1.649312e+00	1.691245e+00
2.350065717999994e-02	1.649310e+00	1.691134e+00
2.350262325999976e-02	1.649302e+00	1.690802e+00
2.350524469999951e-02	1.649294e+00	1.690359e+00
2.351048757999903e-02	1.649284e+00	1.689473e+00
2.352097333999806e-02	1.649278e+00	1.687703e+00
2.354194485999611e-02	1.649304e+00	1.684169e+00
2.358143139016555e-02	1.649418e+00	1.677538e+00
2.363936690670339e-02	1.649642e+00	1.667859e+00
2.373002229180983e-02	1.650024e+00	1.652825e+00
2.399999990000000e-02	1.651155e+00	1.608762e+00
2.400000090000000e-02	1.651155e+00	1.608762e+00
2.400065617999994e-02	1.651157e+00	1.608872e+00
2.400262225999976e-02	1.651165e+00	1.609205e+00
2.400524369999951e-02	1.651173e+00	1.609648e+00
2.401048657999903e-02	1.651183e+00	1.610534e+00
2.402097233999806e-02	1.651189e+00	1.612304e+00
2.404194385999611e-02	1.651163e+00	1.615837e+00
2.408142971941847e-02	1.651049e+00	1.622468e+00
2.413936477215611e-02	1.650825e+00	1.632147e+00
2.423001929216030e-02	1.650443e+00	1.647181e+00
2.450000090000000e-02	1.649312e+00	1.691245e+00
2.450000190000000e-02	1.649312e+00	1.691245e+00
2.450065717999994e-02	1.649310e+00	1.691134e+00
2.450262325999976e-02	1.649302e+00	1.690802e+00
2.450524469999951e-02	1.649294e+00	1.690359e+00
2.451048757999903e-02	1.649284e+00	1.689473e+00
2.452097333999806e-02	1.649278e+00	1.687703e+00
2.454194485999611e-02	1.649304e+00	1.684169e+00
2.458143143872253e-02	1.649418e+00	1.677538e+00
2.463936694610176e-02	1.649642e+00	1.667859e+00
2.473002236792288e-02	1.650024e+00	1.652825e+00
2.499999990000000e-02	1.651155e+00	1.608762e+00
2.500000090000000e-02	1.651155e+00	1.608762e+00
2.500065617999994e-02	1.651157e+00	1.608872e+00
2.500262225999976e-02	1.651165e+00	1.609205e+00
2.500524369999951e-02	1.651173e+00	1.609648e+00
2.501048657999903e-02	1.651183e+00	1.610534e+00
2.502097233999806e-02	1.651189e+00	1.612304e+00
2.504194385999611e-02	1.651163e+00	1.615837e+00
2.508142970172020e-02	1.651049e+00	1.622468e+00
2.513936476239407e-02	1.650825e+00	1.632147e+00
2.523001926760604e-02	1.650443e+00	1.647181e+00
2.550000090000000e-02	1.649312e+00	1.691245e+00
2.550000190000000e-02	1.649312e+00	1.691245e+00
2.550065717999994e-02	1.649310e+00	1.691134e+00
2.550262325999976e-02	1.649302e+00	1.690802e+00
2.550524469999951e-02	1.649294e+00	1.690359e+00
2.551048757999903e-02	1.649284e+00	1.689473e+00
2.552097333999806e-02	1.649278e+00	1.687703e+00
2.554194485999611e-02	1.649304e+00	1.684169e+00
2.558143140637065e-02	1.649418e+00	1.677538e+00
2.563936692505231e-02	1.649642e+00	1.667859e+00
2.573002231529773e-02	1.650024e+00	1.652825e+00
2.599999990000000e-02	1.651155e+00	1.608762e+00
2.600000090000000e-02	1.651155e+00	1.608762e+00
2.600065617999994e-02	1.651157e+00	1.608872e+00
2.600262225999976e-02	1.651165e+00	1.609205e+00
2.600524369999951e-02	1.651173e+00	1.609648e+00
2.601048657999903e-02	1.651183e+00	1.610534e+00
2.602097233999806e-02	1.651189e+00	1.612304e+00
2.604194385999611e-02	1.651163e+00	1.615837e+00
2.608142972926447e-02	1.651049e+00	1.622468e+00
2.613936477856883e-02	1.650825e+00	1.632147e+00
2.623001931470611e-02	1.650443e+00	1.647181e+00
2.650000090000000e-02	1.649312e+00	1.691245e+00
2.650000190000000e-02	1.649312e+00	1.691245e+00
2.650065717999994e-02	1.649310e+00	1.691134e+00
2.650262325999976e-02	1.649302e+00	1.690802e+00
2.650524469999951e-02	1.649294e+00	1.690359e+00
2.651048757999903e-02	1.649284e+00	1.689473e+00
2.652097333999806e-02	1.649278e+00	1.687703e+00
2.654194485999611e-02	1.649304e+00	1.684169e+00
2.658143141557692e-02	1.649418e+00	1.677538e+00
2.663936692333769e-02	1.649642e+00	1.667859e+00
2.673002232959996e-02	1.650024e+00	1.652825e+00
2.699999990000000e-02	1.651155e+00	1.608762e+00
2.700000090000000e-02	1.651155e+00	1.608762e+00
2.700065617999994e-02	1.651157e+00	1.608872e+00
2.700262225999976e-02	1.651165e+00	1.609205e+00
2.700524369999951e-02	1.651173e+00	1.609648e+00
2.701048657999903e-02	1.651183e+00	1.610534e+00
2.702097233999805e-02	1.651189e+00	1.612304e+00
2.704194385999611e-02	1.651163e+00	1.615837e+00
2.708142970526251e-02	1.651049e+00	1.622468e+00
2.713936475940320e-02	1.650825e+00	1.632147e+00
2.723001927492167e-02	1.650443e+00	1.647181e+00
2.750000090000000e-02	1.649312e+00	1.691245e+00
2.750000190000000e-02	1.649312e+00	1.691245e+00
2.750065717999994e-02	1.649310e+00	1.691134e+00
2.750262325999976e-02	1.649302e+00	1.690802e+00
2.750524469999951e-02	1.649294e+00	1.690359e+00
2.751048757999903e-02	1.649284e+00	1.689473e+00
2.752097333999805e-02	1.649278e+00	1.687703e+00
2.754194485999611e-02	1.649304e+00	1.684169e+00
2.758143138466600e-02	1.649418e+00	1.677538e+00
2.763936690335434e-02	1.649642e+00	1.667859e+00
2.773002227881021e-02	1.650024e+00	1.652825e+00
2.799999990000000e-02	1.651155e+00	1.608762e+00
2.800000090000000e-02	1.651155e+00	1.608762e+00
2.800065617999994e-02	1.651157e+00	1.608872e+00
2.800262225999976e-02	1.651165e+00	1.609205e+00
2.800524369999952e-02	1.651173e+00	1.609648e+00
2.801048657999903e-02	1.651183e+00	1.610534e+00
2.802097233999806e-02	1.651189e+00	1.612304e+00
2.804194385999611e-02	1.651163e+00	1.615837e+00
2.808142970941987e-02	1.651049e+00	1.622468e+00
2.813936477542431e-02	1.650825e+00	1.632147e+00
2.823001928124485e-02	1.650443e+00	1.647181e+00
2.850000090000000e-02	1.649312e+00	1.691245e+00
2.850000190000000e-02	1.649312e+00	1.691245e+00
2.850065717999994e-02	1.649310e+00	1.691134e+00
2.850262325999976e-02	1.649302e+00	1.690802e+00
2.850524469999952e-02	1.649294e+00	1.690359e+00
2.851048757999903e-02	1.649284e+00	1.689473e+00
2.852097333999806e-02	1.649278e+00	1.687703e+00
2.854194485999611e-02	1.649304e+00	1.684169e+00
2.858143143878425e-02	1.649418e+00	1.677538e+00
2.863936694467607e-02	1.649642e+00	1.667859e+00
2.873002236831419e-02	1.650024e+00	1.652825e+00
2.899999990000000e-02	1.651155e+00	1.608762e+00
2.900000090000000e-02	1.651155e+00	1.608762e+00
2.900065617999994e-02	1.651157e+00	1.608872e+00
2.900262225999976e-02	1.651165e+00	1.609205e+00
2.900524369999951e-02	1.651173e+00	1.609648e+00
2.901048657999903e-02	1.651183e+00	1.610534e+00
2.902097233999806e-02	1.651189e+00	1.612304e+00
2.904194385999611e-02	1.651163e+00	1.615837e+00
2.908142971776966e-02	1.651049e+00	1.622468e+00
2.913936476711707e-02	1.650825e+00	1.632147e+00
2.923001928854261e-02	1.650443e+00	1.647181e+00
2.950000090000000e-02	1.649312e+00	1.691245e+00
2.950000190000000e-02	1.649312e+00	1.691245e+00
2.950065717999994e-02	1.649310e+00	1.691134e+00
2.950262325999976e-02	1.649302e+00	1.690802e+00
2.950524469999951e-02	1.649294e+00	1.690359e+00
2.951048757999903e-02	1.649284e+00	1.689473e+00
2.952097333999806e-02	1.649278e+00	1.687703e+00
2.954194485999611e-02	1.649304e+00	1.684169e+00
2.958143139679946e-02	1.649418e+00	1.677538e+00
2.963936691573287e-02	1.649642e+00	1.667859e+00
2.973002230292281e-02	1.650024e+00	1.652825e+00
2.999999990000000e-02	1.651155e+00	1.608762e+00
3.000000090000000e-02	1.651155e+00	1.608762e+00
3.000065617999994e-02	1.651157e+00	1.608872e+00
3.000262225999976e-02	1.651165e+00	1.609205e+00
3.000524369999951e-02	1.651173e+00	1.609648e+00
3.001048657999903e-02	1.651183e+00	1.610534e+00
3.002097233999806e-02	1.651189e+00	1.612304e+00
3.004194385999611e-02	1.651163e+00	1.615837e+00
3.008142970238717e-02	1.651049e+00	1.622468e+00
3.013936476081636e-02	1.650825e+00	1.632147e+00
3.023001926508291e-02	1.650443e+00	1.647181e+00
3.050000090000000e-02	1.649312e+00	1.691245e+00
3.050000190000000e-02	1.649312e+00	1.691245e+00
3.050065717999994e-02	1.649310e+00	1.691134e+00
3.050262325999976e-02	1.649302e+00	1.690802e+00
3.050524469999951e-02	1.649294e+00	1.690359e+00
3.051048757999903e-02	1.649284e+00	1.689473e+00
3.052097333999806e-02	1.649278e+00	1.687703e+00
3.054194485999611e-02	1.649304e+00	1.684169e+00
3.058143141926379e-02	1.649418e+00	1.677538e+00
3.063936692876663e-02	1.649642e+00	1.667859e+00
3.073002233662096e-02	1.650024e+00	1.652825e+00
3.099999990000000e-02	1.651155e+00	1.608762e+00
3.100000090000000e-02	1.651155e+00	1.608762e+00
3.100065617999994e-02	1.651157e+00	1.608872e+00
3.100262225999976e-02	1.651165e+00	1.609205e+00
3.100524369999951e-02	1.651173e+00	1.609648e+00
3.101048657999903e-02	1.651183e+00	1.610534e+00
3.102097233999806e-02	1.651189e+00	1.612304e+00
3.104194385999611e-02	1.651163e+00	1.615837e+00
3.108142971611067e-02	1.651049e+00	1.622468e+00
3.113936477108031e-02	1.650825e+00	1.632147e+00
3.123001929349038e-02	1.650443e+00	1.647181e+00
3.150000090000000e-02	1.649312e+00	1.691245e+00
3.150000190000000e-02	1.649312e+00	1.691245e+00
3.150065717999994e-02	1.649310e+00	1.691134e+00
3.150262325999976e-02	1.649302e+00	1.690802e+00
3.150524469999951e-02	1.649294e+00	1.690359e+00
3.151048757999902e-02	1.649284e+00	1.689473e+00
3.152097333999806e-02	1.649278e+00	1.687703e+00
3.154194485999611e-02	1.649304e+00	1.684169e+00
3.158143141786292e-02	1.649418e+00	1.677538e+00
3.163936692619834e-02	1.649642e+00	1.667859e+00
3.173002233380317e-02	1.650024e+00	1.652825e+00
3.199999990000000e-02	1.651155e+00	1.608762e+00
3.200000090000000e-02	1.651155e+00	1.608762e+00
3.200065617999994e-02	1.651157e+00	1.608872e+00
3.200262225999976e-02	1.651165e+00	1.609205e+00
3.200524369999951e-02	1.651173e+00	1.609648e+00
3.201048657999903e-02	1.651183e+00	1.610534e+00
3.202097233999806e-02	1.651189e+00	1.612304e+00
3.204194385999611e-02	1.651163e+00	1.615837e+00
3.208142972599266e-02	1.651049e+00	1.622468e+00
3.213936477884870e-02	1.650825e+00	1.632147e+00
3.223001930377874e-02	1.650443e+00	1.647181e+00
3.250000090000000e-02	1.649312e+00	1.691245e+00
3.250000190000000e-02	1.649312e+00	1.691245e+00
3.250065717999994e-02	1.649310e+00	1.691134e+00
3.250262325999976e-02	1.649302e+00	1.690802e+00
3.250524469999951e-02	1.649294e+00	1.690359e+00
3.251048757999903e-02	1.649284e+00	1.689473e+00
3.252097333999806e-02	1.649278e+00	1.687703e+00
3.254194485999611e-02	1.649304e+00	1.684169e+00
3.258143140921083e-02	1.649418e+00	1.677538e+00
3.263936691768900e-02	1.649642e+00	1.667859e+00
3.273002232116994e-02	1.650024e+00	1.652825e+00
3.299999990000000e-02	1.651155e+00	1.608762e+00
3.300000090000000e-02	1.651155e+00	1.608762e+00
3.300065617999980e-02	1.651157e+00	1.608872e+00
3.300262225999919e-02	1.651165e+00	1.609205e+00
3.300524369999838e-02	1.651173e+00	1.609648e+00
3.301048657999676e-02	1.651183e+00	1.610534e+00
3.302097233999351e-02	1.651189e+00	1.612304e+00
3.304194385998702e-02	1.651163e+00	1.615837e+00
3.308142970984367e-02	1.651049e+00	1.622468e+00
3.313936476066205e-02	1.650825e+00	1.632147e+00
3.323001927026441e-02	1.650443e+00	1.647181e+00
3.350000090000000e-02	1.649312e+00	1.691245e+00
3.350000190000000e-02	1.649312e+00	1.691245e+00
3.350065717999994e-02	1.649310e+00	1.691134e+00
3.350262325999976e-02	1.649302e+00	1.690802e+00
3.350524469999951e-02	1.649294e+00	1.690359e+00
3.351048757999903e-02	1.649284e+00	1.689473e+00
3.352097333999805e-02	1.649278e+00	1.687703e+00
3.354194485999611e-02	1.649304e+00	1.684169e+00
3.358143140283022e-02	1.649418e+00	1.677538e+00
3.363936692139601e-02	1.649642e+00	1.667859e+00
3.373002231594915e-02	1.650024e+00	1.652825e+00
3.399999990000000e-02	1.651155e+00	1.608762e+00
3.400000090000000e-02	1.651155e+00	1.608762e+00
3.400065617999994e-02	1.651157e+00	1.608872e+00
3.400262225999975e-02	1.651165e+00	1.609205e+00
3.400524369999951e-02	1.651173e+00	1.609648e+00
3.401048657999903e-02	1.651183e+00	1.610534e+00
3.402097233999805e-02	1.651189e+00	1.612304e+00
3.404194385999611e-02	1.651163e+00	1.615837e+00
3.408142969808952e-02	1.651049e+00	1.622468e+00
3.413936475415779e-02	1.650825e+00	1.632147e+00
3.423001925796560e-02	1.650443e+00	1.647181e+00
3.450000090000000e-02	1.649312e+00	1.691245e+00
3.450000190000000e-02	1.649312e+00	1.691245e+00
3.450065717999994e-02	1.649310e+00	1.691134e+00
3.450262325999975e-02	1.649302e+00	1.690802e+00
3.450524469999951e-02	1.649294e+00	1.690359e+00
3.451048757999903e-02	1.649284e+00	1.689473e+00
3.452097333999805e-02	1.649278e+00	1.687703e+00
3.454194485999611e-02	1.649304e+00	1.684169e+00
3.458143142463053e-02	1.649418e+00	1.677538e+00
3.463936693916244e-02	1.649642e+00	1.667859e+00
3.473002234835288e-02	1.650024e+00	1.652825e+00
3.499999990000000e-02	1.651155e+00	1.608762e+00
3.500000090000000e-02	1.651155e+00	1.608762e+00
3.500065617999994e-02	1.651157e+00	1.608872e+00
3.500262225999975e-02	1.651165e+00	1.609205e+00
3.500524369999952e-02	1.651173e+00	1.609648e+00
3.501048657999903e-02	1.651183e+00	1.610534e+00
3.502097233999805e-02	1.651189e+00	1.612304e+00
3.504194385999611e-02	1.651163e+00	1.615837e+00
3.508142970429631e-02	1.651049e+00	1.622468e+00
3.513936475322772e-02	1.650825e+00	1.632147e+00
3.523001926289045e-02	1.650443e+00	1.647181e+00
3.550000090000000e-02	1.649312e+00	1.691245e+00
3.550000190000000e-02	1.649312e+00	1.691245e+00
3.550065717999994e-02	1.649310e+00	1.691134e+00
3.550262325999975e-02	1.649302e+00	1.690802e+00
3.550524469999951e-02	1.649294e+00	1.690359e+00
3.551048757999903e-02	1.649284e+00	1.689473e+00
3.552097333999805e-02	1.649278e+00	1.687703e+00
3.554194485999611e-02	1.649304e+00	1.684169e+00
3.558143143401932e-02	1.649418e+00	1.677538e+00
3.563936694030994e-02	1.649642e+00	1.667859e+00
3.573002236534873e-02	1.650024e+00	1.652825e+00
3.599999990000000e-02	1.651155e+00	1.608762e+00
3.600000090000000e-02	1.651155e+00	1.608762e+00
3.600065617999994e-02	1.651157e+00	1.608872e+00
3.600262225999976e-02	1.651165e+00	1.609205e+00
3.600524369999952e-02	1.651173e+00	1.609648e+00
3.601048657999903e-02	1.651183e+00	1.610534e+00
3.602097233999806e-02	1.651189e+00	1.612304e+00
3.604194385999612e-02	1.651163e+00	1.615837e+00
3.608142968057992e-02	1.651049e+00	1.622468e+00
3.613936473746562e-02	1.650825e+00	1.632147e+00
3.623001923020294e-02	1.650443e+00	1.647181e+00
3.650000090000000e-02	1.649312e+00	1.691245e+00
3.650000160000000e-02	1.649312e+00	1.691245e+00
3.650000190000000e-02	1.649312e+00	1.691245e+00
3.650065717999994e-02	1.649310e+00	1.691134e+00
3.650262325999976e-02	1.649302e+00	1.690802e+00
3.650524469999952e-02	1.649294e+00	1.690359e+00
3.651048757999903e-02	1.649284e+00	1.689473e+00
3.652097333999806e-02	1.649278e+00	1.687703e+00
3.654194485999612e-02	1.649304e+00	1.684169e+00
3.658143143497938e-02	1.649418e+00	1.677538e+00
3.663936694243844e-02	1.649642e+00	1.667859e+00
3.673002235862462e-02	1.650024e+00	1.652825e+00
3.699999990000000e-02	1.651155e+00	1.608762e+00
3.700000090000000e-02	1.651155e+00	1.608762e+00
3.700065617999994e-02	1.651157e+00	1.608872e+00
3.700262225999976e-02	1.651165e+00	1.609205e+00
3.700524369999952e-02	1.651173e+00	1.609648e+00
3.701048657999903e-02	1.651183e+00	1.610534e+00
3.702097233999806e-02	1.651189e+00	1.612304e+00
3.704194385999611e-02	1.651163e+00	1.615837e+00
3.708142967877208e-02	1.651049e+00	1.622468e+00
3.713936473385770e-02	1.650825e+00	1.632147e+00
3.723001922680566e-02	1.650443e+00	1.647181e+00
3.750000090000000e-02	1.649312e+00	1.691245e+00
3.750000190000000e-02	1.649312e+00	1.691245e+00
3.750065717999994e-02	1.649310e+00	1.691134e+00
3.750262325999976e-02	1.649302e+00	1.690802e+00
3.750524469999952e-02	1.649294e+00	1.690359e+00
3.751048757999903e-02	1.649284e+00	1.689473e+00
3.752097333999806e-02	1.649278e+00	1.687703e+00
3.754194485999611e-02	1.649304e+00	1.684169e+00
3.758143142171270e-02	1.649418e+00	1.677538e+00
3.763936693198344e-02	1.649642e+00	1.667859e+00
3.773002234386621e-02	1.650024e+00	1.652825e+00
3.799999990000000e-02	1.651155e+00	1.608762e+00
3.800000090000000e-02	1.651155e+00	1.608762e+00
3.800065617999994e-02	1.651157e+00	1.608872e+00
3.800262225999976e-02	1.651165e+00	1.609205e+00
3.800524369999951e-02	1.651173e+00	1.609648e+00
3.801048657999903e-02	1.651183e+00	1.610534e+00
3.802097233999806e-02	1.651189e+00	1.612304e+00
3.804194385999611e-02	1.651163e+00	1.615837e+00
3.808142971489612e-02	1.651049e+00	1.622468e+00
3.813936477057025e-02	1.650825e+00	1.632147e+00
3.823001928709514e-02	1.650443e+00	1.647181e+00
3.850000090000000e-02	1.649312e+00	1.691245e+00
3.850000190000000e-02	1.649312e+00	1.691245e+00
3.850065717999994e-02	1.649310e+00	1.691134e+00
3.850262325999976e-02	1.649302e+00	1.690802e+00
3.850524469999951e-02	1.649294e+00	1.690359e+00
3.851048757999903e-02	1.649284e+00	1.689473e+00
3.852097333999806e-02	1.649278e+00	1.687703e+00
3.854194485999611e-02	1.649304e+00	1.684169e+00
3.858143140226576e-02	1.649418e+00	1.677538e+00
3.863936692037617e-02	1.649642e+00	1.667859e+00
3.873002231592489e-02	1.650024e+00	1.652825e+00
3.899999990000000e-02	1.651155e+00	1.608762e+00
3.900000090000000e-02	1.651155e+00	1.608762e+00
3.900065617999994e-02	1.651157e+00	1.608872e+00
3.900262225999976e-02	1.651165e+00	1.609205e+00
3.900524369999951e-02	1.651173e+00	1.609648e+00
3.901048657999902e-02	1.651183e+00	1.610534e+00
3.902097233999806e-02	1.651189e+00	1.612304e+00
3.904194385999611e-02	1.651163e+00	1.615837e+00
3.908142972446587e-02	1.651049e+00	1.622468e+00
3.913936477460029e-02	1.650825e+00	1.632147e+00
3.923001930517937e-02	1.650443e+00	1.647181e+00
3.950000090000000e-02	1.649312e+00	1.691245e+00
3.950000190000000e-02	1.649312e+00	1.691245e+00
3.950065717999994e-02	1.649310e+00	1.691134e+00
3.950262325999976e-02	1.649302e+00	1.690802e+00
3.950524469999951e-02	1.649294e+00	1.690359e+00
3.951048757999902e-02	1.649284e+00	1.689473e+00
3.952097333999806e-02	1.649278e+00	1.687703e+00
3.954194485999611e-02	1.649304e+00	1.684169e+00
3.958143143084942e-02	1.649418e+00	1.677538e+00
3.963936693136441e-02	1.649642e+00	1.667859e+00
3.973002235516301e-02	1.650024e+00	1.652825e+00
3.999999990000000e-02	1.651155e+00	1.608762e+00
4.000000090000000e-02	1.651155e+00	1.608762e+00
4.000065617999994e-02	1.651157e+00	1.608872e+00
4.000262225999976e-02	1.651165e+00	1.609205e+00
4.000524369999951e-02	1.651173e+00	1.609648e+00
4.001048657999903e-02	1.651183e+00	1.610534e+00
4.002097233999806e-02	1.651189e+00	1.612304e+00
4.004194385999611e-02	1.651163e+00	1.615837e+00
4.008142974085464e-02	1.651049e+00	1.622468e+00
4.013936479217339e-02	1.650825e+00	1.632147e+00
4.023001932690447e-02	1.650443e+00	1.647181e+00
4.050000090000000e-02	1.649312e+00	1.691245e+00
4.050000190000000e-02	1.649312e+00	1.691245e+00
4.050065717999994e-02	1.649310e+00	1.691134e+00
4.050262325999976e-02	1.649302e+00	1.690802e+00
4.050524469999951e-02	1.649294e+00	1.690359e+00
4.051048757999903e-02	1.649284e+00	1.689473e+00
4.052097333999806e-02	1.649278e+00	1.687703e+00
4.054194485999611e-02	1.649304e+00	1.684169e+00
4.058143143614078e-02	1.649418e+00	1.677538e+00
4.063936694247434e-02	1.649642e+00	1.667859e+00
4.073002236788077e-02	1.650024e+00	1.652825e+00
4.099999990000000e-02	1.651155e+00	1.608762e+00
4.100000090000000e-02	1.651155e+00	1.608762e+00
4.100065617999994e-02	1.651157e+00	1.608872e+00
4.100262225999976e-02	1.651165e+00	1.609205e+00
4.100524369999951e-02	1.651173e+00	1.609648e+00
4.101048657999903e-02	1.651183e+00	1.610534e+00
4.102097233999805e-02	1.651189e+00	1.612304e+00
4.104194385999611e-02	1.651163e+00	1.615837e+00
4.108142969243256e-02	1.651049e+00	1.622468e+00
4.113936475001553e-02	1.650825e+00	1.632147e+00
4.123001924725454e-02	1.650443e+00	1.647181e+00
4.150000090000000e-02	1.649312e+00	1.691245e+00
4.150000190000000e-02	1.649312e+00	1.691245e+00
4.150065717999994e-02	1.649310e+00	1.691134e+00
4.150262325999976e-02	1.649302e+00	1.690802e+00
4.150524469999951e-02	1.649294e+00	1.690359e+00
4.151048757999903e-02	1.649284e+00	1.689473e+00
4.152097333999805e-02	1.649278e+00	1.687703e+00
4.154194485999611e-02	1.649304e+00	1.684169e+00
4.158143142259128e-02	1.649418e+00	1.677538e+00
4.163936693580177e-02	1.649642e+00	1.667859e+00
4.173002234448677e-02	1.650024e+00	1.652825e+00
4.199999990000000e-02	1.651155e+00	1.608762e+00
4.200000090000000e-02	1.651155e+00	1.608762e+00
4.200065617999994e-02	1.651157e+00	1.608872e+00
4.200262225999975e-02	1.651165e+00	1.609205e+00
4.200524369999951e-02	1.651173e+00	1.609648e+00
4.201048657999903e-02	1.651183e+00	1.610534e+00
4.202097233999805e-02	1.651189e+00	1.612304e+00
4.204194385999611e-02	1.651163e+00	1.615837e+00
4.208142968919715e-02	1.651049e+00	1.622468e+00
4.213936474403186e-02	1.650825e+00	1.632147e+00
4.223001924114977e-02	1.650443e+00	1.647181e+00
4.250000090000000e-02	1.649312e+00	1.691245e+00
4.250000190000000e-02	1.649312e+00	1.691245e+00
4.250065717999994e-02	1.649310e+00	1.691134e+00
4.250262325999975e-02	1.649302e+00	1.690802e+00
4.250524469999951e-02	1.649294e+00	1.690359e+00
4.251048757999903e-02	1.649284e+00	1.689473e+00
4.252097333999805e-02	1.649278e+00	1.687703e+00
4.254194485999611e-02	1.649304e+00	1.684169e+00
4.258143139016203e-02	1.649418e+00	1.677538e+00
4.263936691245323e-02	1.649642e+00	1.667859e+00
4.273002229586849e-02	1.650024e+00	1.652825e+00
4.299999990000000e-02	1.651155e+00	1.608762e+00
4.300000090000000e-02	1.651155e+00	1.608762e+00
4.300065617999980e-02	1.651157e+00	1.608872e+00
4.300262225999919e-02	1.651165e+00	1.609205e+00
4.300524369999838e-02	1.651173e+00	1.609648e+00
4.301048657999675e-02	1.651183e+00	1.610534e+00
4.302097233999351e-02	1.651189e+00	1.612304e+00
4.304194385998702e-02	1.651163e+00	1.615837e+00
4.308142970557608e-02	1.651049e+00	1.622468e+00
4.313936475888146e-02	1.650825e+00	1.632147e+00
4.323001926669408e-02	1.650443e+00	1.647181e+00
4.350000090000000e-02	1.649312e+00	1.691245e+00
4.350000190000000e-02	1.649312e+00	1.691245e+00
4.350065717999994e-02	1.649310e+00	1.691134e+00
4.350262325999976e-02	1.649302e+00	1.690802e+00
4.350524469999952e-02	1.649294e+00	1.690359e+00
4.351048757999903e-02	1.649284e+00	1.689473e+00
4.352097333999806e-02	1.649278e+00	1.687703e+00
4.354194485999612e-02	1.649304e+00	1.684169e+00
4.358143142068649e-02	1.649418e+00	1.677538e+00
4.363936692144504e-02	1.649642e+00	1.667859e+00
4.373002233876299e-02	1.650024e+00	1.652825e+00
4.399999990000000e-02	1.651155e+00	1.608762e+00
4.400000090000000e-02	1.651155e+00	1.608762e+00
4.400065617999994e-02	1.651157e+00	1.608872e+00
4.400262225999976e-02	1.651165e+00	1.609205e+00
4.400524369999952e-02	1.651173e+00	1.609648e+00
4.401048657999903e-02	1.651183e+00	1.610534e+00
4.402097233999806e-02	1.651189e+00	1.612304e+00
4.404194385999612e-02	1.651163e+00	1.615837e+00
4.408142971010952e-02	1.651049e+00	1.622468e+00
4.413936476239598e-02	1.650825e+00	1.632147e+00
4.423001927299337e-02	1.650443e+00	1.647181e+00
4.450000090000000e-02	1.649312e+00	1.691245e+00
4.450000190000000e-02	1.649312e+00	1.691245e+00
4.450065717999994e-02	1.649310e+00	1.691134e+00
4.450262325999976e-02	1.649302e+00	1.690802e+00
4.450524469999952e-02	1.649294e+00	1.690359e+00
4.451048757999903e-02	1.649284e+00	1.689473e+00
4.452097333999806e-02	1.649278e+00	1.687703e+00
4.454194485999612e-02	1.649304e+00	1.684169e+00
4.458143141856875e-02	1.649418e+00	1.677538e+00
4.463936693238943e-02	1.649642e+00	1.667859e+00
4.473002234046001e-02	1.650024e+00	1.652825e+00
4.499999990000000e-02	1.651155e+00	1.608762e+00
4.500000090000000e-02	1.651155e+00	1.608762e+00
4.500065617999994e-02	1.651157e+00	1.608872e+00
4.500262225999976e-02	1.651165e+00	1.609205e+00
4.500524369999952e-02	1.651173e+00	1.609648e+00
4.501048657999903e-02	1.651183e+00	1.610534e+00
4.502097233999806e-02	1.651189e+00	1.612304e+00
4.504194385999611e-02	1.651163e+00	1.615837e+00
4.508142970330072e-02	1.651049e+00	1.622468e+00
4.513936475449518e-02	1.650825e+00	1.632147e+00
4.523001926344217e-02	1.650443e+00	1.647181e+00
4.550000090000000e-02	1.649312e+00	1.691245e+00
4.550000190000000e-02	1.649312e+00	1.691245e+00
4.550065717999994e-02	1.649310e+00	1.691134e+00
4.550262325999976e-02	1.649302e+00	1.690802e+00
4.550524469999952e-02	1.649294e+00	1.690359e+00
4.551048757999903e-02	1.649284e+00	1.689473e+00
4.552097333999806e-02	1.649278e+00	1.687703e+00
4.554194485999611e-02	1.649304e+00	1.684169e+00
4.558143141873468e-02	1.649418e+00	1.677538e+00
4.563936693302129e-02	1.649642e+00	1.667859e+00
4.573002234181451e-02	1.650024e+00	1.652825e+00
4.599999990000000e-02	1.651155e+00	1.608762e+00
4.600000090000000e-02	1.651155e+00	1.608762e+00
4.600065617999994e-02	1.651157e+00	1.608872e+00
4.600262225999976e-02	1.651165e+00	1.609205e+00
4.600524369999951e-02	1.651173e+00	1.609648e+00
4.601048657999903e-02	1.651183e+00	1.610534e+00
4.602097233999806e-02	1.651189e+00	1.612304e+00
4.604194385999611e-02	1.651163e+00	1.615837e+00
4.608142969646758e-02	1.651049e+00	1.622468e+00
4.613936475022171e-02	1.650825e+00	1.632147e+00
4.623001925273932e-02	1.650443e+00	1.647181e+00
4.650000090000000e-02	1.649312e+00	1.691245e+00
4.650000190000000e-02	1.649312e+00	1.691245e+00
4.650065717999994e-02	1.649310e+00	1.691134e+00
4.650262325999976e-02	1.649302e+00	1.690802e+00
4.650524469999951e-02	1.649294e+00	1.690359e+00
4.651048757999903e-02	1.649284e+00	1.689473e+00
4.652097333999806e-02	1.649278e+00	1.687703e+00
4.654194485999611e-02	1.649304e+00	1.684169e+00
4.658143142812483e-02	1.649418e+00	1.677538e+00
4.663936693407394e-02	1.649642e+00	1.667859e+00
4.673002235034675e-02	1.650024e+00	1.652825e+00
4.699999990000000e-02	1.651155e+00	1.608762e+00
4.700000090000000e-02	1.651155e+00	1.608762e+00
4.700065617999994e-02	1.651157e+00	1.608872e+00
4.700262225999976e-02	1.651165e+00	1.609205e+00
4.700524369999951e-02	1.651173e+00	1.609648e+00
4.701048657999903e-02	1.651183e+00	1.610534e+00
4.702097233999806e-02	1.651189e+00	1.612304e+00
4.704194385999611e-02	1.651163e+00	1.615837e+00
4.708142972380158e-02	1.651049e+00	1.622468e+00
4.713936477748542e-02	1.650825e+00	1.632147e+00
4.723001930676218e-02	1.650443e+00	1.647181e+00
4.750000090000000e-02	1.649312e+00	1.691245e+00
4.750000190000000e-02	1.649312e+00	1.691245e+00
4.750065717999994e-02	1.649310e+00	1.691134e+00
4.750262325999976e-02	1.649302e+00	1.690802e+00
4.750524469999951e-02	1.649294e+00	1.690359e+00
4.751048757999903e-02	1.649284e+00	1.689473e+00
4.752097333999806e-02	1.649278e+00	1.687703e+00
4.754194485999611e-02	1.649304e+00	1.684169e+00
4.758143139932675e-02	1.649418e+00	1.677538e+00
4.763936691133275e-02	1.649642e+00	1.667859e+00
4.773002230312362e-02	1.650024e+00	1.652825e+00
4.799999990000000e-02	1.651155e+00	1.608762e+00
4.800000090000000e-02	1.651155e+00	1.608762e+00
4.800065617999994e-02	1.651157e+00	1.608872e+00
4.800262225999976e-02	1.651165e+00	1.609205e+00
4.800524369999951e-02	1.651173e+00	1.609648e+00
4.801048657999903e-02	1.651183e+00	1.610534e+00
4.802097233999806e-02	1.651189e+00	1.612304e+00
4.804194385999611e-02	1.651163e+00	1.615837e+00
4.808142973005278e-02	1.651049e+00	1.622468e+00
4.813936477566050e-02	1.650825e+00	1.632147e+00
4.823001930931157e-02	1.650443e+00	1.647181e+00
4.850000090000000e-02	1.649312e+00	1.691245e+00
4.850000190000000e-02	1.649312e+00	1.691245e+00
4.850065717999994e-02	1.649310e+00	1.691134e+00
4.850262325999976e-02	1.649302e+00	1.690802e+00
4.850524469999951e-02	1.649294e+00	1.690359e+00
4.851048757999903e-02	1.649284e+00	1.689473e+00
4.852097333999806e-02	1.649278e+00	1.687703e+00
4.854194485999611e-02	1.649304e+00	1.684169e+00
4.858143141302916e-02	1.649418e+00	1.677538e+00
4.863936693139469e-02	1.649642e+00	1.667859e+00
4.873002233417076e-02	1.650024e+00	1.652825e+00
4.899999990000000e-02	1.651155e+00	1.608762e+00
4.900000090000000e-02	1.651155e+00	1.608762e+00
4.900065617999994e-02	1.651157e+00	1.608872e+00
4.900262225999975e-02	1.651165e+00	1.609205e+00
4.900524369999951e-02	1.651173e+00	1.609648e+00
4.901048657999903e-02	1.651183e+00	1.610534e+00
4.902097233999805e-02	1.651189e+00	1.612304e+00
4.904194385999611e-02	1.651163e+00	1.615837e+00
4.908142970923633e-02	1.651049e+00	1.622468e+00
4.913936476310347e-02	1.650825e+00	1.632147e+00
4.923001927171783e-02	1.650443e+00	1.647181e+00
4.950000090000000e-02	1.649312e+00	1.691245e+00
4.950000190000000e-02	1.649312e+00	1.691245e+00
4.950065717999994e-02	1.649310e+00	1.691134e+00
4.950262325999975e-02	1.649302e+00	1.690802e+00
4.950524469999951e-02	1.649294e+00	1.690359e+00
4.951048757999903e-02	1.649284e+00	1.689473e+00
4.952097333999805e-02	1.649278e+00	1.687703e+00
4.954194485999611e-02	1.649304e+00	1.684169e+00
4.958143141043007e-02	1.649418e+00	1.677538e+00
4.963936691958877e-02	1.649642e+00	1.667859e+00
4.973002232005282e-02	1.650024e+00	1.652825e+00
4.999999990000000e-02	1.651155e+00	1.608762e+00
5.000000090000000e-02	1.651155e+00	1.608762e+00
5.000065617999994e-02	1.651157e+00	1.608872e+00
5.000262225999975e-02	1.651165e+00	1.609205e+00
5.000524369999951e-02	1.651173e+00	1.609648e+00
5.001048657999903e-02	1.651183e+00	1.610534e+00
5.002097233999805e-02	1.651189e+00	1.612304e+00
5.004194385999611e-02	1.651163e+00	1.615837e+00
5.008142971896090e-02	1.651049e+00	1.622468e+00
5.013936476304931e-02	1.650825e+00	1.632147e+00
5.023001928647243e-02	1.650443e+00	1.647181e+00
5.050000090000000e-02	1.649312e+00	1.691245e+00
5.050000190000000e-02	1.649312e+00	1.691245e+00
5.050065717999994e-02	1.649310e+00	1.691134e+00
5.050262325999975e-02	1.649302e+00	1.690802e+00
5.050524469999951e-02	1.649294e+00	1.690359e+00
5.051048757999903e-02	1.649284e+00	1.689473e+00
5.052097333999805e-02	1.649278e+00	1.687703e+00
5.054194485999611e-02	1.649304e+00	1.684169e+00
5.058143142476651e-02	1.649418e+00	1.677538e+00
5.063936693184069e-02	1.649642e+00	1.667859e+00
5.073002234712828e-02	1.650024e+00	1.652825e+00
5.099999990000000e-02	1.651155e+00	1.608762e+00
5.100000090000000e-02	1.651155e+00	1.608762e+00
5.100065617999994e-02	1.651157e+00	1.608872e+00
5.100262225999976e-02	1.651165e+00	1.609205e+00
5.100524369999952e-02	1.651173e+00	1.609648e+00
5.101048657999903e-02	1.651183e+00	1.610534e+00
5.102097233999806e-02	1.651189e+00	1.612304e+00
5.104194385999612e-02	1.651163e+00	1.615837e+00
5.108142971626722e-02	1.651049e+00	1.622468e+00
5.113936477171836e-02	1.650825e+00	1.632147e+00
5.123001928707095e-02	1.650443e+00	1.647181e+00
5.150000090000000e-02	1.649312e+00	1.691245e+00
5.150000190000000e-02	1.649312e+00	1.691245e+00
5.150065717999994e-02	1.649310e+00	1.691134e+00
5.150262325999976e-02	1.649302e+00	1.690802e+00
5.150524469999952e-02	1.649294e+00	1.690359e+00
5.151048757999903e-02	1.649284e+00	1.689473e+00
5.152097333999806e-02	1.649278e+00	1.687703e+00
5.154194485999612e-02	1.649304e+00	1.684169e+00
5.158143143843746e-02	1.649418e+00	1.677538e+00
5.163936694564077e-02	1.649642e+00	1.667859e+00
5.173002237427789e-02	1.650024e+00	1.652825e+00
5.199999990000000e-02	1.651155e+00	1.608762e+00
5.200000090000000e-02	1.651155e+00	1.608762e+00
5.200065617999994e-02	1.651157e+00	1.608872e+00
5.200262225999976e-02	1.651165e+00	1.609205e+00
5.200524369999952e-02	1.651173e+00	1.609648e+00
5.201048657999903e-02	1.651183e+00	1.610534e+00
5.202097233999806e-02	1.651189e+00	1.612304e+00
5.204194385999612e-02	1.651163e+00	1.615837e+00
5.208142971666381e-02	1.651049e+00	1.622468e+00
5.213936476953596e-02	1.650825e+00	1.632147e+00
5.223001929410388e-02	1.650443e+00	1.647181e+00
5.250000090000000e-02	1.649312e+00	1.691245e+00
5.250000190000000e-02	1.649312e+00	1.691245e+00
5.250065717999994e-02	1.649310e+00	1.691134e+00
5.250262325999976e-02	1.649302e+00	1.690802e+00
5.250524469999952e-02	1.649294e+00	1.690359e+00
5.251048757999903e-02	1.649284e+00	1.689473e+00
5.252097333999806e-02	1.649278e+00	1.687703e+00
5.254194485999612e-02	1.649304e+00	1.684169e+00
5.258143142334933e-02	1.649418e+00	1.677538e+00
5.263936693863678e-02	1.649642e+00	1.667859e+00
5.273002234452004e-02	1.650024e+00	1.652825e+00
5.299999990000000e-02	1.651155e+00	1.608762e+00
5.300000090000000e-02	1.651155e+00	1.608762e+00
5.300065617999994e-02	1.651157e+00	1.608872e+00
5.300262225999976e-02	1.651165e+00	1.609205e+00
5.300524369999952e-02	1.651173e+00	1.609648e+00
5.301048657999903e-02	1.651183e+00	1.610534e+00
5.302097233999806e-02	1.651189e+00	1.612304e+00
5.304194385999611e-02	1.651163e+00	1.615837e+00
5.308142968075052e-02	1.651049e+00	1.622468e+00
5.313936474717521e-02	1.650825e+00	1.632147e+00
5.323001923427770e-02	1.650443e+00	1.647181e+00
5.350000090000000e-02	1.649312e+00	1.691245e+00
5.350000190000000e-02	1.649312e+00	1.691245e+00
5.350065717999994e-02	1.649310e+00	1.691134e+00
5.350262325999976e-02	1.649302e+00	1.690802e+00
5.350524469999952e-02	1.649294e+00	1.690359e+00
5.351048757999903e-02	1.649284e+00	1.689473e+00
5.352097333999806e-02	1.649278e+00	1.687703e+00
5.354194485999611e-02	1.649304e+00	1.684169e+00
5.358143140986870e-02	1.649418e+00	1.677538e+00
5.363936691935940e-02	1.649642e+00	1.667859e+00
5.373002232583314e-02	1.650024e+00	1.652825e+00
5.399999990000000e-02	1.651155e+00	1.608762e+00
5.400000090000000e-02	1.651155e+00	1.608762e+00
5.400065617999979e-02	1.651157e+00	1.608872e+00
5.400262225999919e-02	1.651165e+00	1.609205e+00
5.400524369999838e-02	1.651173e+00	1.609648e+00
5.401048657999676e-02	1.651183e+00	1.610534e+00
5.402097233999351e-02	1.651189e+00	1.612304e+00
5.404194385998702e-02	1.651163e+00	1.615837e+00
5.408142967145605e-02	1.651049e+00	1.622468e+00
5.413936473340654e-02	1.650825e+00	1.632147e+00
5.423001921164326e-02	1.650443e+00	1.647181e+00
5.450000090000000e-02	1.649312e+00	1.691245e+00
5.450000190000000e-02	1.649312e+00	1.691245e+00
5.450065717999994e-02	1.649310e+00	1.691134e+00
5.450262325999976e-02	1.649302e+00	1.690802e+00
5.450524469999951e-02	1.649294e+00	1.690359e+00
5.451048757999903e-02	1.649284e+00	1.689473e+00
5.452097333999806e-02	1.649278e+00	1.687703e+00
5.454194485999611e-02	1.649304e+00	1.684169e+00
5.458143145057175e-02	1.649418e+00	1.677538e+00
5.463936695256985e-02	1.649642e+00	1.667859e+00
5.473002239119433e-02	1.650024e+00	1.652825e+00
5.499999990000000e-02	1.651155e+00	1.608762e+00
5.500000090000000e-02	1.651155e+00	1.608762e+00
5.500065617999994e-02	1.651157e+00	1.608872e+00
5.500262225999976e-02	1.651165e+00	1.609205e+00
5.500524369999951e-02	1.651173e+00	1.609648e+00
5.501048657999903e-02	1.651183e+00	1.610534e+00
5.502097233999806e-02	1.651189e+00	1.612304e+00
5.504194385999611e-02	1.651163e+00	1.615837e+00
5.508142972022167e-02	1.651049e+00	1.622468e+00
5.513936476732875e-02	1.650825e+00	1.632147e+00
5.523001929398272e-02	1.650443e+00	1.647181e+00
5.550000090000000e-02	1.649312e+00	1.691245e+00
5.550000190000000e-02	1.649312e+00	1.691245e+00
5.550065717999994e-02	1.649310e+00	1.691134e+00
5.550262325999976e-02	1.649302e+00	1.690802e+00
5.550524469999951e-02	1.649294e+00	1.690359e+00
5.551048757999903e-02	1.649284e+00	1.689473e+00
5.552097333999806e-02	1.649278e+00	1.687703e+00
5.554194485999611e-02	1.649304e+00	1.684169e+00
5.558143139415950e-02	1.649418e+00	1.677538e+00
5.563936691361860e-02	1.649642e+00	1.667859e+00
5.573002230169379e-02	1.650024e+00	1.652825e+00
5.599999990000000e-02	1.651155e+00	1.608762e+00
5.600000090000000e-02	1.651155e+00	1.608762e+00
5.600065617999994e-02	1.651157e+00	1.608872e+00
5.600262225999976e-02	1.651165e+00	1.609205e+00
5.600524369999951e-02	1.651173e+00	1.609648e+00
5.601048657999903e-02	1.651183e+00	1.610534e+00
5.602097233999806e-02	1.651189e+00	1.612304e+00
5.604194385999611e-02	1.651163e+00	1.615837e+00
5.608142968855049e-02	1.651049e+00	1.622468e+00
5.613936474047188e-02	1.650825e+00	1.632147e+00
5.623001924505910e-02	1.650443e+00	1.647181e+00
5.650000090000000e-02	1.649312e+00	1.691245e+00
5.650000190000000e-02	1.649312e+00	1.691245e+00
5.650065717999994e-02	1.649310e+00	1.691134e+00
5.650262325999976e-02	1.649302e+00	1.690802e+00
5.650524469999951e-02	1.649294e+00	1.690359e+00
5.651048757999903e-02	1.649284e+00	1.689473e+00
5.652097333999806e-02	1.649278e+00	1.687703e+00
5.654194485999611e-02	1.649304e+00	1.684169e+00
5.658143140468099e-02	1.649418e+00	1.677538e+00
5.663936691957894e-02	1.649642e+00	1.667859e+00
5.673002231459238e-02	1.650024e+00	1.652825e+00
5.699999990000000e-02	1.651155e+00	1.608762e+00
5.700000090000000e-02	1.651155e+00	1.608762e+00
5.700065617999994e-02	1.651157e+00	1.608872e+00
5.700262225999975e-02	1.651165e+00	1.609205e+00
5.700524369999951e-02	1.651173e+00	1.609648e+00
5.701048657999903e-02	1.651183e+00	1.610534e+00
5.702097233999805e-02	1.651189e+00	1.612304e+00
5.704194385999611e-02	1.651163e+00	1.615837e+00
5.708142968667445e-02	1.651049e+00	1.622468e+00
5.713936475024465e-02	1.650825e+00	1.632147e+00
5.723001924259415e-02	1.650443e+00	1.647181e+00
5.750000090000000e-02	1.649312e+00	1.691245e+00
5.750000190000000e-02	1.649312e+00	1.691245e+00
5.750065717999994e-02	1.649310e+00	1.691134e+00
5.750262325999975e-02	1.649302e+00	1.690802e+00
5.750524469999951e-02	1.649294e+00	1.690359e+00
5.751048757999903e-02	1.649284e+00	1.689473e+00
5.752097333999805e-02	1.649278e+00	1.687703e+00
5.754194485999611e-02	1.649304e+00	1.684169e+00
5.758143142631272e-02	1.649418e+00	1.677538e+00
5.763936693424646e-02	1.649642e+00	1.667859e+00
5.773002235786722e-02	1.650024e+00	1.652825e+00
5.799999990000000e-02	1.651155e+00	1.608762e+00
5.800000090000000e-02	1.651155e+00	1.608762e+00
5.800065617999994e-02	1.651157e+00	1.608872e+00
5.800262225999975e-02	1.651165e+00	1.609205e+00
5.800524369999951e-02	1.651173e+00	1.609648e+00
5.801048657999903e-02	1.651183e+00	1.610534e+00
5.802097233999805e-02	1.651189e+00	1.612304e+00
5.804194385999611e-02	1.651163e+00	1.615837e+00
5.808142970259660e-02	1.651049e+00	1.622468e+00
5.813936475245599e-02	1.650825e+00	1.632147e+00
5.823001926860217e-02	1.650443e+00	1.647181e+00
5.850000090000000e-02	1.649312e+00	1.691245e+00
5.850000190000000e-02	1.649312e+00	1.691245e+00
5.850065717999994e-02	1.649310e+00	1.691134e+00
5.850262325999975e-02	1.649302e+00	1.690802e+00
5.850524469999951e-02	1.649294e+00	1.690359e+00
5.851048757999903e-02	1.649284e+00	1.689473e+00
5.852097333999805e-02	1.649278e+00	1.687703e+00
5.854194485999611e-02	1.649304e+00	1.684169e+00
5.858143139820200e-02	1.649418e+00	1.677538e+00
5.863936691597151e-02	1.649642e+00	1.667859e+00
5.873002230731976e-02	1.650024e+00	1.652825e+00
5.899999990000000e-02	1.651155e+00	1.608762e+00
5.900000090000000e-02	1.651155e+00	1.608762e+00
5.900065617999994e-02	1.651157e+00	1.608872e+00
5.900262225999976e-02	1.651165e+00	1.609205e+00
5.900524369999952e-02	1.651173e+00	1.609648e+00
5.901048657999903e-02	1.651183e+00	1.610534e+00
5.902097233999806e-02	1.651189e+00	1.612304e+00
5.904194385999612e-02	1.651163e+00	1.615837e+00
5.908142970551040e-02	1.651049e+00	1.622468e+00
5.913936475621077e-02	1.650825e+00	1.632147e+00
5.923001926553741e-02	1.650443e+00	1.647181e+00
5.950000090000000e-02	1.649312e+00	1.691245e+00
5.950000190000000e-02	1.649312e+00	1.691245e+00
5.950065717999994e-02	1.649310e+00	1.691134e+00
5.950262325999976e-02	1.649302e+00	1.690802e+00
5.950524469999952e-02	1.649294e+00	1.690359e+00
5.951048757999903e-02	1.649284e+00	1.689473e+00
5.952097333999806e-02	1.649278e+00	1.687703e+00
5.954194485999612e-02	1.649304e+00	1.684169e+00
5.958143141719544e-02	1.649418e+00	1.677538e+00
5.963936693260007e-02	1.649642e+00	1.667859e+00
5.973002233647029e-02	1.650024e+00	1.652825e+00
5.999999990000000e-02	1.651155e+00	1.608762e+00
6.000000090000000e-02	1.651155e+00	1.608762e+00
6.000065617999994e-02	1.651157e+00	1.608872e+00
6.000262225999976e-02	1.651165e+00	1.609205e+00
6.000524369999952e-02	1.651173e+00	1.609648e+00
6.001048657999903e-02	1.651183e+00	1.610534e+00
6.002097233999806e-02	1.651189e+00	1.612304e+00
6.004194385999612e-02	1.651163e+00	1.615837e+00
6.008142969807302e-02	1.651049e+00	1.622468e+00
6.013936475316184e-02	1.650825e+00	1.632147e+00
6.023001925803828e-02	1.650443e+00	1.647181e+00
6.050000090000000e-02	1.649312e+00	1.691245e+00
6.050000190000000e-02	1.649312e+00	1.691245e+00
6.050065717999994e-02	1.649310e+00	1.691134e+00
6.050262325999976e-02	1.649302e+00	1.690802e+00
6.050524469999952e-02	1.649294e+00	1.690359e+00
6.051048757999903e-02	1.649284e+00	1.689473e+00
6.052097333999806e-02	1.649278e+00	1.687703e+00
6.054194485999612e-02	1.649304e+00	1.684169e+00
6.058143144312640e-02	1.649418e+00	1.677538e+00
6.063936695457316e-02	1.649642e+00	1.667859e+00
6.073002238132538e-02	1.650024e+00	1.652825e+00
6.099999990000000e-02	1.651155e+00	1.608762e+00
6.100000090000000e-02	1.651155e+00	1.608762e+00
6.100065617999994e-02	1.651157e+00	1.608872e+00
6.100262225999976e-02	1.651165e+00	1.609205e+00
6.100524369999952e-02	1.651173e+00	1.609648e+00
6.101048657999903e-02	1.651183e+00	1.610534e+00
6.102097233999806e-02	1.651189e+00	1.612304e+00
6.104194385999611e-02	1.651163e+00	1.615837e+00
6.108142971772627e-02	1.651049e+00	1.622468e+00
6.113936477245011e-02	1.650825e+00	1.632147e+00
6.123001928281838e-02	1.650443e+00	1.647181e+00
6.150000090000000e-02	1.649312e+00	1.691245e+00
6.150000190000000e-02	1.649312e+00	1.691245e+00
6.150065717999994e-02	1.649310e+00	1.691134e+00
6.150262325999976e-02	1.649302e+00	1.690802e+00
6.150524469999952e-02	1.649294e+00	1.690359e+00
6.151048757999903e-02	1.649284e+00	1.689473e+00
6.152097333999806e-02	1.649278e+00	1.687703e+00
6.154194485999611e-02	1.649304e+00	1.684169e+00
6.158143137157802e-02	1.649418e+00	1.677538e+00
6.163936688859339e-02	1.649642e+00	1.667859e+00
6.173002226099067e-02	1.650024e+00	1.652825e+00
6.199999990000000e-02	1.651155e+00	1.608762e+00
6.200000090000000e-02	1.651155e+00	1.608762e+00
6.200065617999994e-02	1.651157e+00	1.608872e+00
6.200262225999976e-02	1.651165e+00	1.609205e+00
6.200524369999951e-02	1.651173e+00	1.609648e+00
6.201048657999903e-02	1.651183e+00	1.610534e+00
6.202097233999806e-02	1.651189e+00	1.612304e+00
6.204194385999611e-02	1.651163e+00	1.615837e+00
6.208142969153684e-02	1.651049e+00	1.622468e+00
6.213936475342609e-02	1.650825e+00	1.632147e+00
6.223001924766829e-02	1.650443e+00	1.647181e+00
6.250000090000001e-02	1.649312e+00	1.691245e+00
6.250000190000000e-02	1.649312e+00	1.691245e+00
6.250065717999993e-02	1.649310e+00	1.691134e+00
6.250262325999975e-02	1.649302e+00	1.690802e+00
6.250524469999952e-02	1.649294e+00	1.690359e+00
6.251048757999902e-02	1.649284e+00	1.689473e+00
6.252097333999805e-02	1.649278e+00	1.687703e+00
6.254194485999612e-02	1.649304e+00	1.684169e+00
6.258143142557021e-02	1.649418e+00	1.677538e+00
6.263936692975655e-02	1.649642e+00	1.667859e+00
6.273002235151141e-02	1.650024e+00	1.652825e+00
6.299999990000001e-02	1.651155e+00	1.608762e+00
6.300000090000001e-02	1.651155e+00	1.608762e+00
6.300065617999993e-02	1.651157e+00	1.608872e+00
6.300262225999975e-02	1.651165e+00	1.609205e+00
6.300524369999952e-02	1.651173e+00	1.609648e+00
6.301048657999903e-02	1.651183e+00	1.610534e+00
6.302097233999805e-02	1.651189e+00	1.612304e+00
6.304194385999612e-02	1.651163e+00	1.615837e+00
6.308142970030460e-02	1.651049e+00	1.622468e+00
6.313936476149692e-02	1.650825e+00	1.632147e+00
6.323001926614841e-02	1.650443e+00	1.647181e+00
6.350000090000001e-02	1.649312e+00	1.691245e+00
6.350000190000001e-02	1.649312e+00	1.691245e+00
6.350065717999993e-02	1.649310e+00	1.691134e+00
6.350262325999975e-02	1.649302e+00	1.690802e+00
6.350524469999952e-02	1.649294e+00	1.690359e+00
6.351048757999903e-02	1.649284e+00	1.689473e+00
6.352097333999805e-02	1.649278e+00	1.687703e+00
6.354194485999612e-02	1.649304e+00	1.684169e+00
6.358143140313971e-02	1.649418e+00	1.677538e+00
6.363936692180189e-02	1.649642e+00	1.667859e+00
6.373002231289135e-02	1.650024e+00	1.652825e+00
6.399999990000001e-02	1.651155e+00	1.608762e+00
6.400000090000001e-02	1.651155e+00	1.608762e+00
6.400065617999980e-02	1.651157e+00	1.608872e+00
6.400262225999918e-02	1.651165e+00	1.609205e+00
6.400524369999838e-02	1.651173e+00	1.609648e+00
6.401048657999675e-02	1.651183e+00	1.610534e+00
6.402097233999351e-02	1.651189e+00	1.612304e+00
6.404194385998702e-02	1.651163e+00	1.615837e+00
6.408142973548411e-02	1.651049e+00	1.622468e+00
6.413936478539002e-02	1.650825e+00	1.632147e+00
6.423001931969657e-02	1.650443e+00	1.647181e+00
6.450000089999999e-02	1.649312e+00	1.691245e+00
6.450000190000001e-02	1.649312e+00	1.691245e+00
6.450065717999993e-02	1.649310e+00	1.691134e+00
6.450262325999975e-02	1.649302e+00	1.690802e+00
6.450524469999952e-02	1.649294e+00	1.690359e+00
6.451048757999903e-02	1.649284e+00	1.689473e+00
6.452097333999805e-02	1.649278e+00	1.687703e+00
6.454194485999611e-02	1.649304e+00	1.684169e+00
6.458143139591982e-02	1.649418e+00	1.677538e+00
6.463936690876232e-02	1.649642e+00	1.667859e+00
6.473002229937219e-02	1.650024e+00	1.652825e+00
6.499999989999999e-02	1.651155e+00	1.608762e+00
6.500000089999999e-02	1.651155e+00	1.608762e+00
6.500065617999994e-02	1.651157e+00	1.608872e+00
6.500262225999975e-02	1.651165e+00	1.609205e+00
6.500524369999952e-02	1.651173e+00	1.609648e+00
6.501048657999903e-02	1.651183e+00	1.610534e+00
6.502097233999805e-02	1.651189e+00	1.612304e+00
6.504194385999611e-02	1.651163e+00	1.615837e+00
6.508142973440958e-02	1.651049e+00	1.622468e+00
6.513936478831396e-02	1.650825e+00	1.632147e+00
6.523001931749009e-02	1.650443e+00	1.647181e+00
6.550000089999999e-02	1.649312e+00	1.691245e+00
6.550000189999999e-02	1.649312e+00	1.691245e+00
6.550065717999994e-02	1.649310e+00	1.691134e+00
6.550262325999975e-02	1.649302e+00	1.690802e+00
6.550524469999952e-02	1.649294e+00	1.690359e+00
6.551048757999903e-02	1.649284e+00	1.689473e+00
6.552097333999805e-02	1.649278e+00	1.687703e+00
6.554194485999611e-02	1.649304e+00	1.684169e+00
6.558143141661855e-02	1.649418e+00	1.677538e+00
6.563936693640268e-02	1.649642e+00	1.667859e+00
6.573002233469399e-02	1.650024e+00	1.652825e+00
6.599999989999999e-02	1.651155e+00	1.608762e+00
6.600000089999999e-02	1.651155e+00	1.608762e+00
6.600065617999994e-02	1.651157e+00	1.608872e+00
6.600262225999975e-02	1.651165e+00	1.609205e+00
6.600524369999951e-02	1.651173e+00	1.609648e+00
6.601048657999903e-02	1.651183e+00	1.610534e+00
6.602097233999805e-02	1.651189e+00	1.612304e+00
6.604194385999611e-02	1.651163e+00	1.615837e+00
6.608142970462086e-02	1.651049e+00	1.622468e+00
6.613936475747258e-02	1.650825e+00	1.632147e+00
6.623001926432789e-02	1.650443e+00	1.647181e+00
6.650000089999999e-02	1.649312e+00	1.691245e+00
6.650000189999999e-02	1.649312e+00	1.691245e+00
6.650065717999994e-02	1.649310e+00	1.691134e+00
6.650262325999975e-02	1.649302e+00	1.690802e+00
6.650524469999951e-02	1.649294e+00	1.690359e+00
6.651048757999903e-02	1.649284e+00	1.689473e+00
6.652097333999805e-02	1.649278e+00	1.687703e+00
6.654194485999611e-02	1.649304e+00	1.684169e+00
6.658143140032574e-02	1.649418e+00	1.677538e+00
6.663936691362450e-02	1.649642e+00	1.667859e+00
6.673002229992794e-02	1.650024e+00	1.652825e+00
6.699999990000000e-02	1.651155e+00	1.608762e+00
6.700000090000000e-02	1.651155e+00	1.608762e+00
6.700065617999994e-02	1.651157e+00	1.608872e+00
6.700262225999976e-02	1.651165e+00	1.609205e+00
6.700524369999951e-02	1.651173e+00	1.609648e+00
6.701048657999903e-02	1.651183e+00	1.610534e+00
6.702097233999806e-02	1.651189e+00	1.612304e+00
6.704194385999611e-02	1.651163e+00	1.615837e+00
6.708142971117551e-02	1.651049e+00	1.622468e+00
6.713936476638528e-02	1.650825e+00	1.632147e+00
6.723001928093011e-02	1.650443e+00	1.647181e+00
6.750000090000000e-02	1.649312e+00	1.691245e+00
6.750000190000000e-02	1.649312e+00	1.691245e+00
6.750065717999994e-02	1.649310e+00	1.691134e+00
6.750262325999976e-02	1.649302e+00	1.690802e+00
6.750524469999951e-02	1.649294e+00	1.690359e+00
6.751048757999903e-02	1.649284e+00	1.689473e+00
6.752097333999806e-02	1.649278e+00	1.687703e+00
6.754194485999611e-02	1.649304e+00	1.684169e+00
6.758143140664559e-02	1.649418e+00	1.677538e+00
6.763936691851992e-02	1.649642e+00	1.667859e+00
6.773002231998743e-02	1.650024e+00	1.652825e+00
6.799999990000000e-02	1.651155e+00	1.608762e+00
6.800000090000000e-02	1.651155e+00	1.608762e+00
6.800065617999994e-02	1.651157e+00	1.608872e+00
6.800262225999976e-02	1.651165e+00	1.609205e+00
6.800524369999951e-02	1.651173e+00	1.609648e+00
6.801048657999903e-02	1.651183e+00	1.610534e+00
6.802097233999806e-02	1.651189e+00	1.612304e+00
6.804194385999611e-02	1.651163e+00	1.615837e+00
6.808142970911721e-02	1.651049e+00	1.622468e+00
6.813936475892299e-02	1.650825e+00	1.632147e+00
6.823001927648573e-02	1.650443e+00	1.647181e+00
6.850000090000000e-02	1.649312e+00	1.691245e+00
6.850000190000000e-02	1.649312e+00	1.691245e+00
6.850065717999994e-02	1.649310e+00	1.691134e+00
6.850262325999976e-02	1.649302e+00	1.690802e+00
6.850524469999951e-02	1.649294e+00	1.690359e+00
6.851048757999903e-02	1.649284e+00	1.689473e+00
6.852097333999806e-02	1.649278e+00	1.687703e+00
6.854194485999611e-02	1.649304e+00	1.684169e+00
6.858143143193010e-02	1.649418e+00	1.677538e+00
6.863936693644644e-02	1.649642e+00	1.667859e+00
6.873002235602245e-02	1.650024e+00	1.652825e+00
6.899999990000000e-02	1.651155e+00	1.608762e+00
6.900000090000000e-02	1.651155e+00	1.608762e+00
6.900065617999994e-02	1.651157e+00	1.608872e+00
6.900262225999976e-02	1.651165e+00	1.609205e+00
6.900524369999951e-02	1.651173e+00	1.609648e+00
6.901048657999903e-02	1.651183e+00	1.610534e+00
6.902097233999806e-02	1.651189e+00	1.612304e+00
6.904194385999611e-02	1.651163e+00	1.615837e+00
6.908142971354371e-02	1.651049e+00	1.622468e+00
6.913936476346734e-02	1.650825e+00	1.632147e+00
6.923001928720218e-02	1.650443e+00	1.647181e+00
6.950000090000000e-02	1.649312e+00	1.691245e+00
6.950000190000000e-02	1.649312e+00	1.691245e+00
6.950065717999994e-02	1.649310e+00	1.691134e+00
6.950262325999976e-02	1.649302e+00	1.690802e+00
6.950524469999951e-02	1.649294e+00	1.690359e+00
6.951048757999903e-02	1.649284e+00	1.689473e+00
6.952097333999806e-02	1.649278e+00	1.687703e+00
6.954194485999611e-02	1.649304e+00	1.684169e+00
6.958143142549507e-02	1.649418e+00	1.677538e+00
6.963936692563570e-02	1.649642e+00	1.667859e+00
6.973002234106247e-02	1.650024e+00	1.652825e+00
6.999999990000000e-02	1.651155e+00	1.608762e+00
7.000000090000000e-02	1.651155e+00	1.608762e+00
7.000065617999994e-02	1.651157e+00	1.608872e+00
7.000262225999976e-02	1.651165e+00	1.609205e+00
7.000524369999951e-02	1.651173e+00	1.609648e+00
7.001048657999903e-02	1.651183e+00	1.610534e+00
7.002097233999806e-02	1.651189e+00	1.612304e+00
7.004194385999611e-02	1.651163e+00	1.615837e+00
7.008142970288443e-02	1.651049e+00	1.622468e+00
7.013936475594491e-02	1.650825e+00	1.632147e+00
7.023001926196146e-02	1.650443e+00	1.647181e+00
7.050000090000000e-02	1.649312e+00	1.691245e+00
7.050000190000000e-02	1.649312e+00	1.691245e+00
7.050065717999994e-02	1.649310e+00	1.691134e+00
7.050262325999976e-02	1.649302e+00	1.690802e+00
7.050524469999951e-02	1.649294e+00	1.690359e+00
7.051048757999903e-02	1.649284e+00	1.689473e+00
7.052097333999806e-02	1.649278e+00	1.687703e+00
7.054194485999611e-02	1.649304e+00	1.684169e+00
7.058143141790400e-02	1.649418e+00	1.677538e+00
7.063936693276840e-02	1.649642e+00	1.667859e+00
7.073002233826821e-02	1.650024e+00	1.652825e+00
7.099999990000000e-02	1.651155e+00	1.608762e+00
7.100000090000000e-02	1.651155e+00	1.608762e+00
7.100065617999994e-02	1.651157e+00	1.608872e+00
7.100262225999976e-02	1.651165e+00	1.609205e+00
7.100524369999951e-02	1.651173e+00	1.609648e+00
7.101048657999903e-02	1.651183e+00	1.610534e+00
7.102097233999806e-02	1.651189e+00	1.612304e+00
7.104194385999611e-02	1.651163e+00	1.615837e+00
7.108142970360871e-02	1.651049e+00	1.622468e+00
7.113936476662178e-02	1.650825e+00	1.632147e+00
7.123001927472253e-02	1.650443e+00	1.647181e+00
7.150000090000000e-02	1.649312e+00	1.691245e+00
7.150000190000000e-02	1.649312e+00	1.691245e+00
7.150065717999994e-02	1.649310e+00	1.691134e+00
7.150262325999976e-02	1.649302e+00	1.690802e+00
7.150524469999951e-02	1.649294e+00	1.690359e+00
7.151048757999903e-02	1.649284e+00	1.689473e+00
7.152097333999806e-02	1.649278e+00	1.687703e+00
7.154194485999611e-02	1.649304e+00	1.684169e+00
7.158143140562750e-02	1.649418e+00	1.677538e+00
7.163936692304773e-02	1.649642e+00	1.667859e+00
7.173002231932291e-02	1.650024e+00	1.652825e+00
7.199999990000000e-02	1.651155e+00	1.608762e+00
7.200000090000000e-02	1.651155e+00	1.608762e+00
7.200065617999994e-02	1.651157e+00	1.608872e+00
7.200262225999976e-02	1.651165e+00	1.609205e+00
7.200524369999951e-02	1.651173e+00	1.609648e+00
7.201048657999903e-02	1.651183e+00	1.610534e+00
7.202097233999806e-02	1.651189e+00	1.612304e+00
7.204194385999611e-02	1.651163e+00	1.615837e+00
7.208142971506609e-02	1.651049e+00	1.622468e+00
7.213936477390157e-02	1.650825e+00	1.632147e+00
7.223001928993587e-02	1.650443e+00	1.647181e+00
7.250000090000000e-02	1.649312e+00	1.691245e+00
7.250000190000000e-02	1.649312e+00	1.691245e+00
7.250065717999994e-02	1.649310e+00	1.691134e+00
7.250262325999976e-02	1.649302e+00	1.690802e+00
7.250524469999951e-02	1.649294e+00	1.690359e+00
7.251048757999903e-02	1.649284e+00	1.689473e+00
7.252097333999806e-02	1.649278e+00	1.687703e+00
7.254194485999611e-02	1.649304e+00	1.684169e+00
7.258143142046120e-02	1.649418e+00	1.677538e+00
7.263936694088233e-02	1.649642e+00	1.667859e+00
7.273002234064116e-02	1.650024e+00	1.652825e+00
7.299999990000000e-02	1.651155e+00	1.608762e+00
7.300000090000000e-02	1.651155e+00	1.608762e+00
7.300000146000001e-02	1.651155e+00	1.608762e+00
7.300065617999994e-02	1.651157e+00	1.608872e+00
7.300262225999976e-02	1.651165e+00	1.609205e+00
7.300524369999951e-02	1.651173e+00	1.609648e+00
7.301048657999903e-02	1.651183e+00	1.610534e+00
7.302097233999806e-02	1.651189e+00	1.612304e+00
7.304194385999611e-02	1.651163e+00	1.615837e+00
7.308142969897920e-02	1.651049e+00	1.622468e+00
7.313936475228175e-02	1.650825e+00	1.632147e+00
7.323001925613433e-02	1.650443e+00	1.647181e+00
7.350000090000000e-02	1.649312e+00	1.691245e+00
7.350000190000000e-02	1.649312e+00	1.691245e+00
7.350065717999994e-02	1.649310e+00	1.691134e+00
7.350262325999976e-02	1.649302e+00	1.690802e+00
7.350524469999951e-02	1.649294e+00	1.690359e+00
7.351048757999903e-02	1.649284e+00	1.689473e+00
7.352097333999806e-02	1.649278e+00	1.687703e+00
7.354194485999611e-02	1.649304e+00	1.684169e+00
7.358143141234748e-02	1.649418e+00	1.677538e+00
7.363936692594070e-02	1.649642e+00	1.667859e+00
7.373002232822956e-02	1.650024e+00	1.652825e+00
7.399999990000000e-02	1.651155e+00	1.608762e+00
7.400000090000000e-02	1.651155e+00	1.608762e+00
7.400065617999979e-02	1.651157e+00	1.608872e+00
7.400262225999919e-02	1.651165e+00	1.609205e+00
7.400524369999838e-02	1.651173e+00	1.609648e+00
7.401048657999676e-02	1.651183e+00	1.610534e+00
7.402097233999351e-02	1.651189e+00	1.612304e+00
7.404194385998701e-02	1.651163e+00	1.615837e+00
7.408142971975845e-02	1.651049e+00	1.622468e+00
7.413936476946204e-02	1.650825e+00	1.632147e+00
7.423001928465087e-02	1.650443e+00	1.647181e+00
7.450000090000000e-02	1.649312e+00	1.691245e+00
7.450000190000000e-02	1.649312e+00	1.691245e+00
7.450065717999994e-02	1.649310e+00	1.691134e+00
7.450262325999976e-02	1.649302e+00	1.690802e+00
7.450524469999951e-02	1.649294e+00	1.690359e+00
7.451048757999902e-02	1.649284e+00	1.689473e+00
7.452097333999806e-02	1.649278e+00	1.687703e+00
7.454194485999611e-02	1.649304e+00	1.684169e+00
7.458143142744453e-02	1.649418e+00	1.677538e+00
7.463936693608063e-02	1.649642e+00	1.667859e+00
7.473002234211873e-02	1.650024e+00	1.652825e+00
7.499999990000000e-02	1.651155e+00	1.608762e+00
7.500000090000000e-02	1.651155e+00	1.608762e+00
7.500065617999994e-02	1.651157e+00	1.608872e+00
7.500262225999976e-02	1.651165e+00	1.609205e+00
7.500524369999952e-02	1.651173e+00	1.609648e+00
7.501048657999902e-02	1.651183e+00	1.610534e+00
7.502097233999806e-02	1.651189e+00	1.612304e+00
7.504194385999612e-02	1.651163e+00	1.615837e+00
7.508142969331712e-02	1.651049e+00	1.622468e+00
7.513936475574347e-02	1.650825e+00	1.632147e+00
7.523001925553383e-02	1.650443e+00	1.647181e+00
7.550000090000000e-02	1.649312e+00	1.691245e+00
7.550000190000000e-02	1.649312e+00	1.691245e+00
7.550065717999994e-02	1.649310e+00	1.691134e+00
7.550262325999976e-02	1.649302e+00	1.690802e+00
7.550524469999952e-02	1.649294e+00	1.690359e+00
7.551048757999902e-02	1.649284e+00	1.689473e+00
7.552097333999806e-02	1.649278e+00	1.687703e+00
7.554194485999612e-02	1.649304e+00	1.684169e+00
7.558143142195778e-02	1.649418e+00	1.677538e+00
7.563936693142038e-02	1.649642e+00	1.667859e+00
7.573002234116288e-02	1.650024e+00	1.652825e+00
7.599999990000000e-02	1.651155e+00	1.608762e+00
7.600000090000000e-02	1.651155e+00	1.608762e+00
7.600065617999995e-02	1.651157e+00	1.608872e+00
7.600262225999976e-02	1.651165e+00	1.609205e+00
7.600524369999952e-02	1.651173e+00	1.609648e+00
7.601048657999902e-02	1.651183e+00	1.610534e+00
7.602097233999805e-02	1.651189e+00	1.612304e+00
7.604194385999612e-02	1.651163e+00	1.615837e+00
7.608142973045351e-02	1.651049e+00	1.622468e+00
7.613936478583554e-02	1.650825e+00	1.632147e+00
7.623001931152930e-02	1.650443e+00	1.647181e+00
7.650000090000000e-02	1.649312e+00	1.691245e+00
7.650000190000000e-02	1.649312e+00	1.691245e+00
7.650065717999995e-02	1.649310e+00	1.691134e+00
7.650262325999976e-02	1.649302e+00	1.690802e+00
7.650524469999952e-02	1.649294e+00	1.690359e+00
7.651048757999902e-02	1.649284e+00	1.689473e+00
7.652097333999805e-02	1.649278e+00	1.687703e+00
7.654194485999612e-02	1.649304e+00	1.684169e+00
7.658143142515440e-02	1.649418e+00	1.677538e+00
7.663936693551548e-02	1.649642e+00	1.667859e+00
7.673002234823696e-02	1.650024e+00	1.652825e+00
7.699999990000000e-02	1.651155e+00	1.608762e+00
7.700000090000000e-02	1.651155e+00	1.608762e+00
7.700065617999993e-02	1.651157e+00	1.608872e+00
7.700262225999975e-02	1.651165e+00	1.609205e+00
7.700524369999952e-02	1.651173e+00	1.609648e+00
7.701048657999902e-02	1.651183e+00	1.610534e+00
7.702097233999805e-02	1.651189e+00	1.612304e+00
7.704194385999612e-02	1.651163e+00	1.615837e+00
7.708142972282693e-02	1.651049e+00	1.622468e+00
7.713936477326219e-02	1.650825e+00	1.632147e+00
7.723001929921842e-02	1.650443e+00	1.647181e+00
7.750000090000000e-02	1.649312e+00	1.691245e+00
7.750000190000000e-02	1.649312e+00	1.691245e+00
7.750065717999993e-02	1.649310e+00	1.691134e+00
7.750262325999975e-02	1.649302e+00	1.690802e+00
7.750524469999952e-02	1.649294e+00	1.690359e+00
7.751048757999902e-02	1.649284e+00	1.689473e+00
7.752097333999805e-02	1.649278e+00	1.687703e+00
7.754194485999612e-02	1.649304e+00	1.684169e+00
7.758143141511546e-02	1.649418e+00	1.677538e+00
7.763936692689799e-02	1.649642e+00	1.667859e+00
7.773002232865267e-02	1.650024e+00	1.652825e+00
7.799999990000001e-02	1.651155e+00	1.608762e+00
7.800000090000000e-02	1.651155e+00	1.608762e+00
7.800065617999993e-02	1.651157e+00	1.608872e+00
7.800262225999975e-02	1.651165e+00	1.609205e+00
7.800524369999952e-02	1.651173e+00	1.609648e+00
7.801048657999902e-02	1.651183e+00	1.610534e+00
7.802097233999805e-02	1.651189e+00	1.612304e+00
7.804194385999612e-02	1.651163e+00	1.615837e+00
7.808142973249059e-02	1.651049e+00	1.622468e+00
7.813936477328445e-02	1.650825e+00	1.632147e+00
7.823001931393180e-02	1.650443e+00	1.647181e+00
7.850000090000001e-02	1.649312e+00	1.691245e+00
7.850000190000000e-02	1.649312e+00	1.691245e+00
7.850065717999993e-02	1.649310e+00	1.691134e+00
7.850262325999975e-02	1.649302e+00	1.690802e+00
7.850524469999952e-02	1.649294e+00	1.690359e+00
7.851048757999902e-02	1.649284e+00	1.689473e+00
7.852097333999805e-02	1.649278e+00	1.687703e+00
7.854194485999612e-02	1.649304e+00	1.684169e+00
7.858143141264633e-02	1.649418e+00	1.677538e+00
7.863936692431109e-02	1.649642e+00	1.667859e+00
7.873002232488203e-02	1.650024e+00	1.652825e+00
7.899999990000001e-02	1.651155e+00	1.608762e+00
7.900000090000001e-02	1.651155e+00	1.608762e+00
7.900065617999993e-02	1.651157e+00	1.608872e+00
7.900262225999975e-02	1.651165e+00	1.609205e+00
7.900524369999952e-02	1.651173e+00	1.609648e+00
7.901048657999903e-02	1.651183e+00	1.610534e+00
7.902097233999805e-02	1.651189e+00	1.612304e+00
7.904194385999612e-02	1.651163e+00	1.615837e+00
7.908142969740387e-02	1.651049e+00	1.622468e+00
7.913936475645912e-02	1.650825e+00	1.632147e+00
7.923001926137926e-02	1.650443e+00	1.647181e+00
7.950000090000001e-02	1.649312e+00	1.691245e+00
7.950000190000001e-02	1.649312e+00	1.691245e+00
7.950065717999993e-02	1.649310e+00	1.691134e+00
7.950262325999975e-02	1.649302e+00	1.690802e+00
7.950524469999952e-02	1.649294e+00	1.690359e+00
7.951048757999903e-02	1.649284e+00	1.689473e+00
7.952097333999805e-02	1.649278e+00	1.687703e+00
7.954194485999612e-02	1.649304e+00	1.684169e+00
7.958143143457140e-02	1.649418e+00	1.677538e+00
7.963936694701432e-02	1.649642e+00	1.667859e+00
7.973002236728821e-02	1.650024e+00	1.652825e+00
7.999999989999999e-02	1.651155e+00	1.608762e+00
8.000000090000001e-02	1.651155e+00	1.608762e+00
8.000065617999993e-02	1.651157e+00	1.608872e+00
8.000262225999975e-02	1.651165e+00	1.609205e+00
8.000524369999952e-02	1.651173e+00	1.609648e+00
8.001048657999903e-02	1.651183e+00	1.610534e+00
8.002097233999805e-02	1.651189e+00	1.612304e+00
8.004194385999611e-02	1.651163e+00	1.615837e+00
8.008142973125208e-02	1.651049e+00	1.622468e+00
8.013936478175407e-02	1.650825e+00	1.632147e+00
8.023001931795778e-02	1.650443e+00	1.647181e+00
8.050000089999999e-02	1.649312e+00	1.691245e+00
8.050000190000001e-02	1.649312e+00	1.691245e+00
8.050065717999993e-02	1.649310e+00	1.691134e+00
8.050262325999975e-02	1.649302e+00	1.690802e+00
8.050524469999952e-02	1.649294e+00	1.690359e+00
8.051048757999903e-02	1.649284e+00	1.689473e+00
8.052097333999805e-02	1.649278e+00	1.687703e+00
8.054194485999611e-02	1.649304e+00	1.684169e+00
8.058143141515092e-02	1.649418e+00	1.677538e+00
8.063936692656927e-02	1.649642e+00	1.667859e+00
8.073002232869907e-02	1.650024e+00	1.652825e+00
8.099999989999999e-02	1.651155e+00	1.608762e+00
8.100000089999999e-02	1.651155e+00	1.608762e+00
8.100065617999994e-02	1.651157e+00	1.608872e+00
8.100262225999975e-02	1.651165e+00	1.609205e+00
8.100524369999951e-02	1.651173e+00	1.609648e+00
8.101048657999903e-02	1.651183e+00	1.610534e+00
8.102097233999805e-02	1.651189e+00	1.612304e+00
8.104194385999611e-02	1.651163e+00	1.615837e+00
8.108142970030133e-02	1.651049e+00	1.622468e+00
8.113936475342359e-02	1.650825e+00	1.632147e+00
8.123001926143013e-02	1.650443e+00	1.647181e+00
8.150000089999999e-02	1.649312e+00	1.691245e+00
8.150000189999999e-02	1.649312e+00	1.691245e+00
8.150065717999994e-02	1.649310e+00	1.691134e+00
8.150262325999975e-02	1.649302e+00	1.690802e+00
8.150524469999951e-02	1.649294e+00	1.690359e+00
8.151048757999903e-02	1.649284e+00	1.689473e+00
8.152097333999805e-02	1.649278e+00	1.687703e+00
8.154194485999611e-02	1.649304e+00	1.684169e+00
8.158143138496882e-02	1.649418e+00	1.677538e+00
8.163936690643635e-02	1.649642e+00	1.667859e+00
8.173002228403882e-02	1.650024e+00	1.652825e+00
8.199999990000000e-02	1.651155e+00	1.608762e+00
8.200000089999999e-02	1.651155e+00	1.608762e+00
8.200065617999994e-02	1.651157e+00	1.608872e+00
8.200262225999976e-02	1.651165e+00	1.609205e+00
8.200524369999951e-02	1.651173e+00	1.609648e+00
8.201048657999903e-02	1.651183e+00	1.610534e+00
8.202097233999806e-02	1.651189e+00	1.612304e+00
8.204194385999611e-02	1.651163e+00	1.615837e+00
8.208142967838958e-02	1.651049e+00	1.622468e+00
8.213936474504768e-02	1.650825e+00	1.632147e+00
8.223001922212156e-02	1.650443e+00	1.647181e+00
8.250000090000000e-02	1.649312e+00	1.691245e+00
8.250000189999999e-02	1.649312e+00	1.691245e+00
8.250065717999994e-02	1.649310e+00	1.691134e+00
8.250262325999975e-02	1.649302e+00	1.690802e+00
8.250524469999951e-02	1.649294e+00	1.690359e+00
8.251048757999903e-02	1.649284e+00	1.689473e+00
8.252097333999805e-02	1.649278e+00	1.687703e+00
8.254194485999611e-02	1.649304e+00	1.684169e+00
8.258143139731292e-02	1.649418e+00	1.677538e+00
8.263936691208708e-02	1.649642e+00	1.667859e+00
8.273002230291657e-02	1.650024e+00	1.652825e+00
8.299999990000000e-02	1.651155e+00	1.608762e+00
8.300000090000000e-02	1.651155e+00	1.608762e+00
8.300065617999994e-02	1.651157e+00	1.608872e+00
8.300262225999976e-02	1.651165e+00	1.609205e+00
8.300524369999951e-02	1.651173e+00	1.609648e+00
8.301048657999903e-02	1.651183e+00	1.610534e+00
8.302097233999806e-02	1.651189e+00	1.612304e+00
8.304194385999611e-02	1.651163e+00	1.615837e+00
8.308142971716322e-02	1.651049e+00	1.622468e+00
8.313936477251917e-02	1.650825e+00	1.632147e+00
8.323001929042111e-02	1.650443e+00	1.647181e+00
8.350000090000000e-02	1.649312e+00	1.691245e+00
8.350000190000000e-02	1.649312e+00	1.691245e+00
8.350065717999994e-02	1.649310e+00	1.691134e+00
8.350262325999976e-02	1.649302e+00	1.690802e+00
8.350524469999951e-02	1.649294e+00	1.690359e+00
8.351048757999903e-02	1.649284e+00	1.689473e+00
8.352097333999806e-02	1.649278e+00	1.687703e+00
8.354194485999611e-02	1.649304e+00	1.684169e+00
8.358143139720428e-02	1.649418e+00	1.677538e+00
8.363936691375458e-02	1.649642e+00	1.667859e+00
8.373002230405109e-02	1.650024e+00	1.652825e+00
8.399999990000000e-02	1.651155e+00	1.608762e+00
8.400000090000000e-02	1.651155e+00	1.608762e+00
8.400065617999994e-02	1.651157e+00	1.608872e+00
8.400262225999976e-02	1.651165e+00	1.609205e+00
8.400524369999951e-02	1.651173e+00	1.609648e+00
8.401048657999903e-02	1.651183e+00	1.610534e+00
8.402097233999806e-02	1.651189e+00	1.612304e+00
8.404194385999611e-02	1.651163e+00	1.615837e+00
8.408142972578470e-02	1.651049e+00	1.622468e+00
8.413936477194352e-02	1.650825e+00	1.632147e+00
8.423001929954822e-02	1.650443e+00	1.647181e+00
8.450000090000000e-02	1.649312e+00	1.691245e+00
8.450000190000000e-02	1.649312e+00	1.691245e+00
8.450065717999994e-02	1.649310e+00	1.691134e+00
8.450262325999976e-02	1.649302e+00	1.690802e+00
8.450524469999951e-02	1.649294e+00	1.690359e+00
8.451048757999903e-02	1.649284e+00	1.689473e+00
8.452097333999806e-02	1.649278e+00	1.687703e+00
8.454194485999611e-02	1.649304e+00	1.684169e+00
8.458143141573050e-02	1.649418e+00	1.677538e+00
8.463936692201506e-02	1.649642e+00	1.667859e+00
8.473002232931354e-02	1.650024e+00	1.652825e+00
8.499999990000000e-02	1.651155e+00	1.608762e+00
8.500000090000000e-02	1.651155e+00	1.608762e+00
8.500065617999980e-02	1.651157e+00	1.608872e+00
8.500262225999919e-02	1.651165e+00	1.609205e+00
8.500524369999837e-02	1.651173e+00	1.609648e+00
8.501048657999676e-02	1.651183e+00	1.610534e+00
8.502097233999351e-02	1.651189e+00	1.612304e+00
8.504194385998702e-02	1.651163e+00	1.615837e+00
8.508142972449204e-02	1.651049e+00	1.622468e+00
8.513936478033200e-02	1.650825e+00	1.632147e+00
8.523001930033584e-02	1.650443e+00	1.647181e+00
8.550000090000000e-02	1.649312e+00	1.691245e+00
8.550000190000000e-02	1.649312e+00	1.691245e+00
8.550065717999994e-02	1.649310e+00	1.691134e+00
8.550262325999976e-02	1.649302e+00	1.690802e+00
8.550524469999951e-02	1.649294e+00	1.690359e+00
8.551048757999903e-02	1.649284e+00	1.689473e+00
8.552097333999806e-02	1.649278e+00	1.687703e+00
8.554194485999611e-02	1.649304e+00	1.684169e+00
8.558143140441180e-02	1.649418e+00	1.677538e+00
8.563936692455203e-02	1.649642e+00	1.667859e+00
8.573002231426376e-02	1.650024e+00	1.652825e+00
8.599999990000000e-02	1.651155e+00	1.608762e+00
8.600000090000000e-02	1.651155e+00	1.608762e+00
8.600065617999994e-02	1.651157e+00	1.608872e+00
8.600262225999976e-02	1.651165e+00	1.609205e+00
8.600524369999951e-02	1.651173e+00	1.609648e+00
8.601048657999903e-02	1.651183e+00	1.610534e+00
8.602097233999806e-02	1.651189e+00	1.612304e+00
8.604194385999611e-02	1.651163e+00	1.615837e+00
8.608142972628324e-02	1.651049e+00	1.622468e+00
8.613936477154663e-02	1.650825e+00	1.632147e+00
8.623001930541434e-02	1.650443e+00	1.647181e+00
8.650000090000000e-02	1.649312e+00	1.691245e+00
8.650000190000000e-02	1.649312e+00	1.691245e+00
8.650065717999994e-02	1.649310e+00	1.691134e+00
8.650262325999976e-02	1.649302e+00	1.690802e+00
8.650524469999951e-02	1.649294e+00	1.690359e+00
8.651048757999903e-02	1.649284e+00	1.689473e+00
8.652097333999806e-02	1.649278e+00	1.687703e+00
8.654194485999611e-02	1.649304e+00	1.684169e+00
8.658143139372367e-02	1.649418e+00	1.677538e+00
8.663936690613108e-02	1.649642e+00	1.667859e+00
8.673002228916418e-02	1.650024e+00	1.652825e+00
8.699999990000000e-02	1.651155e+00	1.608762e+00
8.700000090000000e-02	1.651155e+00	1.608762e+00
8.700065617999994e-02	1.651157e+00	1.608872e+00
8.700262225999976e-02	1.651165e+00	1.609205e+00
8.700524369999951e-02	1.651173e+00	1.609648e+00
8.701048657999903e-02	1.651183e+00	1.610534e+00
8.702097233999806e-02	1.651189e+00	1.612304e+00
8.704194385999611e-02	1.651163e+00	1.615837e+00
8.708142969272131e-02	1.651049e+00	1.622468e+00
8.713936475370268e-02	1.650825e+00	1.632147e+00
8.723001925433989e-02	1.650443e+00	1.647181e+00
8.750000090000000e-02	1.649312e+00	1.691245e+00
8.750000190000000e-02	1.649312e+00	1.691245e+00
8.750065717999994e-02	1.649310e+00	1.691134e+00
8.750262325999976e-02	1.649302e+00	1.690802e+00
8.750524469999951e-02	1.649294e+00	1.690359e+00
8.751048757999903e-02	1.649284e+00	1.689473e+00
8.752097333999806e-02	1.649278e+00	1.687703e+00
8.754194485999611e-02	1.649304e+00	1.684169e+00
8.758143139048144e-02	1.649418e+00	1.677538e+00
8.763936691368383e-02	1.649642e+00	1.667859e+00
8.773002229042326e-02	1.650024e+00	1.652825e+00
8.799999990000000e-02	1.651155e+00	1.608762e+00
8.800000090000000e-02	1.651155e+00	1.608762e+00
8.800065617999994e-02	1.651157e+00	1.608872e+00
8.800262225999976e-02	1.651165e+00	1.609205e+00
8.800524369999951e-02	1.651173e+00	1.609648e+00
8.801048657999903e-02	1.651183e+00	1.610534e+00
8.802097233999806e-02	1.651189e+00	1.612304e+00
8.804194385999611e-02	1.651163e+00	1.615837e+00
8.808142970330879e-02	1.651049e+00	1.622468e+00
8.813936475350471e-02	1.650825e+00	1.632147e+00
8.823001926614331e-02	1.650443e+00	1.647181e+00
8.850000090000000e-02	1.649312e+00	1.691245e+00
8.850000190000000e-02	1.649312e+00	1.691245e+00
8.850065717999994e-02	1.649310e+00	1.691134e+00
8.850262325999976e-02	1.649302e+00	1.690802e+00
8.850524469999951e-02	1.649294e+00	1.690359e+00
8.851048757999903e-02	1.649284e+00	1.689473e+00
8.852097333999806e-02	1.649278e+00	1.687703e+00
8.854194485999611e-02	1.649304e+00	1.684169e+00
8.858143142131007e-02	1.649418e+00	1.677538e+00
8.863936693522544e-02	1.649642e+00	1.667859e+00
8.873002234080528e-02	1.650024e+00	1.652825e+00
8.899999990000000e-02	1.651155e+00	1.608762e+00
8.900000090000000e-02	1.651155e+00	1.608762e+00
8.900065617999994e-02	1.651157e+00	1.608872e+00
8.900262225999976e-02	1.651165e+00	1.609205e+00
8.900524369999951e-02	1.651173e+00	1.609648e+00
8.901048657999903e-02	1.651183e+00	1.610534e+00
8.902097233999806e-02	1.651189e+00	1.612304e+00
8.904194385999611e-02	1.651163e+00	1.615837e+00
8.908142973146277e-02	1.651049e+00	1.622468e+00
8.913936477640866e-02	1.650825e+00	1.632147e+00
8.923001930926801e-02	1.650443e+00	1.647181e+00
8.950000090000000e-02	1.649312e+00	1.691245e+00
8.950000190000000e-02	1.649312e+00	1.691245e+00
8.950065717999994e-02	1.649310e+00	1.691134e+00
8.950262325999976e-02	1.649302e+00	1.690802e+00
8.950524469999951e-02	1.649294e+00	1.690359e+00
8.951048757999903e-02	1.649284e+00	1.689473e+00
8.952097333999806e-02	1.649278e+00	1.687703e+00
8.954194485999611e-02	1.649304e+00	1.684169e+00
8.958143141776385e-02	1.649418e+00	1.677538e+00
8.963936693576305e-02	1.649642e+00	1.667859e+00
8.973002234115457e-02	1.650024e+00	1.652825e+00
8.999999990000000e-02	1.651155e+00	1.608762e+00
9.000000090000000e-02	1.651155e+00	1.608762e+00
9.000065617999994e-02	1.651157e+00	1.608872e+00
9.000262225999976e-02	1.651165e+00	1.609205e+00
9.000524369999952e-02	1.651173e+00	1.609648e+00
9.001048657999902e-02	1.651183e+00	1.610534e+00
9.002097233999806e-02	1.651189e+00	1.612304e+00
9.004194385999612e-02	1.651163e+00	1.615837e+00
9.008142969495700e-02	1.651049e+00	1.622468e+00
9.013936474403289e-02	1.650825e+00	1.632147e+00
9.023001924626491e-02	1.650443e+00	1.647181e+00
9.050000090000000e-02	1.649312e+00	1.691245e+00
9.050000190000000e-02	1.649312e+00	1.691245e+00
9.050065717999994e-02	1.649310e+00	1.691134e+00
9.050262325999976e-02	1.649302e+00	1.690802e+00
9.050524469999952e-02	1.649294e+00	1.690359e+00
9.051048757999902e-02	1.649284e+00	1.689473e+00
9.052097333999806e-02	1.649278e+00	1.687703e+00
9.054194485999612e-02	1.649304e+00	1.684169e+00
9.058143140261651e-02	1.649418e+00	1.677538e+00
9.063936691884353e-02	1.649642e+00	1.667859e+00
9.073002230911138e-02	1.650024e+00	1.652825e+00
9.099999990000000e-02	1.651155e+00	1.608762e+00
9.100000090000000e-02	1.651155e+00	1.608762e+00
9.100065617999994e-02	1.651157e+00	1.608872e+00
9.100262225999976e-02	1.651165e+00	1.609205e+00
9.100524369999952e-02	1.651173e+00	1.609648e+00
9.101048657999902e-02	1.651183e+00	1.610534e+00
9.102097233999806e-02	1.651189e+00	1.612304e+00
9.104194385999612e-02	1.651163e+00	1.615837e+00
9.108142971214435e-02	1.651049e+00	1.622468e+00
9.113936476978898e-02	1.650825e+00	1.632147e+00
9.123001928324155e-02	1.650443e+00	1.647181e+00
9.150000090000000e-02	1.649312e+00	1.691245e+00
9.150000190000000e-02	1.649312e+00	1.691245e+00
9.150065717999994e-02	1.649310e+00	1.691134e+00
9.150262325999976e-02	1.649302e+00	1.690802e+00
9.150524469999952e-02	1.649294e+00	1.690359e+00
9.151048757999902e-02	1.649284e+00	1.689473e+00
9.152097333999806e-02	1.649278e+00	1.687703e+00
9.154194485999612e-02	1.649304e+00	1.684169e+00
9.158143142085630e-02	1.649418e+00	1.677538e+00
9.163936692514087e-02	1.649642e+00	1.667859e+00
9.173002233771389e-02	1.650024e+00	1.652825e+00
9.199999990000000e-02	1.651155e+00	1.608762e+00
9.200000090000000e-02	1.651155e+00	1.608762e+00
9.200065617999995e-02	1.651157e+00	1.608872e+00
9.200262225999975e-02	1.651165e+00	1.609205e+00
9.200524369999952e-02	1.651173e+00	1.609648e+00
9.201048657999902e-02	1.651183e+00	1.610534e+00
9.202097233999805e-02	1.651189e+00	1.612304e+00
9.204194385999612e-02	1.651163e+00	1.615837e+00
9.208142970928213e-02	1.651049e+00	1.622468e+00
9.213936477361473e-02	1.650825e+00	1.632147e+00
9.223001927962797e-02	1.650443e+00	1.647181e+00
9.250000090000000e-02	1.649312e+00	1.691245e+00
9.250000190000000e-02	1.649312e+00	1.691245e+00
9.250065717999995e-02	1.649310e+00	1.691134e+00
9.250262325999975e-02	1.649302e+00	1.690802e+00
9.250524469999952e-02	1.649294e+00	1.690359e+00
9.251048757999902e-02	1.649284e+00	1.689473e+00
9.252097333999805e-02	1.649278e+00	1.687703e+00
9.254194485999612e-02	1.649304e+00	1.684169e+00
9.258143142926137e-02	1.649418e+00	1.677538e+00
9.263936693900236e-02	1.649642e+00	1.667859e+00
9.273002235593264e-02	1.650024e+00	1.652825e+00
9.299999990000000e-02	1.651155e+00	1.608762e+00
9.300000090000000e-02	1.651155e+00	1.608762e+00
9.300065617999993e-02	1.651157e+00	1.608872e+00
9.300262225999975e-02	1.651165e+00	1.609205e+00
9.300524369999952e-02	1.651173e+00	1.609648e+00
9.301048657999902e-02	1.651183e+00	1.610534e+00
9.302097233999805e-02	1.651189e+00	1.612304e+00
9.304194385999612e-02	1.651163e+00	1.615837e+00
9.308142970373187e-02	1.651049e+00	1.622468e+00
9.313936475279065e-02	1.650825e+00	1.632147e+00
9.323001926198063e-02	1.650443e+00	1.647181e+00
9.350000090000000e-02	1.649312e+00	1.691245e+00
9.350000190000000e-02	1.649312e+00	1.691245e+00
9.350065717999993e-02	1.649310e+00	1.691134e+00
9.350262325999975e-02	1.649302e+00	1.690802e+00
9.350524469999952e-02	1.649294e+00	1.690359e+00
9.351048757999902e-02	1.649284e+00	1.689473e+00
9.352097333999805e-02	1.649278e+00	1.687703e+00
9.354194485999612e-02	1.649304e+00	1.684169e+00
9.358143141644393e-02	1.649418e+00	1.677538e+00
9.363936693246590e-02	1.649642e+00	1.667859e+00
9.373002233421179e-02	1.650024e+00	1.652825e+00
9.399999990000001e-02	1.651155e+00	1.608762e+00
9.400000090000001e-02	1.651155e+00	1.608762e+00
9.400065617999993e-02	1.651157e+00	1.608872e+00
9.400262225999975e-02	1.651165e+00	1.609205e+00
9.400524369999952e-02	1.651173e+00	1.609648e+00
9.401048657999903e-02	1.651183e+00	1.610534e+00
9.402097233999805e-02	1.651189e+00	1.612304e+00
9.404194385999612e-02	1.651163e+00	1.615837e+00
9.408142972118483e-02	1.651049e+00	1.622468e+00
9.413936477536587e-02	1.650825e+00	1.632147e+00
9.423001929898994e-02	1.650443e+00	1.647181e+00
9.450000090000001e-02	1.649312e+00	1.691245e+00
9.450000190000001e-02	1.649312e+00	1.691245e+00
9.450065717999993e-02	1.649310e+00	1.691134e+00
9.450262325999975e-02	1.649302e+00	1.690802e+00
9.450524469999952e-02	1.649294e+00	1.690359e+00
9.451048757999903e-02	1.649284e+00	1.689473e+00
9.452097333999805e-02	1.649278e+00	1.687703e+00
9.454194485999612e-02	1.649304e+00	1.684169e+00
9.458143140380396e-02	1.649418e+00	1.677538e+00
9.463936691688110e-02	1.649642e+00	1.667859e+00
9.473002231078063e-02	1.650024e+00	1.652825e+00
9.499999990000001e-02	1.651155e+00	1.608762e+00
9.500000090000001e-02	1.651155e+00	1.608762e+00
9.500065617999980e-02	1.651157e+00	1.608872e+00
9.500262225999918e-02	1.651165e+00	1.609205e+00
9.500524369999838e-02	1.651173e+00	1.609648e+00
9.501048657999675e-02	1.651183e+00	1.610534e+00
9.502097233999351e-02	1.651189e+00	1.612304e+00
9.504194385998702e-02	1.651163e+00	1.615837e+00
9.508142972776129e-02	1.651049e+00	1.622468e+00
9.513936478043626e-02	1.650825e+00	1.632147e+00
9.523001930624829e-02	1.650443e+00	1.647181e+00
9.550000090000001e-02	1.649312e+00	1.691245e+00
9.550000190000001e-02	1.649312e+00	1.691245e+00
9.550065717999993e-02	1.649310e+00	1.691134e+00
9.550262325999975e-02	1.649302e+00	1.690802e+00
9.550524469999952e-02	1.649294e+00	1.690359e+00
9.551048757999903e-02	1.649284e+00	1.689473e+00
9.552097333999805e-02	1.649278e+00	1.687703e+00
9.554194485999612e-02	1.649304e+00	1.684169e+00
9.558143141934425e-02	1.649418e+00	1.677538e+00
9.563936692640136e-02	1.649642e+00	1.667859e+00
9.573002233678075e-02	1.650024e+00	1.652825e+00
9.599999989999999e-02	1.651155e+00	1.608762e+00
9.600000089999999e-02	1.651155e+00	1.608762e+00
9.600065617999994e-02	1.651157e+00	1.608872e+00
9.600262225999975e-02	1.651165e+00	1.609205e+00
9.600524369999952e-02	1.651173e+00	1.609648e+00
9.601048657999903e-02	1.651183e+00	1.610534e+00
9.602097233999805e-02	1.651189e+00	1.612304e+00
9.604194385999611e-02	1.651163e+00	1.615837e+00
9.608142967668171e-02	1.651049e+00	1.622468e+00
9.613936473919893e-02	1.650825e+00	1.632147e+00
9.623001922381236e-02	1.650443e+00	1.647181e+00
9.650000089999999e-02	1.649312e+00	1.691245e+00
9.650000189999999e-02	1.649312e+00	1.691245e+00
9.650065717999994e-02	1.649310e+00	1.691134e+00
9.650262325999975e-02	1.649302e+00	1.690802e+00
9.650524469999952e-02	1.649294e+00	1.690359e+00
9.651048757999903e-02	1.649284e+00	1.689473e+00
9.652097333999805e-02	1.649278e+00	1.687703e+00
9.654194485999611e-02	1.649304e+00	1.684169e+00
9.658143141878277e-02	1.649418e+00	1.677538e+00
9.663936693238459e-02	1.649642e+00	1.667859e+00
9.673002234135633e-02	1.650024e+00	1.652825e+00
9.699999989999999e-02	1.651155e+00	1.608762e+00
9.700000089999999e-02	1.651155e+00	1.608762e+00
9.700065617999994e-02	1.651157e+00	1.608872e+00
9.700262225999975e-02	1.651165e+00	1.609205e+00
9.700524369999951e-02	1.651173e+00	1.609648e+00
9.701048657999903e-02	1.651183e+00	1.610534e+00
9.702097233999805e-02	1.651189e+00	1.612304e+00
9.704194385999611e-02	1.651163e+00	1.615837e+00
9.708142972917617e-02	1.651049e+00	1.622468e+00
9.713936477483606e-02	1.650825e+00	1.632147e+00
9.723001930715285e-02	1.650443e+00	1.647181e+00
9.750000089999999e-02	1.649312e+00	1.691245e+00
9.750000189999999e-02	1.649312e+00	1.691245e+00
9.750065717999994e-02	1.649310e+00	1.691134e+00
9.750262325999975e-02	1.649302e+00	1.690802e+00
9.750524469999951e-02	1.649294e+00	1.690359e+00
9.751048757999903e-02	1.649284e+00	1.689473e+00
9.752097333999805e-02	1.649278e+00	1.687703e+00
9.754194485999611e-02	1.649304e+00	1.684169e+00
9.758143143982012e-02	1.649418e+00	1.677538e+00
9.763936694409101e-02	1.649642e+00	1.667859e+00
9.773002237264984e-02	1.650024e+00	1.652825e+00
9.799999990000000e-02	1.651155e+00	1.608762e+00
9.800000089999999e-02	1.651155e+00	1.608762e+00
9.800065617999994e-02	1.651157e+00	1.608872e+00
9.800262225999976e-02	1.651165e+00	1.609205e+00
9.800524369999951e-02	1.651173e+00	1.609648e+00
9.801048657999903e-02	1.651183e+00	1.610534e+00
9.802097233999806e-02	1.651189e+00	1.612304e+00
9.804194385999611e-02	1.651163e+00	1.615837e+00
9.808142971870493e-02	1.651049e+00	1.622468e+00
9.813936476785574e-02	1.650825e+00	1.632147e+00
9.823001929241112e-02	1.650443e+00	1.647181e+00
9.850000090000000e-02	1.649312e+00	1.691245e+00
9.850000189999999e-02	1.649312e+00	1.691245e+00
9.850065717999994e-02	1.649310e+00	1.691134e+00
9.850262325999976e-02	1.649302e+00	1.690802e+00
9.850524469999951e-02	1.649294e+00	1.690359e+00
9.851048757999903e-02	1.649284e+00	1.689473e+00
9.852097333999806e-02	1.649278e+00	1.687703e+00
9.854194485999611e-02	1.649304e+00	1.684169e+00
9.858143140045317e-02	1.649418e+00	1.677538e+00
9.863936691318353e-02	1.649642e+00	1.667859e+00
9.873002230556671e-02	1.650024e+00	1.652825e+00
9.899999990000000e-02	1.651155e+00	1.608762e+00
9.900000090000000e-02	1.651155e+00	1.608762e+00
9.900065617999994e-02	1.651157e+00	1.608872e+00
9.900262225999976e-02	1.651165e+00	1.609205e+00
9.900524369999951e-02	1.651173e+00	1.609648e+00
9.901048657999903e-02	1.651183e+00	1.610534e+00
9.902097233999806e-02	1.651189e+00	1.612304e+00
9.904194385999611e-02	1.651163e+00	1.615837e+00
9.908142971868888e-02	1.651049e+00	1.622468e+00
9.913936476580960e-02	1.650825e+00	1.632147e+00
9.923001928729204e-02	1.650443e+00	1.647181e+00
9.950000090000000e-02	1.649312e+00	1.691245e+00
9.950000190000000e-02	1.649312e+00	1.691245e+00
9.950065717999994e-02	1.649310e+00	1.691134e+00
9.950262325999976e-02	1.649302e+00	1.690802e+00
9.950524469999951e-02	1.649294e+00	1.690359e+00
9.951048757999903e-02	1.649284e+00	1.689473e+00
9.952097333999806e-02	1.649278e+00	1.687703e+00
9.954194485999611e-02	1.649304e+00	1.684169e+00
9.958143144033993e-02	1.649418e+00	1.677538e+00
9.963936694935108e-02	1.649642e+00	1.667859e+00
9.973002237533350e-02	1.650024e+00	1.652825e+00
9.983533434336860e-02	1.650468e+00	1.635542e+00
9.999999990000000e-02	1.651155e+00	1.608762e+00