0.000000000000000e+00	1.651250e+00	1.608758e+00
9.000000000900649e-10	1.651250e+00	1.608758e+00
3.285000000053349e-07	1.651251e+00	1.608813e+00
6.561800000104770e-07	1.651252e+00	1.608869e+00
1.311540000020761e-06	1.651255e+00	1.608979e+00
2.622260000041329e-06	1.651258e+00	1.609201e+00
4.948669945981782e-06	1.651261e+00	1.609594e+00
8.720118346666056e-06	1.651261e+00	1.610232e+00
1.626301514803460e-05	1.651247e+00	1.611506e+00
2.453412666906705e-05	1.651221e+00	1.612902e+00
3.641611949323892e-05	1.651174e+00	1.614905e+00
5.048177450413097e-05	1.651115e+00	1.617273e+00
7.505416253835015e-05	1.651009e+00	1.621400e+00
5.000009000000001e-04	1.649218e+00	1.691242e+00
5.000019000000000e-04	1.649218e+00	1.691242e+00
5.003294999999697e-04	1.649216e+00	1.691186e+00
5.006571799999393e-04	1.649215e+00	1.691131e+00
5.013125399998784e-04	1.649213e+00	1.691020e+00
5.026232599997570e-04	1.649209e+00	1.690798e+00
5.045220385607142e-04	1.649206e+00	1.690477e+00
5.077428377778343e-04	1.649206e+00	1.689933e+00
5.141844362120747e-04	1.649215e+00	1.688845e+00
5.214775022472796e-04	1.649236e+00	1.687614e+00
5.322316445370559e-04	1.649276e+00	1.685800e+00
5.449148856044182e-04	1.649329e+00	1.683663e+00
5.656135812507753e-04	1.649418e+00	1.680184e+00
9.999999000000000e-04	1.651250e+00	1.608758e+00
1.000000900000000e-03	1.651250e+00	1.608758e+00
1.000328500000041e-03	1.651251e+00	1.608813e+00
1.000656180000081e-03	1.651252e+00	1.608869e+00
1.001311540000163e-03	1.651255e+00	1.608980e+00
1.002622260000326e-03	1.651258e+00	1.609201e+00
1.004948666276345e-03	1.651261e+00	1.609594e+00
1.008720112190255e-03	1.651261e+00	1.610232e+00
1.016263004018075e-03	1.651247e+00	1.611506e+00
1.024534105096672e-03	1.651221e+00	1.612902e+00
1.036416075408266e-03	1.651174e+00	1.614905e+00
1.050481722151005e-03	1.651115e+00	1.617273e+00
1.075054062447050e-03	1.651009e+00	1.621400e+00
1.500000900000000e-03	1.649218e+00	1.691242e+00
1.500001900000000e-03	1.649218e+00	1.691242e+00
1.500329499999970e-03	1.649216e+00	1.691186e+00
1.500657179999939e-03	1.649215e+00	1.691131e+00
1.501312539999878e-03	1.649213e+00	1.691020e+00
1.502623259999757e-03	1.649209e+00	1.690799e+00
1.504522042500545e-03	1.649206e+00	1.690477e+00
1.507742840061992e-03	1.649206e+00	1.689933e+00
1.514184435184888e-03	1.649215e+00	1.688845e+00
1.521477499389103e-03	1.649236e+00	1.687614e+00
1.532231643811189e-03	1.649276e+00	1.685800e+00
1.544914882059871e-03	1.649329e+00	1.683664e+00
1.565613579091369e-03	1.649418e+00	1.680184e+00
1.999999900000000e-03	1.651250e+00	1.608758e+00
2.000000900000000e-03	1.651250e+00	1.608758e+00
2.000328499999898e-03	1.651251e+00	1.608813e+00
2.000656179999797e-03	1.651252e+00	1.608869e+00
2.001311539999594e-03	1.651255e+00	1.608980e+00
2.002622259999189e-03	1.651258e+00	1.609201e+00
2.004948664326092e-03	1.651261e+00	1.609595e+00
2.008720106602182e-03	1.651261e+00	1.610232e+00
2.016262991154364e-03	1.651247e+00	1.611506e+00
2.024534084339761e-03	1.651221e+00	1.612902e+00
2.036416031102563e-03	1.651174e+00	1.614905e+00
2.050481667344327e-03	1.651115e+00	1.617273e+00
2.075053967863475e-03	1.651009e+00	1.621400e+00
2.415197075359504e-03	1.649568e+00	1.677518e+00
2.500000900000000e-03	1.649218e+00	1.691241e+00
2.500001900000000e-03	1.649218e+00	1.691241e+00
2.500329499999969e-03	1.649216e+00	1.691186e+00
2.500657179999939e-03	1.649215e+00	1.691130e+00
2.501312539999878e-03	1.649213e+00	1.691020e+00
2.502623259999757e-03	1.649209e+00	1.690798e+00
2.504522955962514e-03	1.649206e+00	1.690477e+00
2.507745178810711e-03	1.649206e+00	1.689932e+00
2.514189624507107e-03	1.649215e+00	1.688843e+00
2.521483007022669e-03	1.649236e+00	1.687612e+00
2.532239769503223e-03	1.649276e+00	1.685798e+00
2.544925529869533e-03	1.649329e+00	1.683661e+00
2.565632809709492e-03	1.649418e+00	1.680180e+00
2.999999900000000e-03	1.651250e+00	1.608757e+00
3.000000900000000e-03	1.651250e+00	1.608757e+00
3.000328499999969e-03	1.651251e+00	1.608813e+00
3.000656179999939e-03	1.651252e+00	1.608868e+00
3.001311539999879e-03	1.651255e+00	1.608979e+00
3.002622259999757e-03	1.651258e+00	1.609201e+00
3.004948680446666e-03	1.651261e+00	1.609594e+00
3.008720141656215e-03	1.651261e+00	1.610231e+00
3.016263064075313e-03	1.651247e+00	1.611506e+00
3.024534200964744e-03	1.651221e+00	1.612901e+00
3.036416249932458e-03	1.651174e+00	1.614905e+00
3.050481940175569e-03	1.651115e+00	1.617273e+00
3.075054467193430e-03	1.651009e+00	1.621399e+00
3.500000900000000e-03	1.649218e+00	1.691241e+00
3.500001900000000e-03	1.649218e+00	1.691241e+00
3.500329499999969e-03	1.649216e+00	1.691186e+00
3.500657179999939e-03	1.649215e+00	1.691131e+00
3.501312539999878e-03	1.649213e+00	1.691020e+00
3.502623259999757e-03	1.649209e+00	1.690798e+00
3.504522029904665e-03	1.649206e+00	1.690477e+00
3.507742836147619e-03	1.649206e+00	1.689933e+00
3.514184448633530e-03	1.649215e+00	1.688845e+00
3.521477519466901e-03	1.649236e+00	1.687613e+00
3.532231659495861e-03	1.649276e+00	1.685800e+00
3.544914897647857e-03	1.649329e+00	1.683663e+00
3.565613619463249e-03	1.649418e+00	1.680184e+00
3.999999900000000e-03	1.651250e+00	1.608758e+00
4.000000900000000e-03	1.651250e+00	1.608758e+00
4.000328499999969e-03	1.651251e+00	1.608813e+00
4.000656179999939e-03	1.651252e+00	1.608868e+00
4.001311539999879e-03	1.651255e+00	1.608979e+00
4.002622259999757e-03	1.651258e+00	1.609201e+00
4.004948672848674e-03	1.651261e+00	1.609594e+00
4.008720125092136e-03	1.651261e+00	1.610232e+00
4.016263029579060e-03	1.651247e+00	1.611506e+00
4.024534153267497e-03	1.651221e+00	1.612902e+00
4.036416172125817e-03	1.651174e+00	1.614905e+00
4.050481839042678e-03	1.651115e+00	1.617273e+00
4.075054277754444e-03	1.651009e+00	1.621399e+00
4.500000900000000e-03	1.649218e+00	1.691242e+00
4.500001900000000e-03	1.649218e+00	1.691242e+00
4.500329499999969e-03	1.649216e+00	1.691186e+00
4.500657179999939e-03	1.649215e+00	1.691131e+00
4.501312539999879e-03	1.649213e+00	1.691020e+00
4.502623259999757e-03	1.649209e+00	1.690798e+00
4.504522035000272e-03	1.649206e+00	1.690477e+00
4.507742837867804e-03	1.649206e+00	1.689933e+00
4.514184443602867e-03	1.649215e+00	1.688845e+00
4.521477510797956e-03	1.649236e+00	1.687613e+00
4.532231654936631e-03	1.649276e+00	1.685800e+00
4.544914893653936e-03	1.649329e+00	1.683663e+00
4.565613603686598e-03	1.649418e+00	1.680184e+00
4.999999900000000e-03	1.651250e+00	1.608758e+00
5.000000900000000e-03	1.651250e+00	1.608758e+00
5.000328499999969e-03	1.651251e+00	1.608813e+00
5.000656179999939e-03	1.651252e+00	1.608869e+00
5.001311539999879e-03	1.651255e+00	1.608979e+00
5.002622259999757e-03	1.651258e+00	1.609201e+00
5.004948669523178e-03	1.651261e+00	1.609594e+00
5.008720120029575e-03	1.651261e+00	1.610232e+00
5.016263021042371e-03	1.651247e+00	1.611506e+00
5.024534132138585e-03	1.651221e+00	1.612902e+00
5.036416128469318e-03	1.651174e+00	1.614905e+00
5.050481785164312e-03	1.651115e+00	1.617273e+00
5.075054187401302e-03	1.651009e+00	1.621400e+00
5.500000900000000e-03	1.649218e+00	1.691242e+00
5.500001900000000e-03	1.649218e+00	1.691242e+00
5.500329499999969e-03	1.649216e+00	1.691186e+00
5.500657179999939e-03	1.649215e+00	1.691131e+00
5.501312539999879e-03	1.649213e+00	1.691020e+00
5.502623259999757e-03	1.649209e+00	1.690798e+00
5.504522039000354e-03	1.649206e+00	1.690477e+00
5.507742838400971e-03	1.649206e+00	1.689933e+00
5.514184437202207e-03	1.649215e+00	1.688845e+00
5.521477499709831e-03	1.649236e+00	1.687614e+00
5.532231644528398e-03	1.649276e+00	1.685800e+00
5.544914886171310e-03	1.649329e+00	1.683663e+00
5.565613579964796e-03	1.649418e+00	1.680184e+00
5.999999900000001e-03	1.651250e+00	1.608758e+00
6.000000900000000e-03	1.651250e+00	1.608758e+00
6.000328499999969e-03	1.651251e+00	1.608813e+00
6.000656179999939e-03	1.651252e+00	1.608869e+00
6.001311539999879e-03	1.651255e+00	1.608980e+00
6.002622259999757e-03	1.651258e+00	1.609201e+00
6.004948666650698e-03	1.651261e+00	1.609594e+00
6.008720110419460e-03	1.651261e+00	1.610232e+00
6.016262997956984e-03	1.651247e+00	1.611506e+00
6.024534097602171e-03	1.651221e+00	1.612902e+00
6.036416073013144e-03	1.651174e+00	1.614905e+00
6.050481707451798e-03	1.651115e+00	1.617273e+00
6.075054069175821e-03	1.651009e+00	1.621400e+00
6.500000900000000e-03	1.649218e+00	1.691242e+00
6.500001900000000e-03	1.649218e+00	1.691242e+00
6.500329499999969e-03	1.649216e+00	1.691186e+00
6.500657179999939e-03	1.649215e+00	1.691131e+00
6.501312539999879e-03	1.649213e+00	1.691020e+00
6.502623259999757e-03	1.649209e+00	1.690799e+00
6.504522042344247e-03	1.649206e+00	1.690477e+00
6.507742839702057e-03	1.649206e+00	1.689933e+00
6.514184434417676e-03	1.649215e+00	1.688845e+00
6.521477503982589e-03	1.649236e+00	1.687614e+00
6.532231643924131e-03	1.649276e+00	1.685800e+00
6.544914883329692e-03	1.649329e+00	1.683664e+00
6.565613578623769e-03	1.649418e+00	1.680184e+00
6.999999900000000e-03	1.651250e+00	1.608758e+00
7.000000900000000e-03	1.651250e+00	1.608758e+00
7.000328499999969e-03	1.651251e+00	1.608813e+00
7.000656179999939e-03	1.651252e+00	1.608869e+00
7.001311539999879e-03	1.651255e+00	1.608980e+00
7.002622259999757e-03	1.651258e+00	1.609201e+00
7.004948664842861e-03	1.651261e+00	1.609595e+00
7.008720106295050e-03	1.651261e+00	1.610232e+00
7.016262989199426e-03	1.651247e+00	1.611506e+00
7.024534081862138e-03	1.651221e+00	1.612902e+00
7.036416029223958e-03	1.651174e+00	1.614905e+00
7.050481659839347e-03	1.651115e+00	1.617273e+00
7.075053979669871e-03	1.651009e+00	1.621400e+00
7.415196631451310e-03	1.649568e+00	1.677518e+00
7.500000900000000e-03	1.649218e+00	1.691241e+00
7.500001900000000e-03	1.649218e+00	1.691241e+00
7.500329499999969e-03	1.649216e+00	1.691186e+00
7.500657179999939e-03	1.649215e+00	1.691130e+00
7.501312539999879e-03	1.649213e+00	1.691020e+00
7.502623259999757e-03	1.649209e+00	1.690798e+00
7.504522956411332e-03	1.649206e+00	1.690477e+00
7.507745179013264e-03	1.649206e+00	1.689932e+00
7.514189624217129e-03	1.649215e+00	1.688843e+00
7.521483005902252e-03	1.649236e+00	1.687612e+00
7.532239772545660e-03	1.649276e+00	1.685798e+00
7.544925529163585e-03	1.649329e+00	1.683661e+00
7.565632815590214e-03	1.649418e+00	1.680180e+00
7.999999900000001e-03	1.651250e+00	1.608757e+00
8.000000900000000e-03	1.651250e+00	1.608757e+00
8.000328499999970e-03	1.651251e+00	1.608813e+00
8.000656179999939e-03	1.651252e+00	1.608868e+00
8.001311539999879e-03	1.651255e+00	1.608979e+00
8.002622259999757e-03	1.651258e+00	1.609201e+00
8.004948680206372e-03	1.651261e+00	1.609594e+00
8.008720141611306e-03	1.651261e+00	1.610231e+00
8.016263064421176e-03	1.651247e+00	1.611506e+00
8.024534196199704e-03	1.651221e+00	1.612901e+00
8.036416250409333e-03	1.651174e+00	1.614905e+00
8.050481944442888e-03	1.651115e+00	1.617273e+00
8.075054452018841e-03	1.651009e+00	1.621399e+00
8.500000900000000e-03	1.649218e+00	1.691241e+00
8.500001900000000e-03	1.649218e+00	1.691241e+00
8.500329499999969e-03	1.649216e+00	1.691186e+00
8.500657179999939e-03	1.649215e+00	1.691131e+00
8.501312539999879e-03	1.649213e+00	1.691020e+00
8.502623259999757e-03	1.649209e+00	1.690798e+00
8.504522029722367e-03	1.649206e+00	1.690477e+00
8.507742836112176e-03	1.649206e+00	1.689933e+00
8.514184448891793e-03	1.649215e+00	1.688845e+00
8.521477520199026e-03	1.649236e+00	1.687613e+00
8.532231655933175e-03	1.649276e+00	1.685800e+00
8.544914900333541e-03	1.649329e+00	1.683663e+00
8.565613606646380e-03	1.649418e+00	1.680184e+00
8.999999900000000e-03	1.651250e+00	1.608758e+00
9.000000899999999e-03	1.651250e+00	1.608758e+00
9.000328499999970e-03	1.651251e+00	1.608813e+00
9.000656179999940e-03	1.651252e+00	1.608868e+00
9.001311539999878e-03	1.651255e+00	1.608979e+00
9.002622259999756e-03	1.651258e+00	1.609201e+00
9.004948673520051e-03	1.651261e+00	1.609594e+00
9.008720126738751e-03	1.651261e+00	1.610232e+00
9.016263033176151e-03	1.651247e+00	1.611506e+00
9.024534156033801e-03	1.651221e+00	1.612902e+00
9.036416175370727e-03	1.651174e+00	1.614905e+00
9.050481848385975e-03	1.651115e+00	1.617273e+00
9.075054282633836e-03	1.651009e+00	1.621399e+00
9.500000900000000e-03	1.649218e+00	1.691242e+00
9.500001899999999e-03	1.649218e+00	1.691242e+00
9.500329499999970e-03	1.649216e+00	1.691186e+00
9.500657179999939e-03	1.649215e+00	1.691131e+00
9.501312539999878e-03	1.649213e+00	1.691020e+00
9.502623259999756e-03	1.649209e+00	1.690798e+00
9.504522034734021e-03	1.649206e+00	1.690477e+00
9.507742837913884e-03	1.649206e+00	1.689933e+00
9.514184444273609e-03	1.649215e+00	1.688845e+00
9.521477512995884e-03	1.649236e+00	1.687613e+00
9.532231648216823e-03	1.649276e+00	1.685800e+00
9.544914891164153e-03	1.649329e+00	1.683663e+00
9.565613599571561e-03	1.649418e+00	1.680184e+00
9.999999900000001e-03	1.651250e+00	1.608758e+00
1.000000090000000e-02	1.651250e+00	1.608758e+00
1.000032849999997e-02	1.651251e+00	1.608813e+00
1.000065617999994e-02	1.651252e+00	1.608869e+00
1.000131153999988e-02	1.651255e+00	1.608979e+00
1.000262225999976e-02	1.651258e+00	1.609201e+00
1.000494867067051e-02	1.651261e+00	1.609594e+00
1.000872011909963e-02	1.651261e+00	1.610232e+00
1.001626301595786e-02	1.651247e+00	1.611506e+00
1.002453412707451e-02	1.651221e+00	1.612902e+00
1.003641612103515e-02	1.651174e+00	1.614905e+00
1.005048177638998e-02	1.651115e+00	1.617273e+00
1.007505417023037e-02	1.651009e+00	1.621400e+00
1.050000090000000e-02	1.649218e+00	1.691242e+00
1.050000190000000e-02	1.649218e+00	1.691242e+00
1.050032949999997e-02	1.649216e+00	1.691186e+00
1.050065717999994e-02	1.649215e+00	1.691131e+00
1.050131253999988e-02	1.649213e+00	1.691020e+00
1.050262325999976e-02	1.649209e+00	1.690798e+00
1.050452203900376e-02	1.649206e+00	1.690477e+00
1.050774283866130e-02	1.649206e+00	1.689933e+00
1.051418443797639e-02	1.649215e+00	1.688845e+00
1.052147750419800e-02	1.649236e+00	1.687614e+00
1.053223164764283e-02	1.649276e+00	1.685800e+00
1.054491488662189e-02	1.649329e+00	1.683663e+00
1.056561358556825e-02	1.649418e+00	1.680184e+00
1.099999990000000e-02	1.651250e+00	1.608758e+00
1.100000090000000e-02	1.651250e+00	1.608758e+00
1.100032849999997e-02	1.651251e+00	1.608813e+00
1.100065617999994e-02	1.651252e+00	1.608869e+00
1.100131153999988e-02	1.651255e+00	1.608980e+00
1.100262225999976e-02	1.651258e+00	1.609201e+00
1.100494866646875e-02	1.651261e+00	1.609594e+00
1.100872011323660e-02	1.651261e+00	1.610232e+00
1.101626300677229e-02	1.651247e+00	1.611506e+00
1.102453410604281e-02	1.651221e+00	1.612902e+00
1.103641607856854e-02	1.651174e+00	1.614905e+00
1.105048172470456e-02	1.651115e+00	1.617273e+00
1.107505407768085e-02	1.651009e+00	1.621400e+00
1.150000090000000e-02	1.649218e+00	1.691242e+00
1.150000190000000e-02	1.649218e+00	1.691242e+00
1.150032949999997e-02	1.649216e+00	1.691186e+00
1.150065717999994e-02	1.649215e+00	1.691131e+00
1.150131253999988e-02	1.649213e+00	1.691020e+00
1.150262325999976e-02	1.649209e+00	1.690799e+00
1.150452204245875e-02	1.649206e+00	1.690477e+00
1.150774284036911e-02	1.649206e+00	1.689933e+00
1.151418443618982e-02	1.649215e+00	1.688845e+00
1.152147750652793e-02	1.649236e+00	1.687614e+00
1.153223164165026e-02	1.649276e+00	1.685800e+00
1.154491488333554e-02	1.649329e+00	1.683664e+00
1.156561358213162e-02	1.649418e+00	1.680184e+00
1.199999990000000e-02	1.651250e+00	1.608758e+00
1.200000090000000e-02	1.651250e+00	1.608758e+00
1.200032849999990e-02	1.651251e+00	1.608813e+00
1.200065617999980e-02	1.651252e+00	1.608869e+00
1.200131153999959e-02	1.651255e+00	1.608980e+00
1.200262225999919e-02	1.651258e+00	1.609201e+00
1.200494866454158e-02	1.651261e+00	1.609595e+00
1.200872010741082e-02	1.651261e+00	1.610232e+00
1.201626299314932e-02	1.651247e+00	1.611506e+00
1.202453408238061e-02	1.651221e+00	1.612902e+00
1.203641603748426e-02	1.651174e+00	1.614905e+00
1.205048166850176e-02	1.651115e+00	1.617273e+00
1.207505397249121e-02	1.651009e+00	1.621400e+00
1.241519748292278e-02	1.649568e+00	1.677518e+00
1.250000090000000e-02	1.649218e+00	1.691241e+00
1.250000190000000e-02	1.649218e+00	1.691241e+00
1.250032949999997e-02	1.649216e+00	1.691186e+00
1.250065717999994e-02	1.649215e+00	1.691130e+00
1.250131253999988e-02	1.649213e+00	1.691020e+00
1.250262325999976e-02	1.649209e+00	1.690798e+00
1.250452295651610e-02	1.649206e+00	1.690477e+00
1.250774517855905e-02	1.649206e+00	1.689932e+00
1.251418962264494e-02	1.649215e+00	1.688843e+00
1.252148300148841e-02	1.649236e+00	1.687612e+00
1.253223976859847e-02	1.649276e+00	1.685798e+00
1.254492552725960e-02	1.649329e+00	1.683661e+00
1.256563280634518e-02	1.649418e+00	1.680180e+00
1.299999990000000e-02	1.651250e+00	1.608757e+00
1.300000090000000e-02	1.651250e+00	1.608757e+00
1.300032849999997e-02	1.651251e+00	1.608813e+00
1.300065617999994e-02	1.651252e+00	1.608868e+00
1.300131153999988e-02	1.651255e+00	1.608979e+00
1.300262225999976e-02	1.651258e+00	1.609201e+00
1.300494868021506e-02	1.651261e+00	1.609594e+00
1.300872014067968e-02	1.651261e+00	1.610231e+00
1.301626306160893e-02	1.651247e+00	1.611506e+00
1.302453420119785e-02	1.651221e+00	1.612901e+00
1.303641624791448e-02	1.651174e+00	1.614905e+00
1.305048193773457e-02	1.651115e+00	1.617273e+00
1.307505446738667e-02	1.651009e+00	1.621399e+00
1.350000090000000e-02	1.649218e+00	1.691241e+00
1.350000190000000e-02	1.649218e+00	1.691241e+00
1.350032949999997e-02	1.649216e+00	1.691186e+00
1.350065717999994e-02	1.649215e+00	1.691131e+00
1.350131253999988e-02	1.649213e+00	1.691020e+00
1.350262325999976e-02	1.649209e+00	1.690798e+00
1.350452203019615e-02	1.649206e+00	1.690477e+00
1.350774283607103e-02	1.649206e+00	1.689933e+00
1.351418444782078e-02	1.649215e+00	1.688845e+00
1.352147751558916e-02	1.649236e+00	1.687613e+00
1.353223165661562e-02	1.649276e+00	1.685800e+00
1.354491489795440e-02	1.649329e+00	1.683663e+00
1.356561360673456e-02	1.649418e+00	1.680184e+00
1.399999990000000e-02	1.651250e+00	1.608758e+00
1.400000090000000e-02	1.651250e+00	1.608758e+00
1.400032849999997e-02	1.651251e+00	1.608813e+00
1.400065617999994e-02	1.651252e+00	1.608868e+00
1.400131153999988e-02	1.651255e+00	1.608979e+00
1.400262225999976e-02	1.651258e+00	1.609201e+00
1.400494867320094e-02	1.651261e+00	1.609594e+00
1.400872012782786e-02	1.651261e+00	1.610232e+00
1.401626303708171e-02	1.651247e+00	1.611506e+00
1.402453415959673e-02	1.651221e+00	1.612902e+00
1.403641617621415e-02	1.651174e+00	1.614905e+00
1.405048184849951e-02	1.651115e+00	1.617273e+00
1.407505428652303e-02	1.651009e+00	1.621399e+00
1.450000090000000e-02	1.649218e+00	1.691242e+00
1.450000190000000e-02	1.649218e+00	1.691242e+00
1.450032949999997e-02	1.649216e+00	1.691186e+00
1.450065717999994e-02	1.649215e+00	1.691131e+00
1.450131253999988e-02	1.649213e+00	1.691020e+00
1.450262325999976e-02	1.649209e+00	1.690798e+00
1.450452203458354e-02	1.649206e+00	1.690477e+00
1.450774283763485e-02	1.649206e+00	1.689933e+00
1.451418444373748e-02	1.649215e+00	1.688845e+00
1.452147751292455e-02	1.649236e+00	1.687613e+00
1.453223164924321e-02	1.649276e+00	1.685800e+00
1.454491489130984e-02	1.649329e+00	1.683663e+00
1.456561359060392e-02	1.649418e+00	1.680184e+00
1.499999990000000e-02	1.651250e+00	1.608758e+00
1.500000090000000e-02	1.651250e+00	1.608758e+00
1.500032849999997e-02	1.651251e+00	1.608813e+00
1.500065617999994e-02	1.651252e+00	1.608869e+00
1.500131153999988e-02	1.651255e+00	1.608979e+00
1.500262225999976e-02	1.651258e+00	1.609201e+00
1.500494867033921e-02	1.651261e+00	1.609594e+00
1.500872011953781e-02	1.651261e+00	1.610232e+00
1.501626301793501e-02	1.651247e+00	1.611506e+00
1.502453412986590e-02	1.651221e+00	1.612902e+00
1.503641611990053e-02	1.651174e+00	1.614905e+00
1.505048178080875e-02	1.651115e+00	1.617273e+00
1.507505416257882e-02	1.651009e+00	1.621400e+00
1.550000090000000e-02	1.649218e+00	1.691242e+00
1.550000190000000e-02	1.649218e+00	1.691242e+00
1.550032949999997e-02	1.649216e+00	1.691186e+00
1.550065717999994e-02	1.649215e+00	1.691131e+00
1.550131253999988e-02	1.649213e+00	1.691020e+00
1.550262325999976e-02	1.649209e+00	1.690798e+00
1.550452203782945e-02	1.649206e+00	1.690477e+00
1.550774283859118e-02	1.649206e+00	1.689933e+00
1.551418444011463e-02	1.649215e+00	1.688845e+00
1.552147751736233e-02	1.649236e+00	1.687614e+00
1.553223164817806e-02	1.649276e+00	1.685800e+00
1.554491488963093e-02	1.649329e+00	1.683663e+00
1.556561359706846e-02	1.649418e+00	1.680184e+00
1.599999990000000e-02	1.651250e+00	1.608758e+00
1.600000090000000e-02	1.651250e+00	1.608758e+00
1.600032849999997e-02	1.651251e+00	1.608813e+00
1.600065617999994e-02	1.651252e+00	1.608869e+00
1.600131153999988e-02	1.651255e+00	1.608980e+00
1.600262225999976e-02	1.651258e+00	1.609201e+00
1.600494866657553e-02	1.651261e+00	1.609594e+00
1.600872011151743e-02	1.651261e+00	1.610232e+00
1.601626300140125e-02	1.651247e+00	1.611506e+00
1.602453409949145e-02	1.651221e+00	1.612902e+00
1.603641607334503e-02	1.651174e+00	1.614905e+00
1.605048171629353e-02	1.651115e+00	1.617273e+00
1.607505406250808e-02	1.651009e+00	1.621400e+00
1.650000090000000e-02	1.649218e+00	1.691242e+00
1.650000190000000e-02	1.649218e+00	1.691242e+00
1.650032949999997e-02	1.649216e+00	1.691186e+00
1.650065717999994e-02	1.649215e+00	1.691131e+00
1.650131253999988e-02	1.649213e+00	1.691020e+00
1.650262325999976e-02	1.649209e+00	1.690799e+00
1.650452204219667e-02	1.649206e+00	1.690477e+00
1.650774283953077e-02	1.649206e+00	1.689933e+00
1.651418443419899e-02	1.649215e+00	1.688845e+00
1.652147750323504e-02	1.649236e+00	1.687614e+00
1.653223164633398e-02	1.649276e+00	1.685800e+00
1.654491488001984e-02	1.649329e+00	1.683664e+00
1.656561358166008e-02	1.649418e+00	1.680184e+00
1.660097676696049e-02	1.649570e+00	1.674260e+00
1.699999990000000e-02	1.651250e+00	1.608758e+00
1.700000090000000e-02	1.651250e+00	1.608758e+00
1.700032849999997e-02	1.651251e+00	1.608813e+00
1.700065617999994e-02	1.651252e+00	1.608869e+00
1.700131153999988e-02	1.651255e+00	1.608980e+00
1.700262225999976e-02	1.651258e+00	1.609201e+00
1.700494866420002e-02	1.651261e+00	1.609595e+00
1.700872010712286e-02	1.651261e+00	1.610232e+00
1.701626299296853e-02	1.651247e+00	1.611506e+00
1.702453408292969e-02	1.651221e+00	1.612902e+00
1.703641603134098e-02	1.651174e+00	1.614905e+00
1.705048166549071e-02	1.651115e+00	1.617273e+00
1.707505397483977e-02	1.651009e+00	1.621400e+00
1.741519703874844e-02	1.649568e+00	1.677518e+00
1.750000090000000e-02	1.649218e+00	1.691241e+00
1.750000190000000e-02	1.649218e+00	1.691241e+00
1.750032949999997e-02	1.649216e+00	1.691186e+00
1.750065717999994e-02	1.649215e+00	1.691130e+00
1.750131253999988e-02	1.649213e+00	1.691020e+00
1.750262325999976e-02	1.649209e+00	1.690798e+00
1.750452295583873e-02	1.649206e+00	1.690477e+00
1.750774517880587e-02	1.649206e+00	1.689932e+00
1.751418962474013e-02	1.649215e+00	1.688843e+00
1.752148301074198e-02	1.649236e+00	1.687612e+00
1.753223977069646e-02	1.649276e+00	1.685798e+00
1.754492553270842e-02	1.649329e+00	1.683661e+00
1.756563280645089e-02	1.649418e+00	1.680180e+00
1.799999990000000e-02	1.651250e+00	1.608757e+00
1.800000090000000e-02	1.651250e+00	1.608757e+00
1.800032849999997e-02	1.651251e+00	1.608813e+00
1.800065617999994e-02	1.651252e+00	1.608868e+00
1.800131153999988e-02	1.651255e+00	1.608979e+00
1.800262225999976e-02	1.651258e+00	1.609201e+00
1.800494868121780e-02	1.651261e+00	1.609594e+00
1.800872014342580e-02	1.651261e+00	1.610231e+00
1.801626306784180e-02	1.651247e+00	1.611506e+00
1.802453419767908e-02	1.651221e+00	1.612901e+00
1.803641625566080e-02	1.651174e+00	1.614905e+00
1.805048194862847e-02	1.651115e+00	1.617273e+00
1.807505446794352e-02	1.651009e+00	1.621399e+00
1.850000090000000e-02	1.649218e+00	1.691241e+00
1.850000190000000e-02	1.649218e+00	1.691241e+00
1.850032949999997e-02	1.649216e+00	1.691186e+00
1.850065717999994e-02	1.649215e+00	1.691131e+00
1.850131253999988e-02	1.649213e+00	1.691020e+00
1.850262325999976e-02	1.649209e+00	1.690798e+00
1.850452203006822e-02	1.649206e+00	1.690477e+00
1.850774283647374e-02	1.649206e+00	1.689933e+00
1.851418444928479e-02	1.649215e+00	1.688845e+00
1.852147751725873e-02	1.649236e+00	1.687613e+00
1.853223166098497e-02	1.649276e+00	1.685800e+00
1.854491490249031e-02	1.649329e+00	1.683663e+00
1.856561361440400e-02	1.649418e+00	1.680184e+00
1.899999990000000e-02	1.651250e+00	1.608758e+00
1.900000090000000e-02	1.651250e+00	1.608758e+00
1.900032849999997e-02	1.651251e+00	1.608813e+00
1.900065617999994e-02	1.651252e+00	1.608868e+00
1.900131153999988e-02	1.651255e+00	1.608979e+00
1.900262225999976e-02	1.651258e+00	1.609201e+00
1.900494867442783e-02	1.651261e+00	1.609594e+00
1.900872012873171e-02	1.651261e+00	1.610232e+00
1.901626303733946e-02	1.651247e+00	1.611506e+00
1.902453416197920e-02	1.651221e+00	1.612902e+00
1.903641618052612e-02	1.651174e+00	1.614905e+00
1.905048185368844e-02	1.651115e+00	1.617273e+00
1.907505429876483e-02	1.651009e+00	1.621399e+00
1.950000090000000e-02	1.649218e+00	1.691242e+00
1.950000190000000e-02	1.649218e+00	1.691242e+00
1.950032949999997e-02	1.649216e+00	1.691186e+00
1.950065717999994e-02	1.649215e+00	1.691131e+00
1.950131253999988e-02	1.649213e+00	1.691020e+00
1.950262325999976e-02	1.649209e+00	1.690798e+00
1.950452203535777e-02	1.649206e+00	1.690477e+00
1.950774283907327e-02	1.649206e+00	1.689933e+00
1.951418444650428e-02	1.649215e+00	1.688845e+00
1.952147751491425e-02	1.649236e+00	1.687613e+00
1.953223165564755e-02	1.649276e+00	1.685800e+00
1.954491489871386e-02	1.649329e+00	1.683663e+00
1.956561361155958e-02	1.649418e+00	1.680184e+00
1.999999990000000e-02	1.651250e+00	1.608758e+00
2.000000090000000e-02	1.651250e+00	1.608758e+00
2.000032849999997e-02	1.651251e+00	1.608813e+00
2.000065617999994e-02	1.651252e+00	1.608869e+00
2.000131153999988e-02	1.651255e+00	1.608979e+00
2.000262225999976e-02	1.651258e+00	1.609201e+00
2.000494866931628e-02	1.651261e+00	1.609594e+00
2.000872011843256e-02	1.651261e+00	1.610232e+00
2.001626301666512e-02	1.651247e+00	1.611506e+00
2.002453413142693e-02	1.651221e+00	1.612902e+00
2.003641611907038e-02	1.651174e+00	1.614905e+00
2.005048177769536e-02	1.651115e+00	1.617273e+00
2.007505417251529e-02	1.651009e+00	1.621400e+00
2.050000090000000e-02	1.649218e+00	1.691242e+00
2.050000190000000e-02	1.649218e+00	1.691242e+00
2.050032949999997e-02	1.649216e+00	1.691186e+00
2.050065717999994e-02	1.649215e+00	1.691131e+00
2.050131253999988e-02	1.649213e+00	1.691020e+00
2.050262325999976e-02	1.649209e+00	1.690798e+00
2.050452203848745e-02	1.649206e+00	1.690477e+00
2.050774283909059e-02	1.649206e+00	1.689933e+00
2.051418444029688e-02	1.649215e+00	1.688845e+00
2.052147751083230e-02	1.649236e+00	1.687614e+00
2.053223164984311e-02	1.649276e+00	1.685800e+00
2.054491488925284e-02	1.649329e+00	1.683663e+00
2.056561359691479e-02	1.649418e+00	1.680184e+00
2.099999990000000e-02	1.651250e+00	1.608758e+00
2.100000090000000e-02	1.651250e+00	1.608758e+00
2.100032849999997e-02	1.651251e+00	1.608813e+00
2.100065617999994e-02	1.651252e+00	1.608869e+00
2.100131153999988e-02	1.651255e+00	1.608980e+00
2.100262225999976e-02	1.651258e+00	1.609201e+00
2.100494866709277e-02	1.651261e+00	1.609594e+00
2.100872011303856e-02	1.651261e+00	1.610232e+00
2.101626300493014e-02	1.651247e+00	1.611506e+00
2.102453410585853e-02	1.651221e+00	1.612902e+00
2.103641607646868e-02	1.651174e+00	1.614905e+00
2.105048172040941e-02	1.651115e+00	1.617273e+00
2.107505407879533e-02	1.651009e+00	1.621400e+00
2.150000090000000e-02	1.649218e+00	1.691242e+00
2.150000190000000e-02	1.649218e+00	1.691242e+00
2.150032949999997e-02	1.649216e+00	1.691186e+00
2.150065717999994e-02	1.649215e+00	1.691131e+00
2.150131253999988e-02	1.649213e+00	1.691020e+00
2.150262325999976e-02	1.649209e+00	1.690799e+00
2.150452204215422e-02	1.649206e+00	1.690477e+00
2.150774284076489e-02	1.649206e+00	1.689933e+00
2.151418443798623e-02	1.649215e+00	1.688845e+00
2.152147750842484e-02	1.649236e+00	1.687614e+00
2.153223164485869e-02	1.649276e+00	1.685800e+00
2.154491488726763e-02	1.649329e+00	1.683664e+00
2.156561358146168e-02	1.649418e+00	1.680184e+00
2.199999990000000e-02	1.651250e+00	1.608758e+00
2.200000090000000e-02	1.651250e+00	1.608758e+00
2.200032849999997e-02	1.651251e+00	1.608813e+00
2.200065617999994e-02	1.651252e+00	1.608869e+00
2.200131153999988e-02	1.651255e+00	1.608980e+00
2.200262225999976e-02	1.651258e+00	1.609201e+00
2.200494866425477e-02	1.651261e+00	1.609595e+00
2.200872010645547e-02	1.651261e+00	1.610232e+00
2.201626299085686e-02	1.651247e+00	1.611506e+00
2.202453407772369e-02	1.651221e+00	1.612902e+00
2.203641603118923e-02	1.651174e+00	1.614905e+00
2.205048166224389e-02	1.651115e+00	1.617273e+00
2.207505397759006e-02	1.651009e+00	1.621400e+00
2.241519679404801e-02	1.649568e+00	1.677518e+00
2.250000090000000e-02	1.649218e+00	1.691241e+00
2.250000190000000e-02	1.649218e+00	1.691241e+00
2.250032949999997e-02	1.649216e+00	1.691186e+00
2.250065717999994e-02	1.649215e+00	1.691130e+00
2.250131253999988e-02	1.649213e+00	1.691020e+00
2.250262325999976e-02	1.649209e+00	1.690798e+00
2.250452295670171e-02	1.649206e+00	1.690477e+00
2.250774517879126e-02	1.649206e+00	1.689932e+00
2.251418962297035e-02	1.649215e+00	1.688843e+00
2.252148300456738e-02	1.649236e+00	1.687612e+00
2.253223976523764e-02	1.649276e+00	1.685798e+00
2.254492552778623e-02	1.649329e+00	1.683661e+00
2.256563280494408e-02	1.649418e+00	1.680180e+00
2.299999990000000e-02	1.651250e+00	1.608757e+00
2.300000090000000e-02	1.651250e+00	1.608757e+00
2.300032849999990e-02	1.651251e+00	1.608813e+00
2.300065617999980e-02	1.651252e+00	1.608868e+00
2.300131153999959e-02	1.651255e+00	1.608979e+00
2.300262225999919e-02	1.651258e+00	1.609201e+00
2.300494867978099e-02	1.651261e+00	1.609594e+00
2.300872014319589e-02	1.651261e+00	1.610231e+00
2.301626307002569e-02	1.651247e+00	1.611506e+00
2.302453421070417e-02	1.651221e+00	1.612901e+00
2.303641625317898e-02	1.651174e+00	1.614905e+00
2.305048195174425e-02	1.651115e+00	1.617273e+00
2.307505446620464e-02	1.651009e+00	1.621399e+00
2.350000090000000e-02	1.649218e+00	1.691241e+00
2.350000190000000e-02	1.649218e+00	1.691241e+00
2.350032949999997e-02	1.649216e+00	1.691186e+00
2.350065717999994e-02	1.649215e+00	1.691131e+00
2.350131253999988e-02	1.649213e+00	1.691020e+00
2.350262325999976e-02	1.649209e+00	1.690798e+00
2.350452203017860e-02	1.649206e+00	1.690477e+00
2.350774283666024e-02	1.649206e+00	1.689933e+00
2.351418444962354e-02	1.649215e+00	1.688845e+00
2.352147751929743e-02	1.649236e+00	1.687613e+00
2.353223165452979e-02	1.649276e+00	1.685800e+00
2.354491489927224e-02	1.649329e+00	1.683663e+00
2.356561361104048e-02	1.649418e+00	1.680184e+00
2.399999990000000e-02	1.651250e+00	1.608758e+00
2.400000090000000e-02	1.651250e+00	1.608758e+00
2.400032849999997e-02	1.651251e+00	1.608813e+00
2.400065617999994e-02	1.651252e+00	1.608868e+00
2.400131153999988e-02	1.651255e+00	1.608979e+00
2.400262225999976e-02	1.651258e+00	1.609201e+00
2.400494867436071e-02	1.651261e+00	1.609594e+00
2.400872012853285e-02	1.651261e+00	1.610232e+00
2.401626303687714e-02	1.651247e+00	1.611506e+00
2.402453415604436e-02	1.651221e+00	1.612902e+00
2.403641617873079e-02	1.651174e+00	1.614905e+00
2.405048184997550e-02	1.651115e+00	1.617273e+00
2.407505430544068e-02	1.651009e+00	1.621399e+00
2.450000090000000e-02	1.649218e+00	1.691242e+00
2.450000190000000e-02	1.649218e+00	1.691242e+00
2.450032949999997e-02	1.649216e+00	1.691186e+00
2.450065717999994e-02	1.649215e+00	1.691131e+00
2.450131253999988e-02	1.649213e+00	1.691020e+00
2.450262325999976e-02	1.649209e+00	1.690798e+00
2.450452203430336e-02	1.649206e+00	1.690477e+00
2.450774283826515e-02	1.649206e+00	1.689933e+00
2.451418444618874e-02	1.649215e+00	1.688845e+00
2.452147751561585e-02	1.649236e+00	1.687613e+00
2.453223165013034e-02	1.649276e+00	1.685800e+00
2.454491489813852e-02	1.649329e+00	1.683663e+00
2.456561359602200e-02	1.649418e+00	1.680184e+00
2.499999990000000e-02	1.651250e+00	1.608758e+00
2.500000090000000e-02	1.651250e+00	1.608758e+00
2.500032849999997e-02	1.651251e+00	1.608813e+00
2.500065617999994e-02	1.651252e+00	1.608869e+00
2.500131153999988e-02	1.651255e+00	1.608979e+00
2.500262225999976e-02	1.651258e+00	1.609201e+00
2.500494867167592e-02	1.651261e+00	1.609594e+00
2.500872011930507e-02	1.651261e+00	1.610232e+00
2.501626301456337e-02	1.651247e+00	1.611506e+00
2.502453412130428e-02	1.651221e+00	1.612902e+00
2.503641612305329e-02	1.651174e+00	1.614905e+00
2.505048177482271e-02	1.651115e+00	1.617273e+00
2.507505418357628e-02	1.651009e+00	1.621400e+00
2.550000090000000e-02	1.649218e+00	1.691242e+00
2.550000190000000e-02	1.649218e+00	1.691242e+00
2.550032949999997e-02	1.649216e+00	1.691186e+00
2.550065717999994e-02	1.649215e+00	1.691131e+00
2.550131253999988e-02	1.649213e+00	1.691020e+00
2.550262325999976e-02	1.649209e+00	1.690798e+00
2.550452203893537e-02	1.649206e+00	1.690477e+00
2.550774283891945e-02	1.649206e+00	1.689933e+00
2.551418443888761e-02	1.649215e+00	1.688845e+00
2.552147750234594e-02	1.649236e+00	1.687614e+00
2.553223164809893e-02	1.649276e+00	1.685800e+00
2.554491488708408e-02	1.649329e+00	1.683663e+00
2.556561358791156e-02	1.649418e+00	1.680184e+00
2.599999990000000e-02	1.651250e+00	1.608758e+00
2.600000090000000e-02	1.651250e+00	1.608758e+00
2.600032849999997e-02	1.651251e+00	1.608813e+00
2.600065617999994e-02	1.651252e+00	1.608869e+00
2.600131153999988e-02	1.651255e+00	1.608980e+00
2.600262225999976e-02	1.651258e+00	1.609201e+00
2.600494866738268e-02	1.651261e+00	1.609594e+00
2.600872011051458e-02	1.651261e+00	1.610232e+00
2.601626299677838e-02	1.651247e+00	1.611506e+00
2.602453409973231e-02	1.651221e+00	1.612902e+00
2.603641606692145e-02	1.651174e+00	1.614905e+00
2.605048170863057e-02	1.651115e+00	1.617273e+00
2.607505405133263e-02	1.651009e+00	1.621400e+00
2.650000090000000e-02	1.649218e+00	1.691242e+00
2.650000190000000e-02	1.649218e+00	1.691242e+00
2.650032949999997e-02	1.649216e+00	1.691186e+00
2.650065717999994e-02	1.649215e+00	1.691131e+00
2.650131253999988e-02	1.649213e+00	1.691020e+00
2.650262325999976e-02	1.649209e+00	1.690799e+00
2.650452204264652e-02	1.649206e+00	1.690477e+00
2.650774283988814e-02	1.649206e+00	1.689933e+00
2.651418443437136e-02	1.649215e+00	1.688845e+00
2.652147750244255e-02	1.649236e+00	1.687614e+00
2.653223164534253e-02	1.649276e+00	1.685800e+00
2.654491487950555e-02	1.649329e+00	1.683664e+00
2.656561357955526e-02	1.649418e+00	1.680184e+00
2.699999990000000e-02	1.651250e+00	1.608758e+00
2.700000090000000e-02	1.651250e+00	1.608758e+00
2.700032849999997e-02	1.651251e+00	1.608813e+00
2.700065617999994e-02	1.651252e+00	1.608869e+00
2.700131153999988e-02	1.651255e+00	1.608980e+00
2.700262225999976e-02	1.651258e+00	1.609201e+00
2.700494866549329e-02	1.651261e+00	1.609595e+00
2.700872010672051e-02	1.651261e+00	1.610232e+00
2.701626298917495e-02	1.651247e+00	1.611506e+00
2.702453407570481e-02	1.651221e+00	1.612902e+00
2.703641603199155e-02	1.651174e+00	1.614905e+00
2.705048166077901e-02	1.651115e+00	1.617273e+00
2.707505397608839e-02	1.651009e+00	1.621400e+00
2.741519674075144e-02	1.649568e+00	1.677518e+00
2.750000090000000e-02	1.649218e+00	1.691241e+00
2.750000190000000e-02	1.649218e+00	1.691241e+00
2.750032949999997e-02	1.649216e+00	1.691186e+00
2.750065717999994e-02	1.649215e+00	1.691130e+00
2.750131253999988e-02	1.649213e+00	1.691020e+00
2.750262325999976e-02	1.649209e+00	1.690798e+00
2.750452295591863e-02	1.649206e+00	1.690477e+00
2.750774517924551e-02	1.649206e+00	1.689932e+00
2.751418962589926e-02	1.649215e+00	1.688843e+00
2.752148300999682e-02	1.649236e+00	1.687612e+00
2.753223977573853e-02	1.649276e+00	1.685798e+00
2.754492553280718e-02	1.649329e+00	1.683661e+00
2.756563282019696e-02	1.649418e+00	1.680180e+00
2.799999990000000e-02	1.651250e+00	1.608757e+00
2.800000090000000e-02	1.651250e+00	1.608757e+00
2.800032849999997e-02	1.651251e+00	1.608813e+00
2.800065617999994e-02	1.651252e+00	1.608868e+00
2.800131153999988e-02	1.651255e+00	1.608979e+00
2.800262225999976e-02	1.651258e+00	1.609201e+00
2.800494868034433e-02	1.651261e+00	1.609594e+00
2.800872014398098e-02	1.651261e+00	1.610231e+00
2.801626307125428e-02	1.651247e+00	1.611506e+00
2.802453420805378e-02	1.651221e+00	1.612901e+00
2.803641625880689e-02	1.651174e+00	1.614905e+00
2.805048195584248e-02	1.651115e+00	1.617273e+00
2.807505447931892e-02	1.651009e+00	1.621399e+00
2.850000090000000e-02	1.649218e+00	1.691241e+00
2.850000190000000e-02	1.649218e+00	1.691241e+00
2.850032949999997e-02	1.649216e+00	1.691186e+00
2.850065717999994e-02	1.649215e+00	1.691131e+00
2.850131253999988e-02	1.649213e+00	1.691020e+00
2.850262325999976e-02	1.649209e+00	1.690798e+00
2.850452203015809e-02	1.649206e+00	1.690477e+00
2.850774283620260e-02	1.649206e+00	1.689933e+00
2.851418444829164e-02	1.649215e+00	1.688845e+00
2.852147751633272e-02	1.649236e+00	1.687613e+00
2.853223165956537e-02	1.649276e+00	1.685800e+00
2.854491489884762e-02	1.649329e+00	1.683663e+00
2.856561361450843e-02	1.649418e+00	1.680184e+00
2.899999990000000e-02	1.651250e+00	1.608758e+00
2.900000090000000e-02	1.651250e+00	1.608758e+00
2.900032849999997e-02	1.651251e+00	1.608813e+00
2.900065617999994e-02	1.651252e+00	1.608868e+00
2.900131153999988e-02	1.651255e+00	1.608979e+00
2.900262225999976e-02	1.651258e+00	1.609201e+00
2.900494867361496e-02	1.651261e+00	1.609594e+00
2.900872012836840e-02	1.651261e+00	1.610232e+00
2.901626303787530e-02	1.651247e+00	1.611506e+00
2.902453416246408e-02	1.651221e+00	1.612902e+00
2.903641618355238e-02	1.651174e+00	1.614905e+00
2.905048185544349e-02	1.651115e+00	1.617273e+00
2.907505430661710e-02	1.651009e+00	1.621399e+00
2.950000090000000e-02	1.649218e+00	1.691242e+00
2.950000190000000e-02	1.649218e+00	1.691242e+00
2.950032949999997e-02	1.649216e+00	1.691186e+00
2.950065717999994e-02	1.649215e+00	1.691131e+00
2.950131253999988e-02	1.649213e+00	1.691020e+00
2.950262325999976e-02	1.649209e+00	1.690798e+00
2.950452203533528e-02	1.649206e+00	1.690477e+00
2.950774283728837e-02	1.649206e+00	1.689933e+00
2.951418444119453e-02	1.649215e+00	1.688845e+00
2.952147751618071e-02	1.649236e+00	1.687613e+00
2.953223164840272e-02	1.649276e+00	1.685800e+00
2.954491489203184e-02	1.649329e+00	1.683663e+00
2.956561359389912e-02	1.649418e+00	1.680184e+00
2.999999990000000e-02	1.651250e+00	1.608758e+00
3.000000090000000e-02	1.651250e+00	1.608758e+00
3.000032849999997e-02	1.651251e+00	1.608813e+00
3.000065617999994e-02	1.651252e+00	1.608869e+00
3.000131153999988e-02	1.651255e+00	1.608979e+00
3.000262225999976e-02	1.651258e+00	1.609201e+00
3.000494867112555e-02	1.651261e+00	1.609594e+00
3.000872011858281e-02	1.651261e+00	1.610232e+00
3.001626301349732e-02	1.651247e+00	1.611506e+00
3.002453412412542e-02	1.651221e+00	1.612902e+00
3.003641612050328e-02	1.651174e+00	1.614905e+00
3.005048177495932e-02	1.651115e+00	1.617273e+00
3.007505416239336e-02	1.651009e+00	1.621400e+00
3.050000090000000e-02	1.649218e+00	1.691242e+00
3.050000190000000e-02	1.649218e+00	1.691242e+00
3.050032949999997e-02	1.649216e+00	1.691186e+00
3.050065717999994e-02	1.649215e+00	1.691131e+00
3.050131253999988e-02	1.649213e+00	1.691020e+00
3.050262325999976e-02	1.649209e+00	1.690798e+00
3.050452203869620e-02	1.649206e+00	1.690477e+00
3.050774283919872e-02	1.649206e+00	1.689933e+00
3.051418444020376e-02	1.649215e+00	1.688845e+00
3.052147751119915e-02	1.649236e+00	1.687614e+00
3.053223164698075e-02	1.649276e+00	1.685800e+00
3.054491489099740e-02	1.649329e+00	1.683663e+00
3.056561359097926e-02	1.649418e+00	1.680184e+00
3.099999990000000e-02	1.651250e+00	1.608758e+00
3.100000090000000e-02	1.651250e+00	1.608758e+00
3.100032849999997e-02	1.651251e+00	1.608813e+00
3.100065617999994e-02	1.651252e+00	1.608869e+00
3.100131153999988e-02	1.651255e+00	1.608980e+00
3.100262225999976e-02	1.651258e+00	1.609201e+00
3.100494866787635e-02	1.651261e+00	1.609594e+00
3.100872011253634e-02	1.651261e+00	1.610232e+00
3.101626300185631e-02	1.651247e+00	1.611506e+00
3.102453409956846e-02	1.651221e+00	1.612902e+00
3.103641607404191e-02	1.651174e+00	1.614905e+00
3.105048171426245e-02	1.651115e+00	1.617273e+00
3.107505407586441e-02	1.651009e+00	1.621400e+00
3.150000090000000e-02	1.649218e+00	1.691242e+00
3.150000190000000e-02	1.649218e+00	1.691242e+00
3.150032949999997e-02	1.649216e+00	1.691186e+00
3.150065717999994e-02	1.649215e+00	1.691131e+00
3.150131253999988e-02	1.649213e+00	1.691020e+00
3.150262325999976e-02	1.649209e+00	1.690799e+00
3.150452204198569e-02	1.649206e+00	1.690477e+00
3.150774283930136e-02	1.649206e+00	1.689933e+00
3.151418443393272e-02	1.649215e+00	1.688845e+00
3.152147750178296e-02	1.649236e+00	1.687614e+00
3.153223164486278e-02	1.649276e+00	1.685800e+00
3.154491488072291e-02	1.649329e+00	1.683664e+00
3.156561357875669e-02	1.649418e+00	1.680184e+00
3.199999990000000e-02	1.651250e+00	1.608758e+00
3.200000090000000e-02	1.651250e+00	1.608758e+00
3.200032849999997e-02	1.651251e+00	1.608813e+00
3.200065617999994e-02	1.651252e+00	1.608869e+00
3.200131153999988e-02	1.651255e+00	1.608980e+00
3.200262225999976e-02	1.651258e+00	1.609201e+00
3.200494866412296e-02	1.651261e+00	1.609595e+00
3.200872010742726e-02	1.651261e+00	1.610232e+00
3.201626299403586e-02	1.651247e+00	1.611506e+00
3.202453407987777e-02	1.651221e+00	1.612902e+00
3.203641603615335e-02	1.651174e+00	1.614905e+00
3.205048166806405e-02	1.651115e+00	1.617273e+00
3.207505398004414e-02	1.651009e+00	1.621400e+00
3.241519712959590e-02	1.649568e+00	1.677518e+00
3.250000090000000e-02	1.649218e+00	1.691241e+00
3.250000190000000e-02	1.649218e+00	1.691241e+00
3.250032949999997e-02	1.649216e+00	1.691186e+00
3.250065717999994e-02	1.649215e+00	1.691130e+00
3.250131253999988e-02	1.649213e+00	1.691020e+00
3.250262325999976e-02	1.649209e+00	1.690798e+00
3.250452295672352e-02	1.649206e+00	1.690477e+00
3.250774517952263e-02	1.649206e+00	1.689932e+00
3.251418962512085e-02	1.649215e+00	1.688843e+00
3.252148300484354e-02	1.649236e+00	1.687612e+00
3.253223977563190e-02	1.649276e+00	1.685798e+00
3.254492553233396e-02	1.649329e+00	1.683661e+00
3.256563281987817e-02	1.649418e+00	1.680180e+00
3.299999990000000e-02	1.651250e+00	1.608757e+00
3.300000090000000e-02	1.651250e+00	1.608757e+00
3.300032849999990e-02	1.651251e+00	1.608813e+00
3.300065617999980e-02	1.651252e+00	1.608868e+00
3.300131153999959e-02	1.651255e+00	1.608979e+00
3.300262225999919e-02	1.651258e+00	1.609201e+00
3.300494867863406e-02	1.651261e+00	1.609594e+00
3.300872014409480e-02	1.651261e+00	1.610231e+00
3.301626307501627e-02	1.651247e+00	1.611506e+00
3.302453421756660e-02	1.651221e+00	1.612901e+00
3.303641625642998e-02	1.651174e+00	1.614905e+00
3.305048195823255e-02	1.651115e+00	1.617273e+00
3.307505447768777e-02	1.651009e+00	1.621399e+00
3.350000090000000e-02	1.649218e+00	1.691241e+00
3.350000190000000e-02	1.649218e+00	1.691241e+00
3.350032949999997e-02	1.649216e+00	1.691186e+00
3.350065717999994e-02	1.649215e+00	1.691131e+00
3.350131253999988e-02	1.649213e+00	1.691020e+00
3.350262325999976e-02	1.649209e+00	1.690798e+00
3.350452203030726e-02	1.649206e+00	1.690477e+00
3.350774283674276e-02	1.649206e+00	1.689933e+00
3.351418444961375e-02	1.649215e+00	1.688845e+00
3.352147751571137e-02	1.649236e+00	1.687613e+00
3.353223165814186e-02	1.649276e+00	1.685800e+00
3.354491490200806e-02	1.649329e+00	1.683663e+00
3.356561360906010e-02	1.649418e+00	1.680184e+00
3.399999990000000e-02	1.651250e+00	1.608758e+00
3.400000090000000e-02	1.651250e+00	1.608758e+00
3.400032849999997e-02	1.651251e+00	1.608813e+00
3.400065617999994e-02	1.651252e+00	1.608868e+00
3.400131153999988e-02	1.651255e+00	1.608979e+00
3.400262225999975e-02	1.651258e+00	1.609201e+00
3.400494867415322e-02	1.651261e+00	1.609594e+00
3.400872012634919e-02	1.651261e+00	1.610232e+00
3.401626303074114e-02	1.651247e+00	1.611506e+00
3.402453415328394e-02	1.651221e+00	1.612902e+00
3.403641617376846e-02	1.651174e+00	1.614905e+00
3.405048184649903e-02	1.651115e+00	1.617273e+00
3.407505428077613e-02	1.651009e+00	1.621399e+00
3.450000090000000e-02	1.649218e+00	1.691242e+00
3.450000190000000e-02	1.649218e+00	1.691242e+00
3.450032949999997e-02	1.649216e+00	1.691186e+00
3.450065717999994e-02	1.649215e+00	1.691131e+00
3.450131253999988e-02	1.649213e+00	1.691020e+00
3.450262325999975e-02	1.649209e+00	1.690798e+00
3.450452203484535e-02	1.649206e+00	1.690477e+00
3.450774283905692e-02	1.649206e+00	1.689933e+00
3.451418444748006e-02	1.649215e+00	1.688845e+00
3.452147751753764e-02	1.649236e+00	1.687613e+00
3.453223165609293e-02	1.649276e+00	1.685800e+00
3.454491489794011e-02	1.649329e+00	1.683663e+00
3.456561361048216e-02	1.649418e+00	1.680184e+00
3.499999990000000e-02	1.651250e+00	1.608758e+00
3.500000090000000e-02	1.651250e+00	1.608758e+00
3.500032849999997e-02	1.651251e+00	1.608813e+00
3.500065617999994e-02	1.651252e+00	1.608869e+00
3.500131153999988e-02	1.651255e+00	1.608979e+00
3.500262225999975e-02	1.651258e+00	1.609201e+00
3.500494867020967e-02	1.651261e+00	1.609594e+00
3.500872012031273e-02	1.651261e+00	1.610232e+00
3.501626302051883e-02	1.651247e+00	1.611506e+00
3.502453412960582e-02	1.651221e+00	1.612902e+00
3.503641612479315e-02	1.651174e+00	1.614905e+00
3.505048178396289e-02	1.651115e+00	1.617273e+00
3.507505418087179e-02	1.651009e+00	1.621400e+00
3.550000090000000e-02	1.649218e+00	1.691242e+00
3.550000190000000e-02	1.649218e+00	1.691242e+00
3.550032949999997e-02	1.649216e+00	1.691186e+00
3.550065717999994e-02	1.649215e+00	1.691131e+00
3.550131253999988e-02	1.649213e+00	1.691020e+00
3.550262325999975e-02	1.649209e+00	1.690798e+00
3.550452203786292e-02	1.649206e+00	1.690477e+00
3.550774283957896e-02	1.649206e+00	1.689933e+00
3.551418444301106e-02	1.649215e+00	1.688845e+00
3.552147750899956e-02	1.649236e+00	1.687614e+00
3.553223165410443e-02	1.649276e+00	1.685800e+00
3.554491489427728e-02	1.649329e+00	1.683663e+00
3.556561360282517e-02	1.649418e+00	1.680184e+00
3.599999990000000e-02	1.651250e+00	1.608758e+00
3.600000090000000e-02	1.651250e+00	1.608758e+00
3.600032849999997e-02	1.651251e+00	1.608813e+00
3.600065617999994e-02	1.651252e+00	1.608869e+00
3.600131153999988e-02	1.651255e+00	1.608980e+00
3.600262225999976e-02	1.651258e+00	1.609201e+00
3.600494866729884e-02	1.651261e+00	1.609594e+00
3.600872011104658e-02	1.651261e+00	1.610232e+00
3.601626299854206e-02	1.651247e+00	1.611506e+00
3.602453409256919e-02	1.651221e+00	1.612902e+00
3.603641607385975e-02	1.651174e+00	1.614905e+00
3.605048171265229e-02	1.651115e+00	1.617273e+00
3.607505405814168e-02	1.651009e+00	1.621400e+00
3.650000090000000e-02	1.649218e+00	1.691242e+00
3.650000190000000e-02	1.649218e+00	1.691242e+00
3.650032949999997e-02	1.649216e+00	1.691186e+00
3.650065717999994e-02	1.649215e+00	1.691131e+00
3.650131253999988e-02	1.649213e+00	1.691020e+00
3.650262325999976e-02	1.649209e+00	1.690799e+00
3.650452204273026e-02	1.649206e+00	1.690477e+00
3.650774283955333e-02	1.649206e+00	1.689933e+00
3.651418443319945e-02	1.649215e+00	1.688845e+00
3.652147750497363e-02	1.649236e+00	1.687614e+00
3.653223164310377e-02	1.649276e+00	1.685800e+00
3.654491488155576e-02	1.649329e+00	1.683664e+00
3.656561357254244e-02	1.649418e+00	1.680184e+00
3.699999990000000e-02	1.651250e+00	1.608758e+00
3.700000090000000e-02	1.651250e+00	1.608758e+00
3.700032849999997e-02	1.651251e+00	1.608813e+00
3.700065617999994e-02	1.651252e+00	1.608869e+00
3.700131153999988e-02	1.651255e+00	1.608980e+00
3.700262225999976e-02	1.651258e+00	1.609201e+00
3.700494866510654e-02	1.651261e+00	1.609595e+00
3.700872010647852e-02	1.651261e+00	1.610232e+00
3.701626298922248e-02	1.651247e+00	1.611506e+00
3.702453407471800e-02	1.651221e+00	1.612902e+00
3.703641603157617e-02	1.651174e+00	1.614905e+00
3.705048166497325e-02	1.651115e+00	1.617273e+00
3.707505396092897e-02	1.651009e+00	1.621400e+00
3.741519711980772e-02	1.649568e+00	1.677518e+00
3.750000090000000e-02	1.649218e+00	1.691241e+00
3.750000190000000e-02	1.649218e+00	1.691241e+00
3.750032949999997e-02	1.649216e+00	1.691186e+00
3.750065717999994e-02	1.649215e+00	1.691130e+00
3.750131253999988e-02	1.649213e+00	1.691020e+00
3.750262325999976e-02	1.649209e+00	1.690798e+00
3.750452295590338e-02	1.649206e+00	1.690477e+00
3.750774518098014e-02	1.649206e+00	1.689932e+00
3.751418963113368e-02	1.649215e+00	1.688843e+00
3.752148301530252e-02	1.649236e+00	1.687612e+00
3.753223977716130e-02	1.649276e+00	1.685798e+00
3.754492554025025e-02	1.649329e+00	1.683661e+00
3.756563282736039e-02	1.649418e+00	1.680180e+00
3.799999990000000e-02	1.651250e+00	1.608757e+00
3.800000090000000e-02	1.651250e+00	1.608757e+00
3.800032849999997e-02	1.651251e+00	1.608813e+00
3.800065617999994e-02	1.651252e+00	1.608868e+00
3.800131153999988e-02	1.651255e+00	1.608979e+00
3.800262225999976e-02	1.651258e+00	1.609201e+00
3.800494868061284e-02	1.651261e+00	1.609594e+00
3.800872014363855e-02	1.651261e+00	1.610231e+00
3.801626306968996e-02	1.651247e+00	1.611506e+00
3.802453420453405e-02	1.651221e+00	1.612901e+00
3.803641625609502e-02	1.651174e+00	1.614905e+00
3.805048195342801e-02	1.651115e+00	1.617273e+00
3.807505446559575e-02	1.651009e+00	1.621399e+00
3.850000090000000e-02	1.649218e+00	1.691241e+00
3.850000190000000e-02	1.649218e+00	1.691241e+00
3.850032949999997e-02	1.649216e+00	1.691186e+00
3.850065717999994e-02	1.649215e+00	1.691131e+00
3.850131253999988e-02	1.649213e+00	1.691020e+00
3.850262325999976e-02	1.649209e+00	1.690798e+00
3.850452203052208e-02	1.649206e+00	1.690477e+00
3.850774283603921e-02	1.649206e+00	1.689933e+00
3.851418444707345e-02	1.649215e+00	1.688845e+00
3.852147750893119e-02	1.649236e+00	1.687613e+00
3.853223165365264e-02	1.649276e+00	1.685800e+00
3.854491489746262e-02	1.649329e+00	1.683663e+00
3.856561359947611e-02	1.649418e+00	1.680184e+00
3.899999990000000e-02	1.651250e+00	1.608758e+00
3.900000090000000e-02	1.651250e+00	1.608758e+00
3.900032849999997e-02	1.651251e+00	1.608813e+00
3.900065617999994e-02	1.651252e+00	1.608868e+00
3.900131153999987e-02	1.651255e+00	1.608979e+00
3.900262225999976e-02	1.651258e+00	1.609201e+00
3.900494867333321e-02	1.651261e+00	1.609594e+00
3.900872012573164e-02	1.651261e+00	1.610232e+00
3.901626303052848e-02	1.651247e+00	1.611506e+00
3.902453415358801e-02	1.651221e+00	1.612902e+00
3.903641617213419e-02	1.651174e+00	1.614905e+00
3.905048184058849e-02	1.651115e+00	1.617273e+00
3.907505428713445e-02	1.651009e+00	1.621399e+00
3.950000090000000e-02	1.649218e+00	1.691242e+00
3.950000190000000e-02	1.649218e+00	1.691242e+00
3.950032949999997e-02	1.649216e+00	1.691186e+00
3.950065717999994e-02	1.649215e+00	1.691131e+00
3.950131253999987e-02	1.649213e+00	1.691020e+00
3.950262325999976e-02	1.649209e+00	1.690798e+00
3.950452203430724e-02	1.649206e+00	1.690477e+00
3.950774283907545e-02	1.649206e+00	1.689933e+00
3.951418444861185e-02	1.649215e+00	1.688845e+00
3.952147751351208e-02	1.649236e+00	1.687613e+00
3.953223165634050e-02	1.649276e+00	1.685800e+00
3.954491489929576e-02	1.649329e+00	1.683663e+00
3.956561361019184e-02	1.649418e+00	1.680184e+00
3.999999990000000e-02	1.651250e+00	1.608758e+00
4.000000090000000e-02	1.651250e+00	1.608758e+00
4.000032849999997e-02	1.651251e+00	1.608813e+00
4.000065617999994e-02	1.651252e+00	1.608869e+00
4.000131153999988e-02	1.651255e+00	1.608979e+00
4.000262225999976e-02	1.651258e+00	1.609201e+00
4.000494867010437e-02	1.651261e+00	1.609594e+00
4.000872011865163e-02	1.651261e+00	1.610232e+00
4.001626301574615e-02	1.651247e+00	1.611506e+00
4.002453412881013e-02	1.651221e+00	1.612902e+00
4.003641612005985e-02	1.651174e+00	1.614905e+00
4.005048177744595e-02	1.651115e+00	1.617273e+00
4.007505416066558e-02	1.651009e+00	1.621400e+00
4.050000090000000e-02	1.649218e+00	1.691242e+00
4.050000190000000e-02	1.649218e+00	1.691242e+00
4.050032949999997e-02	1.649216e+00	1.691186e+00
4.050065717999994e-02	1.649215e+00	1.691131e+00
4.050131253999988e-02	1.649213e+00	1.691020e+00
4.050262325999976e-02	1.649209e+00	1.690798e+00
4.050452203778682e-02	1.649206e+00	1.690477e+00
4.050774283744560e-02	1.649206e+00	1.689933e+00
4.051418443676316e-02	1.649215e+00	1.688845e+00
4.052147750834686e-02	1.649236e+00	1.687614e+00
4.053223164895296e-02	1.649276e+00	1.685800e+00
4.054491488769863e-02	1.649329e+00	1.683663e+00
4.056561358965809e-02	1.649418e+00	1.680184e+00
4.099999990000000e-02	1.651250e+00	1.608758e+00
4.100000090000000e-02	1.651250e+00	1.608758e+00
4.100032849999997e-02	1.651251e+00	1.608813e+00
4.100065617999994e-02	1.651252e+00	1.608869e+00
4.100131153999988e-02	1.651255e+00	1.608980e+00
4.100262225999976e-02	1.651258e+00	1.609201e+00
4.100494866758003e-02	1.651261e+00	1.609594e+00
4.100872011136240e-02	1.651261e+00	1.610232e+00
4.101626299892716e-02	1.651247e+00	1.611506e+00
4.102453409876559e-02	1.651221e+00	1.612902e+00
4.103641606920684e-02	1.651174e+00	1.614905e+00
4.105048171078191e-02	1.651115e+00	1.617273e+00
4.107505406027916e-02	1.651009e+00	1.621400e+00
4.150000090000000e-02	1.649218e+00	1.691242e+00
4.150000190000000e-02	1.649218e+00	1.691242e+00
4.150032949999997e-02	1.649216e+00	1.691186e+00
4.150065717999994e-02	1.649215e+00	1.691131e+00
4.150131253999988e-02	1.649213e+00	1.691020e+00
4.150262325999976e-02	1.649209e+00	1.690799e+00
4.150452204180791e-02	1.649206e+00	1.690477e+00
4.150774283894072e-02	1.649206e+00	1.689933e+00
4.151418443320634e-02	1.649215e+00	1.688845e+00
4.152147750655082e-02	1.649236e+00	1.687614e+00
4.153223164041577e-02	1.649276e+00	1.685800e+00
4.154491487920105e-02	1.649329e+00	1.683664e+00
4.156561357575204e-02	1.649418e+00	1.680184e+00
4.199999990000000e-02	1.651250e+00	1.608758e+00
4.200000090000000e-02	1.651250e+00	1.608758e+00
4.200032849999997e-02	1.651251e+00	1.608813e+00
4.200065617999994e-02	1.651252e+00	1.608869e+00
4.200131153999988e-02	1.651255e+00	1.608980e+00
4.200262225999975e-02	1.651258e+00	1.609201e+00
4.200494866474084e-02	1.651261e+00	1.609595e+00
4.200872010753900e-02	1.651261e+00	1.610232e+00
4.201626299313533e-02	1.651247e+00	1.611506e+00
4.202453407660468e-02	1.651221e+00	1.612902e+00
4.203641604039052e-02	1.651174e+00	1.614905e+00
4.205048166798543e-02	1.651115e+00	1.617273e+00
4.207505399042769e-02	1.651009e+00	1.621400e+00
4.241519698977501e-02	1.649568e+00	1.677518e+00
4.250000090000000e-02	1.649218e+00	1.691241e+00
4.250000190000000e-02	1.649218e+00	1.691241e+00
4.250032949999997e-02	1.649216e+00	1.691186e+00
4.250065717999994e-02	1.649215e+00	1.691130e+00
4.250131253999988e-02	1.649213e+00	1.691020e+00
4.250262325999975e-02	1.649209e+00	1.690798e+00
4.250452295576322e-02	1.649206e+00	1.690477e+00
4.250774518074201e-02	1.649206e+00	1.689932e+00
4.251418963069958e-02	1.649215e+00	1.688843e+00
4.252148301472044e-02	1.649236e+00	1.687612e+00
4.253223977216413e-02	1.649276e+00	1.685798e+00
4.254492553735768e-02	1.649329e+00	1.683661e+00
4.256563282218205e-02	1.649418e+00	1.680180e+00
4.299999990000000e-02	1.651250e+00	1.608757e+00
4.300000090000000e-02	1.651250e+00	1.608757e+00
4.300032849999990e-02	1.651251e+00	1.608813e+00
4.300065617999980e-02	1.651252e+00	1.608868e+00
4.300131153999959e-02	1.651255e+00	1.608979e+00
4.300262225999919e-02	1.651258e+00	1.609201e+00
4.300494868047443e-02	1.651261e+00	1.609594e+00
4.300872014423521e-02	1.651261e+00	1.610231e+00
4.301626307175677e-02	1.651247e+00	1.611506e+00
4.302453420687597e-02	1.651221e+00	1.612901e+00
4.303641626058360e-02	1.651174e+00	1.614905e+00
4.305048195406311e-02	1.651115e+00	1.617273e+00
4.307505448798698e-02	1.651009e+00	1.621399e+00
4.350000090000000e-02	1.649218e+00	1.691241e+00
4.350000190000000e-02	1.649218e+00	1.691241e+00
4.350032949999997e-02	1.649216e+00	1.691186e+00
4.350065717999994e-02	1.649215e+00	1.691131e+00
4.350131253999988e-02	1.649213e+00	1.691020e+00
4.350262325999976e-02	1.649209e+00	1.690798e+00
4.350452203023362e-02	1.649206e+00	1.690477e+00
4.350774283735262e-02	1.649206e+00	1.689933e+00
4.351418445159062e-02	1.649215e+00	1.688845e+00
4.352147752653549e-02	1.649236e+00	1.687613e+00
4.353223165424915e-02	1.649276e+00	1.685800e+00
4.354491490431992e-02	1.649329e+00	1.683663e+00
4.356561360677974e-02	1.649418e+00	1.680184e+00
4.399999990000000e-02	1.651250e+00	1.608758e+00
4.400000090000000e-02	1.651250e+00	1.608758e+00
4.400032849999997e-02	1.651251e+00	1.608813e+00
4.400065617999994e-02	1.651252e+00	1.608868e+00
4.400131153999988e-02	1.651255e+00	1.608979e+00
4.400262225999976e-02	1.651258e+00	1.609201e+00
4.400494867363496e-02	1.651261e+00	1.609594e+00
4.400872012911939e-02	1.651261e+00	1.610232e+00
4.401626304008826e-02	1.651247e+00	1.611506e+00
4.402453415944782e-02	1.651221e+00	1.612902e+00
4.403641618240122e-02	1.651174e+00	1.614905e+00
4.405048185545069e-02	1.651115e+00	1.617273e+00
4.407505430410841e-02	1.651009e+00	1.621399e+00
4.450000090000000e-02	1.649218e+00	1.691242e+00
4.450000190000000e-02	1.649218e+00	1.691242e+00
4.450032949999997e-02	1.649216e+00	1.691186e+00
4.450065717999994e-02	1.649215e+00	1.691131e+00
4.450131253999988e-02	1.649213e+00	1.691020e+00
4.450262325999976e-02	1.649209e+00	1.690798e+00
4.450452203443413e-02	1.649206e+00	1.690477e+00
4.450774283863591e-02	1.649206e+00	1.689933e+00
4.451418444703945e-02	1.649215e+00	1.688845e+00
4.452147751304265e-02	1.649236e+00	1.687613e+00
4.453223165790319e-02	1.649276e+00	1.685800e+00
4.454491489857931e-02	1.649329e+00	1.683663e+00
4.456561361648979e-02	1.649418e+00	1.680184e+00
4.499999990000000e-02	1.651250e+00	1.608758e+00
4.500000090000000e-02	1.651250e+00	1.608758e+00
4.500032849999997e-02	1.651251e+00	1.608813e+00
4.500065617999994e-02	1.651252e+00	1.608869e+00
4.500131153999988e-02	1.651255e+00	1.608979e+00
4.500262225999976e-02	1.651258e+00	1.609201e+00
4.500494866995176e-02	1.651261e+00	1.609594e+00
4.500872011968125e-02	1.651261e+00	1.610232e+00
4.501626301914024e-02	1.651247e+00	1.611506e+00
4.502453412775563e-02	1.651221e+00	1.612902e+00
4.503641612677145e-02	1.651174e+00	1.614905e+00
4.505048178129083e-02	1.651115e+00	1.617273e+00
4.507505418381778e-02	1.651009e+00	1.621400e+00
4.550000090000000e-02	1.649218e+00	1.691242e+00
4.550000190000000e-02	1.649218e+00	1.691242e+00
4.550032949999997e-02	1.649216e+00	1.691186e+00
4.550065717999994e-02	1.649215e+00	1.691131e+00
4.550131253999988e-02	1.649213e+00	1.691020e+00
4.550262325999976e-02	1.649209e+00	1.690798e+00
4.550452203972763e-02	1.649206e+00	1.690477e+00
4.550774283786097e-02	1.649206e+00	1.689933e+00
4.551418443412766e-02	1.649215e+00	1.688845e+00
4.552147750254149e-02	1.649236e+00	1.687614e+00
4.553223164604996e-02	1.649276e+00	1.685800e+00
4.554491488401394e-02	1.649329e+00	1.683663e+00
4.556561358224177e-02	1.649418e+00	1.680184e+00
4.599999990000000e-02	1.651250e+00	1.608758e+00
4.600000090000000e-02	1.651250e+00	1.608758e+00
4.600032849999997e-02	1.651251e+00	1.608813e+00
4.600065617999994e-02	1.651252e+00	1.608869e+00
4.600131153999988e-02	1.651255e+00	1.608980e+00
4.600262225999976e-02	1.651258e+00	1.609201e+00
4.600494866659469e-02	1.651261e+00	1.609594e+00
4.600872011210776e-02	1.651261e+00	1.610232e+00
4.601626300313388e-02	1.651247e+00	1.611506e+00
4.602453410628914e-02	1.651221e+00	1.612902e+00
4.603641607514030e-02	1.651174e+00	1.614905e+00
4.605048172008334e-02	1.651115e+00	1.617273e+00
4.607505406198140e-02	1.651009e+00	1.621400e+00
4.650000090000000e-02	1.649218e+00	1.691242e+00
4.650000190000000e-02	1.649218e+00	1.691242e+00
4.650032949999997e-02	1.649216e+00	1.691186e+00
4.650065717999994e-02	1.649215e+00	1.691131e+00
4.650131253999988e-02	1.649213e+00	1.691020e+00
4.650262325999976e-02	1.649209e+00	1.690799e+00
4.650452204208036e-02	1.649206e+00	1.690477e+00
4.650774283929290e-02	1.649206e+00	1.689933e+00
4.651418443371799e-02	1.649215e+00	1.688845e+00
4.652147750417097e-02	1.649236e+00	1.687614e+00
4.653223163959149e-02	1.649276e+00	1.685800e+00
4.654491488012134e-02	1.649329e+00	1.683664e+00
4.656561357138024e-02	1.649418e+00	1.680184e+00
4.699999990000000e-02	1.651250e+00	1.608758e+00
4.700000090000000e-02	1.651250e+00	1.608758e+00
4.700032849999997e-02	1.651251e+00	1.608813e+00
4.700065617999994e-02	1.651252e+00	1.608869e+00
4.700131153999988e-02	1.651255e+00	1.608980e+00
4.700262225999976e-02	1.651258e+00	1.609201e+00
4.700494866339311e-02	1.651261e+00	1.609595e+00
4.700872010600941e-02	1.651261e+00	1.610232e+00
4.701626299124199e-02	1.651247e+00	1.611506e+00
4.702453408230580e-02	1.651221e+00	1.612902e+00
4.703641603326173e-02	1.651174e+00	1.614905e+00
4.705048166566600e-02	1.651115e+00	1.617273e+00
4.707505396898429e-02	1.651009e+00	1.621400e+00
4.741519717312492e-02	1.649568e+00	1.677518e+00
4.750000090000000e-02	1.649218e+00	1.691241e+00
4.750000190000000e-02	1.649218e+00	1.691241e+00
4.750032949999997e-02	1.649216e+00	1.691186e+00
4.750065717999994e-02	1.649215e+00	1.691130e+00
4.750131253999988e-02	1.649213e+00	1.691020e+00
4.750262325999976e-02	1.649209e+00	1.690798e+00
4.750452295678080e-02	1.649206e+00	1.690477e+00
4.750774517950457e-02	1.649206e+00	1.689932e+00
4.751418962495213e-02	1.649215e+00	1.688843e+00
4.752148300816467e-02	1.649236e+00	1.687612e+00
4.753223977448100e-02	1.649276e+00	1.685798e+00
4.754492553406614e-02	1.649329e+00	1.683661e+00
4.756563281700302e-02	1.649418e+00	1.680180e+00
4.799999990000000e-02	1.651250e+00	1.608757e+00
4.800000090000000e-02	1.651250e+00	1.608757e+00
4.800032849999997e-02	1.651251e+00	1.608813e+00
4.800065617999994e-02	1.651252e+00	1.608868e+00
4.800131153999988e-02	1.651255e+00	1.608979e+00
4.800262225999976e-02	1.651258e+00	1.609201e+00
4.800494868053518e-02	1.651261e+00	1.609594e+00
4.800872014292393e-02	1.651261e+00	1.610231e+00
4.801626306770145e-02	1.651247e+00	1.611506e+00
4.802453420180340e-02	1.651221e+00	1.612901e+00
4.803641625292301e-02	1.651174e+00	1.614905e+00
4.805048195137293e-02	1.651115e+00	1.617273e+00
4.807505446086946e-02	1.651009e+00	1.621399e+00
4.850000090000000e-02	1.649218e+00	1.691241e+00
4.850000190000000e-02	1.649218e+00	1.691241e+00
4.850032949999997e-02	1.649216e+00	1.691186e+00
4.850065717999994e-02	1.649215e+00	1.691131e+00
4.850131253999988e-02	1.649213e+00	1.691020e+00
4.850262325999976e-02	1.649209e+00	1.690798e+00
4.850452202984516e-02	1.649206e+00	1.690477e+00
4.850774283930360e-02	1.649206e+00	1.689933e+00
4.851418445822048e-02	1.649215e+00	1.688845e+00
4.852147752955036e-02	1.649236e+00	1.687613e+00
4.853223166454926e-02	1.649276e+00	1.685800e+00
4.854491491112650e-02	1.649329e+00	1.683663e+00
4.856561362897117e-02	1.649418e+00	1.680184e+00
4.899999990000000e-02	1.651250e+00	1.608758e+00
4.900000090000000e-02	1.651250e+00	1.608758e+00
4.900032849999997e-02	1.651251e+00	1.608813e+00
4.900065617999994e-02	1.651252e+00	1.608868e+00
4.900131153999988e-02	1.651255e+00	1.608979e+00
4.900262225999975e-02	1.651258e+00	1.609201e+00
4.900494867486258e-02	1.651261e+00	1.609594e+00
4.900872012748278e-02	1.651261e+00	1.610232e+00
4.901626303272320e-02	1.651247e+00	1.611506e+00
4.902453415301422e-02	1.651221e+00	1.612902e+00
4.903641617731658e-02	1.651174e+00	1.614905e+00
4.905048184344882e-02	1.651115e+00	1.617273e+00
4.907505429987343e-02	1.651009e+00	1.621399e+00
4.950000090000000e-02	1.649218e+00	1.691242e+00
4.950000190000000e-02	1.649218e+00	1.691242e+00
4.950032949999997e-02	1.649216e+00	1.691186e+00
4.950065717999994e-02	1.649215e+00	1.691131e+00
4.950131253999988e-02	1.649213e+00	1.691020e+00
4.950262325999975e-02	1.649209e+00	1.690798e+00
4.950452203490491e-02	1.649206e+00	1.690477e+00
4.950774283723751e-02	1.649206e+00	1.689933e+00
4.951418444190270e-02	1.649215e+00	1.688845e+00
4.952147750901392e-02	1.649236e+00	1.687613e+00
4.953223164986865e-02	1.649276e+00	1.685800e+00
4.954491489029405e-02	1.649329e+00	1.683663e+00
4.956561359264465e-02	1.649418e+00	1.680184e+00
4.999999990000000e-02	1.651250e+00	1.608758e+00
5.000000090000000e-02	1.651250e+00	1.608758e+00
5.000032849999997e-02	1.651251e+00	1.608813e+00
5.000065617999994e-02	1.651252e+00	1.608869e+00
5.000131153999988e-02	1.651255e+00	1.608979e+00
5.000262225999975e-02	1.651258e+00	1.609201e+00
5.000494867010004e-02	1.651261e+00	1.609594e+00
5.000872011773509e-02	1.651261e+00	1.610232e+00
5.001626301300519e-02	1.651247e+00	1.611506e+00
5.002453412281623e-02	1.651221e+00	1.612902e+00
5.003641612115545e-02	1.651174e+00	1.614905e+00
5.005048177269952e-02	1.651115e+00	1.617273e+00
5.007505416742249e-02	1.651009e+00	1.621400e+00
5.050000090000000e-02	1.649218e+00	1.691242e+00
5.050000190000000e-02	1.649218e+00	1.691242e+00
5.050032949999997e-02	1.649216e+00	1.691186e+00
5.050065717999994e-02	1.649215e+00	1.691131e+00
5.050131253999988e-02	1.649213e+00	1.691020e+00
5.050262325999975e-02	1.649209e+00	1.690798e+00
5.050452203796905e-02	1.649206e+00	1.690477e+00
5.050774283902983e-02	1.649206e+00	1.689933e+00
5.051418444115142e-02	1.649215e+00	1.688845e+00
5.052147751344409e-02	1.649236e+00	1.687614e+00
5.053223165222619e-02	1.649276e+00	1.685800e+00
5.054491489087584e-02	1.649329e+00	1.683663e+00
5.056561359384321e-02	1.649418e+00	1.680184e+00
5.099999990000000e-02	1.651250e+00	1.608758e+00
5.100000090000000e-02	1.651250e+00	1.608758e+00
5.100032849999997e-02	1.651251e+00	1.608813e+00
5.100065617999994e-02	1.651252e+00	1.608869e+00
5.100131153999988e-02	1.651255e+00	1.608980e+00
5.100262225999976e-02	1.651258e+00	1.609201e+00
5.100494866663909e-02	1.651261e+00	1.609594e+00
5.100872011133459e-02	1.651261e+00	1.610232e+00
5.101626300072557e-02	1.651247e+00	1.611506e+00
5.102453410441816e-02	1.651221e+00	1.612902e+00
5.103641607806625e-02	1.651174e+00	1.614905e+00
5.105048171605672e-02	1.651115e+00	1.617273e+00
5.107505407526871e-02	1.651009e+00	1.621400e+00
5.150000090000000e-02	1.649218e+00	1.691242e+00
5.150000190000000e-02	1.649218e+00	1.691242e+00
5.150032949999997e-02	1.649216e+00	1.691186e+00
5.150065717999994e-02	1.649215e+00	1.691131e+00
5.150131253999988e-02	1.649213e+00	1.691020e+00
5.150262325999976e-02	1.649209e+00	1.690799e+00
5.150452204169659e-02	1.649206e+00	1.690477e+00
5.150774284055853e-02	1.649206e+00	1.689933e+00
5.151418443828240e-02	1.649215e+00	1.688845e+00
5.152147750760505e-02	1.649236e+00	1.687614e+00
5.153223164277693e-02	1.649276e+00	1.685800e+00
5.154491488564907e-02	1.649329e+00	1.683664e+00
5.156561358019847e-02	1.649418e+00	1.680184e+00
5.199999990000000e-02	1.651250e+00	1.608758e+00
5.200000090000000e-02	1.651250e+00	1.608758e+00
5.200032849999997e-02	1.651251e+00	1.608813e+00
5.200065617999994e-02	1.651252e+00	1.608869e+00
5.200131153999988e-02	1.651255e+00	1.608980e+00
5.200262225999976e-02	1.651258e+00	1.609201e+00
5.200494866535629e-02	1.651261e+00	1.609595e+00
5.200872010734001e-02	1.651261e+00	1.610232e+00
5.201626299130745e-02	1.651247e+00	1.611506e+00
5.202453407425870e-02	1.651221e+00	1.612902e+00
5.203641603609605e-02	1.651174e+00	1.614905e+00
5.205048166584984e-02	1.651115e+00	1.617273e+00
5.207505398283448e-02	1.651009e+00	1.621400e+00
5.241519681289416e-02	1.649568e+00	1.677518e+00
5.250000090000000e-02	1.649218e+00	1.691241e+00
5.250000190000000e-02	1.649218e+00	1.691241e+00
5.250032949999997e-02	1.649216e+00	1.691186e+00
5.250065717999994e-02	1.649215e+00	1.691130e+00
5.250131253999988e-02	1.649213e+00	1.691020e+00
5.250262325999976e-02	1.649209e+00	1.690798e+00
5.250452295690686e-02	1.649206e+00	1.690477e+00
5.250774517989966e-02	1.649206e+00	1.689932e+00
5.251418962588526e-02	1.649215e+00	1.688843e+00
5.252148300778348e-02	1.649236e+00	1.687612e+00
5.253223977206990e-02	1.649276e+00	1.685798e+00
5.254492553407182e-02	1.649329e+00	1.683661e+00
5.256563281094390e-02	1.649418e+00	1.680180e+00
5.299999990000000e-02	1.651250e+00	1.608757e+00
5.300000090000000e-02	1.651250e+00	1.608757e+00
5.300032849999997e-02	1.651251e+00	1.608813e+00
5.300065617999994e-02	1.651252e+00	1.608868e+00
5.300131153999988e-02	1.651255e+00	1.608979e+00
5.300262225999976e-02	1.651258e+00	1.609201e+00
5.300494868128517e-02	1.651261e+00	1.609594e+00
5.300872014379825e-02	1.651261e+00	1.610231e+00
5.301626306882441e-02	1.651247e+00	1.611506e+00
5.302453420439550e-02	1.651221e+00	1.612901e+00
5.303641625840395e-02	1.651174e+00	1.614905e+00
5.305048195418288e-02	1.651115e+00	1.617273e+00
5.307505447569549e-02	1.651009e+00	1.621399e+00
5.350000090000000e-02	1.649218e+00	1.691241e+00
5.350000190000000e-02	1.649218e+00	1.691241e+00
5.350032949999997e-02	1.649216e+00	1.691186e+00
5.350065717999994e-02	1.649215e+00	1.691131e+00
5.350131253999988e-02	1.649213e+00	1.691020e+00
5.350262325999976e-02	1.649209e+00	1.690798e+00
5.350452202984208e-02	1.649206e+00	1.690477e+00
5.350774283668712e-02	1.649206e+00	1.689933e+00
5.351418445037721e-02	1.649215e+00	1.688845e+00
5.352147751817992e-02	1.649236e+00	1.687613e+00
5.353223165398966e-02	1.649276e+00	1.685800e+00
5.354491489984529e-02	1.649329e+00	1.683663e+00
5.356561360748385e-02	1.649418e+00	1.680184e+00
5.399999990000000e-02	1.651250e+00	1.608758e+00
5.400000090000000e-02	1.651250e+00	1.608758e+00
5.400032849999990e-02	1.651251e+00	1.608813e+00
5.400065617999979e-02	1.651252e+00	1.608868e+00
5.400131153999960e-02	1.651255e+00	1.608979e+00
5.400262225999919e-02	1.651258e+00	1.609201e+00
5.400494867449099e-02	1.651261e+00	1.609594e+00
5.400872012795620e-02	1.651261e+00	1.610232e+00
5.401626303488662e-02	1.651247e+00	1.611506e+00
5.402453415893581e-02	1.651221e+00	1.612902e+00
5.403641617520515e-02	1.651174e+00	1.614905e+00
5.405048185359938e-02	1.651115e+00	1.617273e+00
5.407505426829316e-02	1.651009e+00	1.621399e+00
5.450000090000000e-02	1.649218e+00	1.691242e+00
5.450000190000000e-02	1.649218e+00	1.691242e+00
5.450032949999997e-02	1.649216e+00	1.691186e+00
5.450065717999994e-02	1.649215e+00	1.691131e+00
5.450131253999988e-02	1.649213e+00	1.691020e+00
5.450262325999976e-02	1.649209e+00	1.690798e+00
5.450452203461575e-02	1.649206e+00	1.690477e+00
5.450774283832876e-02	1.649206e+00	1.689933e+00
5.451418444575478e-02	1.649215e+00	1.688845e+00
5.452147751483386e-02	1.649236e+00	1.687613e+00
5.453223165023616e-02	1.649276e+00	1.685800e+00
5.454491489497874e-02	1.649329e+00	1.683663e+00
5.456561359612787e-02	1.649418e+00	1.680184e+00
5.499999990000000e-02	1.651250e+00	1.608758e+00
5.500000090000000e-02	1.651250e+00	1.608758e+00
5.500032849999997e-02	1.651251e+00	1.608813e+00
5.500065617999994e-02	1.651252e+00	1.608869e+00
5.500131153999988e-02	1.651255e+00	1.608979e+00
5.500262225999976e-02	1.651258e+00	1.609201e+00
5.500494866947703e-02	1.651261e+00	1.609594e+00
5.500872011920700e-02	1.651261e+00	1.610232e+00
5.501626301866693e-02	1.651247e+00	1.611506e+00
5.502453412810056e-02	1.651221e+00	1.612902e+00
5.503641612320453e-02	1.651174e+00	1.614905e+00
5.505048177947084e-02	1.651115e+00	1.617273e+00
5.507505417385547e-02	1.651009e+00	1.621400e+00
5.550000090000000e-02	1.649218e+00	1.691242e+00
5.550000190000000e-02	1.649218e+00	1.691242e+00
5.550032949999997e-02	1.649216e+00	1.691186e+00
5.550065717999994e-02	1.649215e+00	1.691131e+00
5.550131253999988e-02	1.649213e+00	1.691020e+00
5.550262325999976e-02	1.649209e+00	1.690798e+00
5.550452203905918e-02	1.649206e+00	1.690477e+00
5.550774283904179e-02	1.649206e+00	1.689933e+00
5.551418443900701e-02	1.649215e+00	1.688845e+00
5.552147750415976e-02	1.649236e+00	1.687614e+00
5.553223165288796e-02	1.649276e+00	1.685800e+00
5.554491489005558e-02	1.649329e+00	1.683663e+00
5.556561359196523e-02	1.649418e+00	1.680184e+00
5.599999990000000e-02	1.651250e+00	1.608758e+00
5.600000090000000e-02	1.651250e+00	1.608758e+00
5.600032849999997e-02	1.651251e+00	1.608813e+00
5.600065617999994e-02	1.651252e+00	1.608869e+00
5.600131153999988e-02	1.651255e+00	1.608980e+00
5.600262225999976e-02	1.651258e+00	1.609201e+00
5.600494866640281e-02	1.651261e+00	1.609594e+00
5.600872011136086e-02	1.651261e+00	1.610232e+00
5.601626300127695e-02	1.651247e+00	1.611506e+00
5.602453409884690e-02	1.651221e+00	1.612902e+00
5.603641606852442e-02	1.651174e+00	1.614905e+00
5.605048171373510e-02	1.651115e+00	1.617273e+00
5.607505405949040e-02	1.651009e+00	1.621400e+00
5.650000090000000e-02	1.649218e+00	1.691242e+00
5.650000190000000e-02	1.649218e+00	1.691242e+00
5.650032949999997e-02	1.649216e+00	1.691186e+00
5.650065717999994e-02	1.649215e+00	1.691131e+00
5.650131253999988e-02	1.649213e+00	1.691020e+00
5.650262325999976e-02	1.649209e+00	1.690799e+00
5.650452204173561e-02	1.649206e+00	1.690477e+00
5.650774283948950e-02	1.649206e+00	1.689933e+00
5.651418443499726e-02	1.649215e+00	1.688845e+00
5.652147750319839e-02	1.649236e+00	1.687614e+00
5.653223164301661e-02	1.649276e+00	1.685800e+00
5.654491487859899e-02	1.649329e+00	1.683664e+00
5.656561358187738e-02	1.649418e+00	1.680184e+00
5.699999990000000e-02	1.651250e+00	1.608758e+00
5.700000090000000e-02	1.651250e+00	1.608758e+00
5.700032849999997e-02	1.651251e+00	1.608813e+00
5.700065617999994e-02	1.651252e+00	1.608869e+00
5.700131153999988e-02	1.651255e+00	1.608980e+00
5.700262225999975e-02	1.651258e+00	1.609201e+00
5.700494866401136e-02	1.651261e+00	1.609595e+00
5.700872010562752e-02	1.651261e+00	1.610232e+00
5.701626298885983e-02	1.651247e+00	1.611506e+00
5.702453407866555e-02	1.651221e+00	1.612902e+00
5.703641603268899e-02	1.651174e+00	1.614905e+00
5.705048166185855e-02	1.651115e+00	1.617273e+00
5.707505398042834e-02	1.651009e+00	1.621400e+00
5.741519663641727e-02	1.649568e+00	1.677518e+00
5.750000090000000e-02	1.649218e+00	1.691241e+00
5.750000190000000e-02	1.649218e+00	1.691241e+00
5.750032949999997e-02	1.649216e+00	1.691186e+00
5.750065717999994e-02	1.649215e+00	1.691130e+00
5.750131253999988e-02	1.649213e+00	1.691020e+00
5.750262325999975e-02	1.649209e+00	1.690798e+00
5.750452295605045e-02	1.649206e+00	1.690477e+00
5.750774517923364e-02	1.649206e+00	1.689932e+00
5.751418962560002e-02	1.649215e+00	1.688843e+00
5.752148301358355e-02	1.649236e+00	1.687612e+00
5.753223977370647e-02	1.649276e+00	1.685798e+00
5.754492553116007e-02	1.649329e+00	1.683661e+00
5.756563282399164e-02	1.649418e+00	1.680180e+00
5.799999990000000e-02	1.651250e+00	1.608757e+00
5.800000090000000e-02	1.651250e+00	1.608757e+00
5.800032849999997e-02	1.651251e+00	1.608813e+00
5.800065617999994e-02	1.651252e+00	1.608868e+00
5.800131153999988e-02	1.651255e+00	1.608979e+00
5.800262225999975e-02	1.651258e+00	1.609201e+00
5.800494868178899e-02	1.651261e+00	1.609594e+00
5.800872014287536e-02	1.651261e+00	1.610231e+00
5.801626306504812e-02	1.651247e+00	1.611506e+00
5.802453419341792e-02	1.651221e+00	1.612901e+00
5.803641625176816e-02	1.651174e+00	1.614905e+00
5.805048194460549e-02	1.651115e+00	1.617273e+00
5.807505446682692e-02	1.651009e+00	1.621399e+00
5.850000090000000e-02	1.649218e+00	1.691241e+00
5.850000190000000e-02	1.649218e+00	1.691241e+00
5.850032949999997e-02	1.649216e+00	1.691186e+00
5.850065717999994e-02	1.649215e+00	1.691131e+00
5.850131253999988e-02	1.649213e+00	1.691020e+00
5.850262325999975e-02	1.649209e+00	1.690798e+00
5.850452202951983e-02	1.649206e+00	1.690477e+00
5.850774283595773e-02	1.649206e+00	1.689933e+00
5.851418444883353e-02	1.649215e+00	1.688845e+00
5.852147751753192e-02	1.649236e+00	1.687613e+00
5.853223165501321e-02	1.649276e+00	1.685800e+00
5.854491489690118e-02	1.649329e+00	1.683663e+00
5.856561360817383e-02	1.649418e+00	1.680184e+00
5.899999990000000e-02	1.651250e+00	1.608758e+00
5.900000090000000e-02	1.651250e+00	1.608758e+00
5.900032849999997e-02	1.651251e+00	1.608813e+00
5.900065617999994e-02	1.651252e+00	1.608868e+00
5.900131153999988e-02	1.651255e+00	1.608979e+00
5.900262225999976e-02	1.651258e+00	1.609201e+00
5.900494867349401e-02	1.651261e+00	1.609594e+00
5.900872012687624e-02	1.651261e+00	1.610232e+00
5.901626303364069e-02	1.651247e+00	1.611506e+00
5.902453415518869e-02	1.651221e+00	1.612902e+00
5.903641617763576e-02	1.651174e+00	1.614905e+00
5.905048185063984e-02	1.651115e+00	1.617273e+00
5.907505428031850e-02	1.651009e+00	1.621399e+00
5.950000090000000e-02	1.649218e+00	1.691242e+00
5.950000190000000e-02	1.649218e+00	1.691242e+00
5.950032949999997e-02	1.649216e+00	1.691186e+00
5.950065717999994e-02	1.649215e+00	1.691131e+00
5.950131253999988e-02	1.649213e+00	1.691020e+00
5.950262325999976e-02	1.649209e+00	1.690798e+00
5.950452203415107e-02	1.649206e+00	1.690477e+00
5.950774283812588e-02	1.649206e+00	1.689933e+00
5.951418444607550e-02	1.649215e+00	1.688845e+00
5.952147751164118e-02	1.649236e+00	1.687613e+00
5.953223165273647e-02	1.649276e+00	1.685800e+00
5.954491489575965e-02	1.649329e+00	1.683663e+00
5.956561359507355e-02	1.649418e+00	1.680184e+00
5.999999990000000e-02	1.651250e+00	1.608758e+00
6.000000090000000e-02	1.651250e+00	1.608758e+00
6.000032849999997e-02	1.651251e+00	1.608813e+00
6.000065617999994e-02	1.651252e+00	1.608869e+00
6.000131153999988e-02	1.651255e+00	1.608979e+00
6.000262225999976e-02	1.651258e+00	1.609201e+00
6.000494867049493e-02	1.651261e+00	1.609594e+00
6.000872011957829e-02	1.651261e+00	1.610232e+00
6.001626301774503e-02	1.651247e+00	1.611506e+00
6.002453413024266e-02	1.651221e+00	1.612902e+00
6.003641612382828e-02	1.651174e+00	1.614905e+00
6.005048177974358e-02	1.651115e+00	1.617273e+00
6.007505417448429e-02	1.651009e+00	1.621400e+00
6.050000090000000e-02	1.649218e+00	1.691242e+00
6.050000190000000e-02	1.649218e+00	1.691242e+00
6.050032949999997e-02	1.649216e+00	1.691186e+00
6.050065717999994e-02	1.649215e+00	1.691131e+00
6.050131253999988e-02	1.649213e+00	1.691020e+00
6.050262325999976e-02	1.649209e+00	1.690798e+00
6.050452203862363e-02	1.649206e+00	1.690477e+00
6.050774284074145e-02	1.649206e+00	1.689933e+00
6.051418444497711e-02	1.649215e+00	1.688845e+00
6.052147751304895e-02	1.649236e+00	1.687614e+00
6.053223165645723e-02	1.649276e+00	1.685800e+00
6.054491490093587e-02	1.649329e+00	1.683663e+00
6.056561359806685e-02	1.649418e+00	1.680184e+00
6.099999990000000e-02	1.651250e+00	1.608758e+00
6.100000090000000e-02	1.651250e+00	1.608758e+00
6.100032849999997e-02	1.651251e+00	1.608813e+00
6.100065617999994e-02	1.651252e+00	1.608869e+00
6.100131153999988e-02	1.651255e+00	1.608980e+00
6.100262225999976e-02	1.651258e+00	1.609201e+00
6.100494866684173e-02	1.651261e+00	1.609594e+00
6.100872011283570e-02	1.651261e+00	1.610232e+00
6.101626300482365e-02	1.651247e+00	1.611506e+00
6.102453410346174e-02	1.651221e+00	1.612902e+00
6.103641607511191e-02	1.651174e+00	1.614905e+00
6.105048172248838e-02	1.651115e+00	1.617273e+00
6.107505406319568e-02	1.651009e+00	1.621400e+00
6.150000090000000e-02	1.649218e+00	1.691242e+00
6.150000190000000e-02	1.649218e+00	1.691242e+00
6.150032949999997e-02	1.649216e+00	1.691186e+00
6.150065717999994e-02	1.649215e+00	1.691131e+00
6.150131253999988e-02	1.649213e+00	1.691020e+00
6.150262325999976e-02	1.649209e+00	1.690799e+00
6.150452204186981e-02	1.649206e+00	1.690477e+00
6.150774284063566e-02	1.649206e+00	1.689933e+00
6.151418443816733e-02	1.649215e+00	1.688845e+00
6.152147750354851e-02	1.649236e+00	1.687614e+00
6.153223164883975e-02	1.649276e+00	1.685800e+00
6.154491488715041e-02	1.649329e+00	1.683664e+00
6.156561358717690e-02	1.649418e+00	1.680184e+00
6.199999990000000e-02	1.651250e+00	1.608758e+00
6.200000090000000e-02	1.651250e+00	1.608758e+00
6.200032849999997e-02	1.651251e+00	1.608813e+00
6.200065617999994e-02	1.651252e+00	1.608869e+00
6.200131153999988e-02	1.651255e+00	1.608980e+00
6.200262225999976e-02	1.651258e+00	1.609201e+00
6.200494866482063e-02	1.651261e+00	1.609595e+00
6.200872010684137e-02	1.651261e+00	1.610232e+00
6.201626299088282e-02	1.651247e+00	1.611506e+00
6.202453408037293e-02	1.651221e+00	1.612902e+00
6.203641602959064e-02	1.651174e+00	1.614905e+00
6.205048166288606e-02	1.651115e+00	1.617273e+00
6.207505397084322e-02	1.651009e+00	1.621400e+00
6.241519694443363e-02	1.649568e+00	1.677518e+00
6.250000090000001e-02	1.649218e+00	1.691241e+00
6.250000190000000e-02	1.649218e+00	1.691241e+00
6.250032949999997e-02	1.649216e+00	1.691186e+00
6.250065717999993e-02	1.649215e+00	1.691130e+00
6.250131253999988e-02	1.649213e+00	1.691020e+00
6.250262325999975e-02	1.649209e+00	1.690798e+00
6.250452295598129e-02	1.649206e+00	1.690477e+00
6.250774517790358e-02	1.649206e+00	1.689932e+00
6.251418962174819e-02	1.649215e+00	1.688843e+00
6.252148300133767e-02	1.649236e+00	1.687612e+00
6.253223977257819e-02	1.649276e+00	1.685798e+00
6.254492552642836e-02	1.649329e+00	1.683661e+00
6.256563281043405e-02	1.649418e+00	1.680180e+00
6.299999990000001e-02	1.651250e+00	1.608757e+00
6.300000090000001e-02	1.651250e+00	1.608757e+00
6.300032849999997e-02	1.651251e+00	1.608813e+00
6.300065617999993e-02	1.651252e+00	1.608868e+00
6.300131153999988e-02	1.651255e+00	1.608979e+00
6.300262225999975e-02	1.651258e+00	1.609201e+00
6.300494868049647e-02	1.651261e+00	1.609594e+00
6.300872014237473e-02	1.651261e+00	1.610231e+00
6.301626306613123e-02	1.651247e+00	1.611506e+00
6.302453419838906e-02	1.651221e+00	1.612901e+00
6.303641624998110e-02	1.651174e+00	1.614905e+00
6.305048194932886e-02	1.651115e+00	1.617273e+00
6.307505445352198e-02	1.651009e+00	1.621399e+00
6.350000090000001e-02	1.649218e+00	1.691241e+00
6.350000190000001e-02	1.649218e+00	1.691241e+00
6.350032949999997e-02	1.649216e+00	1.691186e+00
6.350065717999993e-02	1.649215e+00	1.691131e+00
6.350131253999988e-02	1.649213e+00	1.691020e+00
6.350262325999975e-02	1.649209e+00	1.690798e+00
6.350452202920590e-02	1.649206e+00	1.690477e+00
6.350774283645157e-02	1.649206e+00	1.689933e+00
6.351418445094294e-02	1.649215e+00	1.688845e+00
6.352147752161019e-02	1.649236e+00	1.687613e+00
6.353223165808633e-02	1.649276e+00	1.685800e+00
6.354491490192218e-02	1.649329e+00	1.683663e+00
6.356561361300897e-02	1.649418e+00	1.680184e+00
6.399999990000001e-02	1.651250e+00	1.608758e+00
6.400000090000001e-02	1.651250e+00	1.608758e+00
6.400032849999990e-02	1.651251e+00	1.608813e+00
6.400065617999980e-02	1.651252e+00	1.608868e+00
6.400131153999959e-02	1.651255e+00	1.608979e+00
6.400262225999918e-02	1.651258e+00	1.609201e+00
6.400494867471866e-02	1.651261e+00	1.609594e+00
6.400872012890763e-02	1.651261e+00	1.610232e+00
6.401626303728554e-02	1.651247e+00	1.611506e+00
6.402453416506965e-02	1.651221e+00	1.612902e+00
6.403641617642571e-02	1.651174e+00	1.614905e+00
6.405048185368337e-02	1.651115e+00	1.617273e+00
6.407505428649182e-02	1.651009e+00	1.621399e+00
6.450000089999999e-02	1.649218e+00	1.691242e+00
6.450000190000001e-02	1.649218e+00	1.691242e+00
6.450032949999997e-02	1.649216e+00	1.691186e+00
6.450065717999993e-02	1.649215e+00	1.691131e+00
6.450131253999988e-02	1.649213e+00	1.691020e+00
6.450262325999975e-02	1.649209e+00	1.690798e+00
6.450452203518323e-02	1.649206e+00	1.690477e+00
6.450774283815877e-02	1.649206e+00	1.689933e+00
6.451418444410986e-02	1.649215e+00	1.688845e+00
6.452147751108690e-02	1.649236e+00	1.687613e+00
6.453223165063161e-02	1.649276e+00	1.685800e+00
6.454491489359090e-02	1.649329e+00	1.683663e+00
6.456561359842317e-02	1.649418e+00	1.680184e+00
6.499999989999999e-02	1.651250e+00	1.608758e+00
6.500000089999999e-02	1.651250e+00	1.608758e+00
6.500032849999997e-02	1.651251e+00	1.608813e+00
6.500065617999994e-02	1.651252e+00	1.608869e+00
6.500131153999988e-02	1.651255e+00	1.608979e+00
6.500262225999975e-02	1.651258e+00	1.609201e+00
6.500494866967110e-02	1.651261e+00	1.609594e+00
6.500872011917024e-02	1.651261e+00	1.610232e+00
6.501626301816849e-02	1.651247e+00	1.611506e+00
6.502453412808329e-02	1.651221e+00	1.612902e+00
6.503641612467560e-02	1.651174e+00	1.614905e+00
6.505048178070179e-02	1.651115e+00	1.617273e+00
6.507505417836042e-02	1.651009e+00	1.621400e+00
6.550000089999999e-02	1.649218e+00	1.691242e+00
6.550000189999999e-02	1.649218e+00	1.691242e+00
6.550032949999997e-02	1.649216e+00	1.691186e+00
6.550065717999994e-02	1.649215e+00	1.691131e+00
6.550131253999988e-02	1.649213e+00	1.691020e+00
6.550262325999975e-02	1.649209e+00	1.690798e+00
6.550452203966137e-02	1.649206e+00	1.690477e+00
6.550774283911047e-02	1.649206e+00	1.689933e+00
6.551418443800869e-02	1.649215e+00	1.688845e+00
6.552147750547946e-02	1.649236e+00	1.687614e+00
6.553223164753098e-02	1.649276e+00	1.685800e+00
6.554491488746245e-02	1.649329e+00	1.683663e+00
6.556561358931330e-02	1.649418e+00	1.680184e+00
6.599999989999999e-02	1.651250e+00	1.608758e+00
6.600000089999999e-02	1.651250e+00	1.608758e+00
6.600032849999997e-02	1.651251e+00	1.608813e+00
6.600065617999994e-02	1.651252e+00	1.608869e+00
6.600131153999989e-02	1.651255e+00	1.608980e+00
6.600262225999975e-02	1.651258e+00	1.609201e+00
6.600494866633708e-02	1.651261e+00	1.609594e+00
6.600872011031043e-02	1.651261e+00	1.610232e+00
6.601626299825715e-02	1.651247e+00	1.611506e+00
6.602453409412118e-02	1.651221e+00	1.612902e+00
6.603641607212976e-02	1.651174e+00	1.614905e+00
6.605048171053239e-02	1.651115e+00	1.617273e+00
6.607505405957745e-02	1.651009e+00	1.621400e+00
6.650000089999999e-02	1.649218e+00	1.691242e+00
6.650000189999999e-02	1.649218e+00	1.691242e+00
6.650032949999997e-02	1.649216e+00	1.691186e+00
6.650065717999994e-02	1.649215e+00	1.691131e+00
6.650131253999989e-02	1.649213e+00	1.691020e+00
6.650262325999975e-02	1.649209e+00	1.690799e+00
6.650452204199381e-02	1.649206e+00	1.690477e+00
6.650774283773479e-02	1.649206e+00	1.689933e+00
6.651418442921675e-02	1.649215e+00	1.688845e+00
6.652147749959141e-02	1.649236e+00	1.687614e+00
6.653223163578101e-02	1.649276e+00	1.685800e+00
6.654491487326436e-02	1.649329e+00	1.683664e+00
6.656561356120468e-02	1.649418e+00	1.680184e+00
6.699999990000000e-02	1.651250e+00	1.608758e+00
6.700000090000000e-02	1.651250e+00	1.608758e+00
6.700032849999997e-02	1.651251e+00	1.608813e+00
6.700065617999994e-02	1.651252e+00	1.608869e+00
6.700131153999987e-02	1.651255e+00	1.608980e+00
6.700262225999976e-02	1.651258e+00	1.609201e+00
6.700494866514368e-02	1.651261e+00	1.609595e+00
6.700872010781483e-02	1.651261e+00	1.610232e+00
6.701626299315715e-02	1.651247e+00	1.611506e+00
6.702453408104733e-02	1.651221e+00	1.612902e+00
6.703641604055952e-02	1.651174e+00	1.614905e+00
6.705048167023112e-02	1.651115e+00	1.617273e+00
6.707505398601946e-02	1.651009e+00	1.621400e+00
6.741519725261966e-02	1.649568e+00	1.677518e+00
6.750000090000000e-02	1.649218e+00	1.691241e+00
6.750000190000000e-02	1.649218e+00	1.691241e+00
6.750032949999997e-02	1.649216e+00	1.691186e+00
6.750065717999994e-02	1.649215e+00	1.691130e+00
6.750131253999987e-02	1.649213e+00	1.691020e+00
6.750262325999976e-02	1.649209e+00	1.690798e+00
6.750452295662464e-02	1.649206e+00	1.690477e+00
6.750774517856130e-02	1.649206e+00	1.689932e+00
6.751418962243463e-02	1.649215e+00	1.688843e+00
6.752148300836822e-02	1.649236e+00	1.687612e+00
6.753223976894539e-02	1.649276e+00	1.685798e+00
6.754492552758425e-02	1.649329e+00	1.683661e+00
6.756563280158789e-02	1.649418e+00	1.680180e+00
6.799999990000000e-02	1.651250e+00	1.608757e+00
6.800000090000000e-02	1.651250e+00	1.608757e+00
6.800032849999997e-02	1.651251e+00	1.608813e+00
6.800065617999994e-02	1.651252e+00	1.608868e+00
6.800131153999987e-02	1.651255e+00	1.608979e+00
6.800262225999976e-02	1.651258e+00	1.609201e+00
6.800494868028945e-02	1.651261e+00	1.609594e+00
6.800872014457374e-02	1.651261e+00	1.610231e+00
6.801626307314233e-02	1.651247e+00	1.611506e+00
6.802453420923868e-02	1.651221e+00	1.612901e+00
6.803641625804735e-02	1.651174e+00	1.614905e+00
6.805048195955360e-02	1.651115e+00	1.617273e+00
6.807505446760771e-02	1.651009e+00	1.621399e+00
6.850000090000000e-02	1.649218e+00	1.691241e+00
6.850000190000000e-02	1.649218e+00	1.691241e+00
6.850032949999997e-02	1.649216e+00	1.691186e+00
6.850065717999994e-02	1.649215e+00	1.691131e+00
6.850131253999987e-02	1.649213e+00	1.691020e+00
6.850262325999976e-02	1.649209e+00	1.690798e+00
6.850452203073011e-02	1.649206e+00	1.690477e+00
6.850774283724081e-02	1.649206e+00	1.689933e+00
6.851418445026222e-02	1.649215e+00	1.688845e+00
6.852147751279204e-02	1.649236e+00	1.687613e+00
6.853223166372156e-02	1.649276e+00	1.685800e+00
6.854491490338419e-02	1.649329e+00	1.683663e+00
6.856561362200365e-02	1.649418e+00	1.680184e+00
6.899999990000000e-02	1.651250e+00	1.608758e+00
6.900000090000000e-02	1.651250e+00	1.608758e+00
6.900032849999997e-02	1.651251e+00	1.608813e+00
6.900065617999994e-02	1.651252e+00	1.608868e+00
6.900131153999987e-02	1.651255e+00	1.608979e+00
6.900262225999976e-02	1.651258e+00	1.609201e+00
6.900494867466181e-02	1.651261e+00	1.609594e+00
6.900872013011257e-02	1.651261e+00	1.610232e+00
6.901626304101412e-02	1.651247e+00	1.611506e+00
6.902453416082280e-02	1.651221e+00	1.612902e+00
6.903641618978831e-02	1.651174e+00	1.614905e+00
6.905048185963457e-02	1.651115e+00	1.617273e+00
6.907505432787416e-02	1.651009e+00	1.621399e+00
6.950000090000000e-02	1.649218e+00	1.691242e+00
6.950000190000000e-02	1.649218e+00	1.691242e+00
6.950032949999997e-02	1.649216e+00	1.691186e+00
6.950065717999994e-02	1.649215e+00	1.691131e+00
6.950131253999987e-02	1.649213e+00	1.691020e+00
6.950262325999976e-02	1.649209e+00	1.690798e+00
6.950452203497051e-02	1.649206e+00	1.690477e+00
6.950774283732210e-02	1.649206e+00	1.689933e+00
6.951418444202526e-02	1.649215e+00	1.688845e+00
6.952147751428077e-02	1.649236e+00	1.687613e+00
6.953223165352500e-02	1.649276e+00	1.685800e+00
6.954491489148039e-02	1.649329e+00	1.683663e+00
6.956561360515812e-02	1.649418e+00	1.680184e+00
6.999999990000000e-02	1.651250e+00	1.608758e+00
7.000000090000000e-02	1.651250e+00	1.608758e+00
7.000032849999997e-02	1.651251e+00	1.608813e+00
7.000065617999994e-02	1.651252e+00	1.608869e+00
7.000131153999987e-02	1.651255e+00	1.608979e+00
7.000262225999976e-02	1.651258e+00	1.609201e+00
7.000494866950834e-02	1.651261e+00	1.609594e+00
7.000872012012267e-02	1.651261e+00	1.610232e+00
7.001626302135133e-02	1.651247e+00	1.611506e+00
7.002453413612832e-02	1.651221e+00	1.612902e+00
7.003641612543689e-02	1.651174e+00	1.614905e+00
7.005048178559568e-02	1.651115e+00	1.617273e+00
7.007505418407275e-02	1.651009e+00	1.621400e+00
7.050000090000000e-02	1.649218e+00	1.691242e+00
7.050000190000000e-02	1.649218e+00	1.691242e+00
7.050032949999997e-02	1.649216e+00	1.691186e+00
7.050065717999994e-02	1.649215e+00	1.691131e+00
7.050131253999987e-02	1.649213e+00	1.691020e+00
7.050262325999976e-02	1.649209e+00	1.690798e+00
7.050452203854851e-02	1.649206e+00	1.690477e+00
7.050774283807396e-02	1.649206e+00	1.689933e+00
7.051418443712486e-02	1.649215e+00	1.688845e+00
7.052147751236963e-02	1.649236e+00	1.687614e+00
7.053223164107210e-02	1.649276e+00	1.685800e+00
7.054491488420750e-02	1.649329e+00	1.683663e+00
7.056561357845831e-02	1.649418e+00	1.680184e+00
7.099999990000000e-02	1.651250e+00	1.608758e+00
7.100000090000000e-02	1.651250e+00	1.608758e+00
7.100032849999997e-02	1.651251e+00	1.608813e+00
7.100065617999994e-02	1.651252e+00	1.608869e+00
7.100131153999988e-02	1.651255e+00	1.608980e+00
7.100262225999976e-02	1.651258e+00	1.609201e+00
7.100494866744832e-02	1.651261e+00	1.609594e+00
7.100872011050252e-02	1.651261e+00	1.610232e+00
7.101626299661094e-02	1.651247e+00	1.611506e+00
7.102453409666999e-02	1.651221e+00	1.612902e+00
7.103641606996029e-02	1.651174e+00	1.614905e+00
7.105048171012328e-02	1.651115e+00	1.617273e+00
7.107505405090493e-02	1.651009e+00	1.621400e+00
7.150000090000000e-02	1.649218e+00	1.691242e+00
7.150000190000000e-02	1.649218e+00	1.691242e+00
7.150032949999997e-02	1.649216e+00	1.691186e+00
7.150065717999994e-02	1.649215e+00	1.691131e+00
7.150131253999988e-02	1.649213e+00	1.691020e+00
7.150262325999976e-02	1.649209e+00	1.690799e+00
7.150452204167985e-02	1.649206e+00	1.690477e+00
7.150774284035802e-02	1.649206e+00	1.689933e+00
7.151418443771433e-02	1.649215e+00	1.688845e+00
7.152147750923417e-02	1.649236e+00	1.687614e+00
7.153223163985427e-02	1.649276e+00	1.685800e+00
7.154491488485483e-02	1.649329e+00	1.683664e+00
7.156561358178526e-02	1.649418e+00	1.680184e+00
7.199999990000000e-02	1.651250e+00	1.608758e+00
7.200000090000000e-02	1.651250e+00	1.608758e+00
7.200032849999997e-02	1.651251e+00	1.608813e+00
7.200065617999994e-02	1.651252e+00	1.608869e+00
7.200131153999988e-02	1.651255e+00	1.608980e+00
7.200262225999976e-02	1.651258e+00	1.609201e+00
7.200494866504724e-02	1.651261e+00	1.609595e+00
7.200872010354160e-02	1.651261e+00	1.610232e+00
7.201626298053034e-02	1.651247e+00	1.611506e+00
7.202453406895767e-02	1.651221e+00	1.612902e+00
7.203641602561703e-02	1.651174e+00	1.614905e+00
7.205048164713283e-02	1.651115e+00	1.617273e+00
7.207505396195640e-02	1.651009e+00	1.621400e+00
7.241519635173128e-02	1.649568e+00	1.677518e+00
7.250000090000000e-02	1.649218e+00	1.691241e+00
7.250000190000000e-02	1.649218e+00	1.691241e+00
7.250032949999997e-02	1.649216e+00	1.691186e+00
7.250065717999994e-02	1.649215e+00	1.691130e+00
7.250131253999988e-02	1.649213e+00	1.691020e+00
7.250262325999976e-02	1.649209e+00	1.690798e+00
7.250452295636839e-02	1.649206e+00	1.690477e+00
7.250774517843028e-02	1.649206e+00	1.689932e+00
7.251418962255410e-02	1.649215e+00	1.688843e+00
7.252148300890790e-02	1.649236e+00	1.687612e+00
7.253223976991216e-02	1.649276e+00	1.685798e+00
7.254492552830832e-02	1.649329e+00	1.683661e+00
7.256563281076883e-02	1.649418e+00	1.680180e+00
7.299999990000000e-02	1.651250e+00	1.608757e+00
7.300000090000000e-02	1.651250e+00	1.608757e+00
7.300032849999998e-02	1.651251e+00	1.608813e+00
7.300065617999994e-02	1.651252e+00	1.608868e+00
7.300131153999988e-02	1.651255e+00	1.608979e+00
7.300262225999976e-02	1.651258e+00	1.609201e+00
7.300494868036964e-02	1.651261e+00	1.609594e+00
7.300872013999021e-02	1.651261e+00	1.610231e+00
7.301626305923137e-02	1.651247e+00	1.611506e+00
7.302453419609005e-02	1.651221e+00	1.612901e+00
7.303641624475235e-02	1.651174e+00	1.614905e+00
7.305048193523794e-02	1.651115e+00	1.617273e+00
7.307505444501015e-02	1.651009e+00	1.621399e+00
7.350000090000000e-02	1.649218e+00	1.691241e+00
7.350000190000000e-02	1.649218e+00	1.691241e+00
7.350032949999998e-02	1.649216e+00	1.691186e+00
7.350065717999994e-02	1.649215e+00	1.691131e+00
7.350131253999988e-02	1.649213e+00	1.691020e+00
7.350262325999976e-02	1.649209e+00	1.690798e+00
7.350452202997976e-02	1.649206e+00	1.690477e+00
7.350774283712343e-02	1.649206e+00	1.689933e+00
7.351418445141078e-02	1.649215e+00	1.688845e+00
7.352147752690583e-02	1.649236e+00	1.687613e+00
7.353223165360739e-02	1.649276e+00	1.685800e+00
7.354491490134996e-02	1.649329e+00	1.683663e+00
7.356561360573322e-02	1.649418e+00	1.680184e+00
7.399999990000000e-02	1.651250e+00	1.608758e+00
7.400000090000000e-02	1.651250e+00	1.608758e+00
7.400032849999989e-02	1.651251e+00	1.608813e+00
7.400065617999979e-02	1.651252e+00	1.608868e+00
7.400131153999960e-02	1.651255e+00	1.608979e+00
7.400262225999919e-02	1.651258e+00	1.609201e+00
7.400494867422219e-02	1.651261e+00	1.609594e+00
7.400872012732025e-02	1.651261e+00	1.610232e+00
7.401626303351638e-02	1.651247e+00	1.611506e+00
7.402453415994711e-02	1.651221e+00	1.612902e+00
7.403641617396536e-02	1.651174e+00	1.614905e+00
7.405048184971159e-02	1.651115e+00	1.617273e+00
7.407505427972411e-02	1.651009e+00	1.621399e+00
7.450000090000000e-02	1.649218e+00	1.691242e+00
7.450000190000000e-02	1.649218e+00	1.691242e+00
7.450032949999998e-02	1.649216e+00	1.691186e+00
7.450065717999994e-02	1.649215e+00	1.691131e+00
7.450131253999988e-02	1.649213e+00	1.691020e+00
7.450262325999976e-02	1.649209e+00	1.690798e+00
7.450452203473890e-02	1.649206e+00	1.690477e+00
7.450774283764951e-02	1.649206e+00	1.689933e+00
7.451418444347072e-02	1.649215e+00	1.688845e+00
7.452147751459230e-02	1.649236e+00	1.687613e+00
7.453223165650893e-02	1.649276e+00	1.685800e+00
7.454491489472875e-02	1.649329e+00	1.683663e+00
7.456561359784332e-02	1.649418e+00	1.680184e+00
7.499999990000000e-02	1.651250e+00	1.608758e+00
7.500000090000000e-02	1.651250e+00	1.608758e+00
7.500032849999996e-02	1.651251e+00	1.608813e+00
7.500065617999994e-02	1.651252e+00	1.608869e+00
7.500131153999988e-02	1.651255e+00	1.608979e+00
7.500262225999976e-02	1.651258e+00	1.609201e+00
7.500494867069699e-02	1.651261e+00	1.609594e+00
7.500872011885512e-02	1.651261e+00	1.610232e+00
7.501626301517139e-02	1.651247e+00	1.611506e+00
7.502453412949446e-02	1.651221e+00	1.612902e+00
7.503641611817695e-02	1.651174e+00	1.614905e+00
7.505048177461893e-02	1.651115e+00	1.617273e+00
7.507505416942141e-02	1.651009e+00	1.621400e+00
7.550000090000000e-02	1.649218e+00	1.691242e+00
7.550000190000000e-02	1.649218e+00	1.691242e+00
7.550032949999996e-02	1.649216e+00	1.691186e+00
7.550065717999994e-02	1.649215e+00	1.691131e+00
7.550131253999988e-02	1.649213e+00	1.691020e+00
7.550262325999976e-02	1.649209e+00	1.690798e+00
7.550452203841665e-02	1.649206e+00	1.690477e+00
7.550774283901812e-02	1.649206e+00	1.689933e+00
7.551418444022107e-02	1.649215e+00	1.688845e+00
7.552147751294064e-02	1.649236e+00	1.687614e+00
7.553223165078483e-02	1.649276e+00	1.685800e+00
7.554491488966032e-02	1.649329e+00	1.683663e+00
7.556561359409932e-02	1.649418e+00	1.680184e+00
7.599999990000000e-02	1.651250e+00	1.608758e+00
7.600000090000000e-02	1.651250e+00	1.608758e+00
7.600032849999996e-02	1.651251e+00	1.608813e+00
7.600065617999995e-02	1.651252e+00	1.608869e+00
7.600131153999988e-02	1.651255e+00	1.608980e+00
7.600262225999976e-02	1.651258e+00	1.609201e+00
7.600494866616894e-02	1.651261e+00	1.609594e+00
7.600872011022444e-02	1.651261e+00	1.610232e+00
7.601626299833546e-02	1.651247e+00	1.611506e+00
7.602453409487281e-02	1.651221e+00	1.612902e+00
7.603641607076733e-02	1.651174e+00	1.614905e+00
7.605048171020723e-02	1.651115e+00	1.617273e+00
7.607505405016296e-02	1.651009e+00	1.621400e+00
7.650000090000000e-02	1.649218e+00	1.691242e+00
7.650000190000000e-02	1.649218e+00	1.691242e+00
7.650032949999996e-02	1.649216e+00	1.691186e+00
7.650065717999995e-02	1.649215e+00	1.691131e+00
7.650131253999988e-02	1.649213e+00	1.691020e+00
7.650262325999976e-02	1.649209e+00	1.690799e+00
7.650452204243521e-02	1.649206e+00	1.690477e+00
7.650774284098191e-02	1.649206e+00	1.689933e+00
7.651418443807528e-02	1.649215e+00	1.688845e+00
7.652147750373410e-02	1.649236e+00	1.687614e+00
7.653223164829874e-02	1.649276e+00	1.685800e+00
7.654491488694751e-02	1.649329e+00	1.683664e+00
7.656561358876435e-02	1.649418e+00	1.680184e+00
7.699999990000000e-02	1.651250e+00	1.608758e+00
7.700000090000000e-02	1.651250e+00	1.608758e+00
7.700032849999996e-02	1.651251e+00	1.608813e+00
7.700065617999993e-02	1.651252e+00	1.608869e+00
7.700131153999988e-02	1.651255e+00	1.608980e+00
7.700262225999975e-02	1.651258e+00	1.609201e+00
7.700494866475238e-02	1.651261e+00	1.609595e+00
7.700872010668683e-02	1.651261e+00	1.610232e+00
7.701626299055575e-02	1.651247e+00	1.611506e+00
7.702453407971009e-02	1.651221e+00	1.612902e+00
7.703641603265379e-02	1.651174e+00	1.614905e+00
7.705048166467128e-02	1.651115e+00	1.617273e+00
7.707505397416249e-02	1.651009e+00	1.621400e+00
7.741519683384823e-02	1.649568e+00	1.677518e+00
7.750000090000000e-02	1.649218e+00	1.691241e+00
7.750000190000000e-02	1.649218e+00	1.691241e+00
7.750032949999996e-02	1.649216e+00	1.691186e+00
7.750065717999993e-02	1.649215e+00	1.691130e+00
7.750131253999988e-02	1.649213e+00	1.691020e+00
7.750262325999975e-02	1.649209e+00	1.690798e+00
7.750452295568049e-02	1.649206e+00	1.690477e+00
7.750774517931132e-02	1.649206e+00	1.689932e+00
7.751418962657301e-02	1.649215e+00	1.688843e+00
7.752148301432460e-02	1.649236e+00	1.687612e+00
7.753223977561664e-02	1.649276e+00	1.685798e+00
7.754492553337476e-02	1.649329e+00	1.683661e+00
7.756563282383648e-02	1.649418e+00	1.680180e+00
7.799999990000001e-02	1.651250e+00	1.608757e+00
7.800000090000000e-02	1.651250e+00	1.608757e+00
7.800032849999997e-02	1.651251e+00	1.608813e+00
7.800065617999993e-02	1.651252e+00	1.608868e+00
7.800131153999988e-02	1.651255e+00	1.608979e+00
7.800262225999975e-02	1.651258e+00	1.609201e+00
7.800494868046685e-02	1.651261e+00	1.609594e+00
7.800872014350063e-02	1.651261e+00	1.610231e+00
7.801626306956820e-02	1.651247e+00	1.611506e+00
7.802453419867733e-02	1.651221e+00	1.612901e+00
7.803641625688396e-02	1.651174e+00	1.614905e+00
7.805048195454570e-02	1.651115e+00	1.617273e+00
7.807505446596061e-02	1.651009e+00	1.621399e+00
7.850000090000001e-02	1.649218e+00	1.691241e+00
7.850000190000000e-02	1.649218e+00	1.691241e+00
7.850032949999997e-02	1.649216e+00	1.691186e+00
7.850065717999993e-02	1.649215e+00	1.691131e+00
7.850131253999988e-02	1.649213e+00	1.691020e+00
7.850262325999975e-02	1.649209e+00	1.690798e+00
7.850452202955954e-02	1.649206e+00	1.690477e+00
7.850774283578089e-02	1.649206e+00	1.689933e+00
7.851418444822360e-02	1.649215e+00	1.688845e+00
7.852147750919872e-02	1.649236e+00	1.687613e+00
7.853223165292757e-02	1.649276e+00	1.685800e+00
7.854491489595782e-02	1.649329e+00	1.683663e+00
7.856561359571132e-02	1.649418e+00	1.680184e+00
7.899999990000001e-02	1.651250e+00	1.608758e+00
7.900000090000001e-02	1.651250e+00	1.608758e+00
7.900032849999997e-02	1.651251e+00	1.608813e+00
7.900065617999993e-02	1.651252e+00	1.608868e+00
7.900131153999988e-02	1.651255e+00	1.608979e+00
7.900262225999975e-02	1.651258e+00	1.609201e+00
7.900494867407751e-02	1.651261e+00	1.609594e+00
7.900872012652621e-02	1.651261e+00	1.610232e+00
7.901626303142363e-02	1.651247e+00	1.611506e+00
7.902453415253746e-02	1.651221e+00	1.612902e+00
7.903641617684204e-02	1.651174e+00	1.614905e+00
7.905048184435107e-02	1.651115e+00	1.617273e+00
7.907505428939919e-02	1.651009e+00	1.621399e+00
7.950000090000001e-02	1.649218e+00	1.691242e+00
7.950000190000001e-02	1.649218e+00	1.691242e+00
7.950032949999997e-02	1.649216e+00	1.691186e+00
7.950065717999993e-02	1.649215e+00	1.691131e+00
7.950131253999988e-02	1.649213e+00	1.691020e+00
7.950262325999975e-02	1.649209e+00	1.690798e+00
7.950452203403302e-02	1.649206e+00	1.690477e+00
7.950774283878803e-02	1.649206e+00	1.689933e+00
7.951418444829805e-02	1.649215e+00	1.688845e+00
7.952147751982079e-02	1.649236e+00	1.687613e+00
7.953223165772312e-02	1.649276e+00	1.685800e+00
7.954491489785286e-02	1.649329e+00	1.683663e+00
7.956561361256864e-02	1.649418e+00	1.680184e+00
7.999999989999999e-02	1.651250e+00	1.608758e+00
8.000000090000001e-02	1.651250e+00	1.608758e+00
8.000032849999997e-02	1.651251e+00	1.608813e+00
8.000065617999993e-02	1.651252e+00	1.608869e+00
8.000131153999988e-02	1.651255e+00	1.608979e+00
8.000262225999975e-02	1.651258e+00	1.609201e+00
8.000494867045581e-02	1.651261e+00	1.609594e+00
8.000872011916463e-02	1.651261e+00	1.610232e+00
8.001626301658228e-02	1.651247e+00	1.611506e+00
8.002453412910934e-02	1.651221e+00	1.612902e+00
8.003641612331677e-02	1.651174e+00	1.614905e+00
8.005048177881015e-02	1.651115e+00	1.617273e+00
8.007505417641914e-02	1.651009e+00	1.621400e+00
8.050000089999999e-02	1.649218e+00	1.691242e+00
8.050000190000001e-02	1.649218e+00	1.691242e+00
8.050032949999997e-02	1.649216e+00	1.691186e+00
8.050065717999993e-02	1.649215e+00	1.691131e+00
8.050131253999988e-02	1.649213e+00	1.691020e+00
8.050262325999975e-02	1.649209e+00	1.690798e+00
8.050452203873212e-02	1.649206e+00	1.690477e+00
8.050774283844846e-02	1.649206e+00	1.689933e+00
8.051418443788111e-02	1.649215e+00	1.688845e+00
8.052147750531283e-02	1.649236e+00	1.687614e+00
8.053223164742315e-02	1.649276e+00	1.685800e+00
8.054491488649004e-02	1.649329e+00	1.683663e+00
8.056561358601601e-02	1.649418e+00	1.680184e+00
8.099999989999999e-02	1.651250e+00	1.608758e+00
8.100000089999999e-02	1.651250e+00	1.608758e+00
8.100032849999997e-02	1.651251e+00	1.608813e+00
8.100065617999994e-02	1.651252e+00	1.608869e+00
8.100131153999988e-02	1.651255e+00	1.608980e+00
8.100262225999975e-02	1.651258e+00	1.609201e+00
8.100494866746473e-02	1.651261e+00	1.609594e+00
8.100872011212526e-02	1.651261e+00	1.610232e+00
8.101626300144633e-02	1.651247e+00	1.611506e+00
8.102453410416882e-02	1.651221e+00	1.612902e+00
8.103641607385030e-02	1.651174e+00	1.614905e+00
8.105048171612281e-02	1.651115e+00	1.617273e+00
8.107505405989335e-02	1.651009e+00	1.621400e+00
8.150000089999999e-02	1.649218e+00	1.691242e+00
8.150000189999999e-02	1.649218e+00	1.691242e+00
8.150032949999997e-02	1.649216e+00	1.691186e+00
8.150065717999994e-02	1.649215e+00	1.691131e+00
8.150131253999988e-02	1.649213e+00	1.691020e+00
8.150262325999975e-02	1.649209e+00	1.690799e+00
8.150452204236815e-02	1.649206e+00	1.690477e+00
8.150774284175415e-02	1.649206e+00	1.689933e+00
8.151418444052615e-02	1.649215e+00	1.688845e+00
8.152147751124472e-02	1.649236e+00	1.687614e+00
8.153223164851087e-02	1.649276e+00	1.685800e+00
8.154491488886509e-02	1.649329e+00	1.683664e+00
8.156561359051331e-02	1.649418e+00	1.680184e+00
8.199999990000000e-02	1.651250e+00	1.608758e+00
8.200000089999999e-02	1.651250e+00	1.608758e+00
8.200032849999997e-02	1.651251e+00	1.608813e+00
8.200065617999994e-02	1.651252e+00	1.608869e+00
8.200131153999987e-02	1.651255e+00	1.608980e+00
8.200262225999976e-02	1.651258e+00	1.609201e+00
8.200494866418746e-02	1.651261e+00	1.609595e+00
8.200872010698883e-02	1.651261e+00	1.610232e+00
8.201626299259157e-02	1.651247e+00	1.611506e+00
8.202453408430055e-02	1.651221e+00	1.612902e+00
8.203641603088768e-02	1.651174e+00	1.614905e+00
8.205048166529472e-02	1.651115e+00	1.617273e+00
8.207505397883622e-02	1.651009e+00	1.621400e+00
8.241519684562511e-02	1.649568e+00	1.677518e+00
8.250000090000000e-02	1.649218e+00	1.691241e+00
8.250000189999999e-02	1.649218e+00	1.691241e+00
8.250032949999997e-02	1.649216e+00	1.691186e+00
8.250065717999994e-02	1.649215e+00	1.691130e+00
8.250131253999987e-02	1.649213e+00	1.691020e+00
8.250262325999975e-02	1.649209e+00	1.690798e+00
8.250452295569714e-02	1.649206e+00	1.690477e+00
8.250774517861349e-02	1.649206e+00	1.689932e+00
8.251418962444620e-02	1.649215e+00	1.688843e+00
8.252148300785515e-02	1.649236e+00	1.687612e+00
8.253223977545801e-02	1.649276e+00	1.685798e+00
8.254492553324871e-02	1.649329e+00	1.683661e+00
8.256563281448601e-02	1.649418e+00	1.680180e+00
8.299999990000000e-02	1.651250e+00	1.608757e+00
8.300000090000000e-02	1.651250e+00	1.608757e+00
8.300032849999997e-02	1.651251e+00	1.608813e+00
8.300065617999994e-02	1.651252e+00	1.608868e+00
8.300131153999987e-02	1.651255e+00	1.608979e+00
8.300262225999976e-02	1.651258e+00	1.609201e+00
8.300494868036501e-02	1.651261e+00	1.609594e+00
8.300872014057775e-02	1.651261e+00	1.610231e+00
8.301626306100325e-02	1.651247e+00	1.611506e+00
8.302453419190035e-02	1.651221e+00	1.612901e+00
8.303641625122649e-02	1.651174e+00	1.614905e+00
8.305048193774804e-02	1.651115e+00	1.617273e+00
8.307505445457247e-02	1.651009e+00	1.621399e+00
8.350000090000000e-02	1.649218e+00	1.691241e+00
8.350000190000000e-02	1.649218e+00	1.691241e+00
8.350032949999997e-02	1.649216e+00	1.691186e+00
8.350065717999994e-02	1.649215e+00	1.691131e+00
8.350131253999987e-02	1.649213e+00	1.691020e+00
8.350262325999976e-02	1.649209e+00	1.690798e+00
8.350452202991308e-02	1.649206e+00	1.690477e+00
8.350774283824856e-02	1.649206e+00	1.689933e+00
8.351418445491954e-02	1.649215e+00	1.688845e+00
8.352147752350263e-02	1.649236e+00	1.687613e+00
8.353223166424213e-02	1.649276e+00	1.685800e+00
8.354491490981371e-02	1.649329e+00	1.683663e+00
8.356561362219232e-02	1.649418e+00	1.680184e+00
8.399999990000000e-02	1.651250e+00	1.608758e+00
8.400000090000000e-02	1.651250e+00	1.608758e+00
8.400032849999997e-02	1.651251e+00	1.608813e+00
8.400065617999994e-02	1.651252e+00	1.608868e+00
8.400131153999987e-02	1.651255e+00	1.608979e+00
8.400262225999976e-02	1.651258e+00	1.609201e+00
8.400494867363539e-02	1.651261e+00	1.609594e+00
8.400872012641036e-02	1.651261e+00	1.610232e+00
8.401626303196028e-02	1.651247e+00	1.611506e+00
8.402453415524944e-02	1.651221e+00	1.612902e+00
8.403641617321575e-02	1.651174e+00	1.614905e+00
8.405048184221763e-02	1.651115e+00	1.617273e+00
8.407505428954086e-02	1.651009e+00	1.621399e+00
8.450000090000000e-02	1.649218e+00	1.691242e+00
8.450000190000000e-02	1.649218e+00	1.691242e+00
8.450016565999999e-02	1.649217e+00	1.691214e+00
8.450032949999997e-02	1.649216e+00	1.691186e+00
8.450065717999994e-02	1.649215e+00	1.691131e+00
8.450131253999987e-02	1.649213e+00	1.691020e+00
8.450262325999976e-02	1.649209e+00	1.690798e+00
8.450452203498561e-02	1.649206e+00	1.690477e+00
8.450774283930625e-02	1.649206e+00	1.689933e+00
8.451418444794753e-02	1.649215e+00	1.688845e+00
8.452147751647029e-02	1.649236e+00	1.687613e+00
8.453223165516795e-02	1.649276e+00	1.685800e+00
8.454491490074244e-02	1.649329e+00	1.683663e+00
8.456561360311242e-02	1.649418e+00	1.680184e+00
8.499999990000000e-02	1.651250e+00	1.608758e+00
8.500000090000000e-02	1.651250e+00	1.608758e+00
8.500032849999990e-02	1.651251e+00	1.608813e+00
8.500065617999980e-02	1.651252e+00	1.608869e+00
8.500131153999960e-02	1.651255e+00	1.608979e+00
8.500262225999919e-02	1.651258e+00	1.609201e+00
8.500494867105265e-02	1.651261e+00	1.609594e+00
8.500872012025620e-02	1.651261e+00	1.610232e+00
8.501626301866330e-02	1.651247e+00	1.611506e+00
8.502453413091064e-02	1.651221e+00	1.612902e+00
8.503641612394534e-02	1.651174e+00	1.614905e+00
8.505048178209744e-02	1.651115e+00	1.617273e+00
8.507505416964960e-02	1.651009e+00	1.621400e+00
8.550000090000000e-02	1.649218e+00	1.691242e+00
8.550000190000000e-02	1.649218e+00	1.691242e+00
8.550032949999997e-02	1.649216e+00	1.691186e+00
8.550065717999994e-02	1.649215e+00	1.691131e+00
8.550131253999987e-02	1.649213e+00	1.691020e+00
8.550262325999976e-02	1.649209e+00	1.690798e+00
8.550452203855645e-02	1.649206e+00	1.690477e+00
8.550774283770958e-02	1.649206e+00	1.689933e+00
8.551418443601583e-02	1.649215e+00	1.688845e+00
8.552147750834256e-02	1.649236e+00	1.687614e+00
8.553223164273192e-02	1.649276e+00	1.685800e+00
8.554491488337782e-02	1.649329e+00	1.683663e+00
8.556561357789381e-02	1.649418e+00	1.680184e+00
8.599999990000000e-02	1.651250e+00	1.608758e+00
8.600000090000000e-02	1.651250e+00	1.608758e+00
8.600032849999997e-02	1.651251e+00	1.608813e+00
8.600065617999994e-02	1.651252e+00	1.608869e+00
8.600131153999988e-02	1.651255e+00	1.608980e+00
8.600262225999976e-02	1.651258e+00	1.609201e+00
8.600494866639259e-02	1.651261e+00	1.609594e+00
8.600872011119282e-02	1.651261e+00	1.610232e+00
8.601626300079329e-02	1.651247e+00	1.611506e+00
8.602453409727005e-02	1.651221e+00	1.612902e+00
8.603641607171500e-02	1.651174e+00	1.614905e+00
8.605048171392989e-02	1.651115e+00	1.617273e+00
8.607505405822460e-02	1.651009e+00	1.621400e+00
8.650000090000000e-02	1.649218e+00	1.691242e+00
8.650000190000000e-02	1.649218e+00	1.691242e+00
8.650032949999997e-02	1.649216e+00	1.691186e+00
8.650065717999994e-02	1.649215e+00	1.691131e+00
8.650131253999988e-02	1.649213e+00	1.691020e+00
8.650262325999976e-02	1.649209e+00	1.690799e+00
8.650452204180660e-02	1.649206e+00	1.690477e+00
8.650774283770998e-02	1.649206e+00	1.689933e+00
8.651418442951674e-02	1.649215e+00	1.688845e+00
8.652147749843959e-02	1.649236e+00	1.687614e+00
8.653223163556044e-02	1.649276e+00	1.685800e+00
8.654491487408242e-02	1.649329e+00	1.683664e+00
8.656561355588543e-02	1.649418e+00	1.680184e+00
8.699999990000000e-02	1.651250e+00	1.608758e+00
8.700000090000000e-02	1.651250e+00	1.608758e+00
8.700032849999997e-02	1.651251e+00	1.608813e+00
8.700065617999994e-02	1.651252e+00	1.608869e+00
8.700131153999988e-02	1.651255e+00	1.608980e+00
8.700262225999976e-02	1.651258e+00	1.609201e+00
8.700494866458619e-02	1.651261e+00	1.609595e+00
8.700872010598988e-02	1.651261e+00	1.610232e+00
8.701626298879728e-02	1.651247e+00	1.611506e+00
8.702453408060808e-02	1.651221e+00	1.612902e+00
8.703641602931339e-02	1.651174e+00	1.614905e+00
8.705048166082975e-02	1.651115e+00	1.617273e+00
8.707505397145567e-02	1.651009e+00	1.621400e+00
8.741519679650893e-02	1.649568e+00	1.677518e+00
8.750000090000000e-02	1.649218e+00	1.691241e+00
8.750000190000000e-02	1.649218e+00	1.691241e+00
8.750032949999997e-02	1.649216e+00	1.691186e+00
8.750065717999994e-02	1.649215e+00	1.691130e+00
8.750131253999988e-02	1.649213e+00	1.691020e+00
8.750262325999976e-02	1.649209e+00	1.690798e+00
8.750452295553456e-02	1.649206e+00	1.690477e+00
8.750774517969215e-02	1.649206e+00	1.689932e+00
8.751418962800735e-02	1.649215e+00	1.688843e+00
8.752148301114787e-02	1.649236e+00	1.687612e+00
8.753223977975831e-02	1.649276e+00	1.685798e+00
8.754492553767101e-02	1.649329e+00	1.683661e+00
8.756563282686219e-02	1.649418e+00	1.680180e+00
8.799999990000000e-02	1.651250e+00	1.608757e+00
8.800000090000000e-02	1.651250e+00	1.608757e+00
8.800032849999997e-02	1.651251e+00	1.608813e+00
8.800065617999994e-02	1.651252e+00	1.608868e+00
8.800131153999988e-02	1.651255e+00	1.608979e+00
8.800262225999976e-02	1.651258e+00	1.609201e+00
8.800494868068058e-02	1.651261e+00	1.609594e+00
8.800872014035567e-02	1.651261e+00	1.610231e+00
8.801626305970586e-02	1.651247e+00	1.611506e+00
8.802453419732205e-02	1.651221e+00	1.612901e+00
8.803641625231295e-02	1.651174e+00	1.614905e+00
8.805048193820786e-02	1.651115e+00	1.617273e+00
8.807505446096915e-02	1.651009e+00	1.621399e+00
8.850000090000000e-02	1.649218e+00	1.691241e+00
8.850000190000000e-02	1.649218e+00	1.691241e+00
8.850032949999997e-02	1.649216e+00	1.691186e+00
8.850065717999994e-02	1.649215e+00	1.691131e+00
8.850131253999988e-02	1.649213e+00	1.691020e+00
8.850262325999976e-02	1.649209e+00	1.690798e+00
8.850452202970624e-02	1.649206e+00	1.690477e+00
8.850774283770300e-02	1.649206e+00	1.689933e+00
8.851418445369653e-02	1.649215e+00	1.688845e+00
8.852147752150503e-02	1.649236e+00	1.687613e+00
8.853223166408833e-02	1.649276e+00	1.685800e+00
8.854491490666730e-02	1.649329e+00	1.683663e+00
8.856561361809549e-02	1.649418e+00	1.680184e+00
8.899999990000000e-02	1.651250e+00	1.608758e+00
8.900000090000000e-02	1.651250e+00	1.608758e+00
8.900032849999998e-02	1.651251e+00	1.608813e+00
8.900065617999994e-02	1.651252e+00	1.608868e+00
8.900131153999988e-02	1.651255e+00	1.608979e+00
8.900262225999976e-02	1.651258e+00	1.609201e+00
8.900494867323981e-02	1.651261e+00	1.609594e+00
8.900872012744571e-02	1.651261e+00	1.610232e+00
8.901626303585747e-02	1.651247e+00	1.611506e+00
8.902453415703240e-02	1.651221e+00	1.612902e+00
8.903641617725462e-02	1.651174e+00	1.614905e+00
8.905048184939539e-02	1.651115e+00	1.617273e+00
8.907505429818673e-02	1.651009e+00	1.621399e+00
8.950000090000000e-02	1.649218e+00	1.691242e+00
8.950000190000000e-02	1.649218e+00	1.691242e+00
8.950032949999998e-02	1.649216e+00	1.691186e+00
8.950065717999994e-02	1.649215e+00	1.691131e+00
8.950131253999988e-02	1.649213e+00	1.691020e+00
8.950262325999976e-02	1.649209e+00	1.690798e+00
8.950452203529251e-02	1.649206e+00	1.690477e+00
8.950774283580781e-02	1.649206e+00	1.689933e+00
8.951418443683845e-02	1.649215e+00	1.688845e+00
8.952147750252983e-02	1.649236e+00	1.687613e+00
8.953223165045958e-02	1.649276e+00	1.685800e+00
8.954491488513172e-02	1.649329e+00	1.683663e+00
8.956561358201956e-02	1.649418e+00	1.680184e+00
8.999999990000000e-02	1.651250e+00	1.608758e+00
9.000000090000000e-02	1.651250e+00	1.608758e+00
9.000032849999998e-02	1.651251e+00	1.608813e+00
9.000065617999994e-02	1.651252e+00	1.608869e+00
9.000131153999988e-02	1.651255e+00	1.608979e+00
9.000262225999976e-02	1.651258e+00	1.609201e+00
9.000494867042795e-02	1.651261e+00	1.609594e+00
9.000872011985235e-02	1.651261e+00	1.610232e+00
9.001626301870115e-02	1.651247e+00	1.611506e+00
9.002453412554129e-02	1.651221e+00	1.612902e+00
9.003641612192498e-02	1.651174e+00	1.614905e+00
9.005048177910524e-02	1.651115e+00	1.617273e+00
9.007505417514350e-02	1.651009e+00	1.621400e+00
9.050000090000000e-02	1.649218e+00	1.691242e+00
9.050000190000000e-02	1.649218e+00	1.691242e+00
9.050032949999998e-02	1.649216e+00	1.691186e+00
9.050065717999994e-02	1.649215e+00	1.691131e+00
9.050131253999988e-02	1.649213e+00	1.691020e+00
9.050262325999976e-02	1.649209e+00	1.690798e+00
9.050452203843702e-02	1.649206e+00	1.690477e+00
9.050774284018201e-02	1.649206e+00	1.689933e+00
9.051418444367201e-02	1.649215e+00	1.688845e+00
9.052147750978684e-02	1.649236e+00	1.687614e+00
9.053223165080637e-02	1.649276e+00	1.685800e+00
9.054491489270253e-02	1.649329e+00	1.683663e+00
9.056561359847477e-02	1.649418e+00	1.680184e+00
9.099999990000000e-02	1.651250e+00	1.608758e+00
9.100000090000000e-02	1.651250e+00	1.608758e+00
9.100032849999996e-02	1.651251e+00	1.608813e+00
9.100065617999994e-02	1.651252e+00	1.608869e+00
9.100131153999988e-02	1.651255e+00	1.608980e+00
9.100262225999976e-02	1.651258e+00	1.609201e+00
9.100494866727241e-02	1.651261e+00	1.609594e+00
9.100872011332745e-02	1.651261e+00	1.610232e+00
9.101626300543751e-02	1.651247e+00	1.611506e+00
9.102453410996178e-02	1.651221e+00	1.612902e+00
9.103641607497089e-02	1.651174e+00	1.614905e+00
9.105048172002080e-02	1.651115e+00	1.617273e+00
9.107505407372075e-02	1.651009e+00	1.621400e+00
9.150000090000000e-02	1.649218e+00	1.691242e+00
9.150000190000000e-02	1.649218e+00	1.691242e+00
9.150032949999996e-02	1.649216e+00	1.691186e+00
9.150065717999994e-02	1.649215e+00	1.691131e+00
9.150131253999988e-02	1.649213e+00	1.691020e+00
9.150262325999976e-02	1.649209e+00	1.690799e+00
9.150452204251985e-02	1.649206e+00	1.690477e+00
9.150774283861300e-02	1.649206e+00	1.689933e+00
9.151418443079928e-02	1.649215e+00	1.688845e+00
9.152147750369456e-02	1.649236e+00	1.687614e+00
9.153223164143144e-02	1.649276e+00	1.685800e+00
9.154491487707053e-02	1.649329e+00	1.683664e+00
9.156561357691068e-02	1.649418e+00	1.680184e+00
9.199999990000000e-02	1.651250e+00	1.608758e+00
9.200000090000000e-02	1.651250e+00	1.608758e+00
9.200032849999996e-02	1.651251e+00	1.608813e+00
9.200065617999995e-02	1.651252e+00	1.608869e+00
9.200131153999988e-02	1.651255e+00	1.608980e+00
9.200262225999975e-02	1.651258e+00	1.609201e+00
9.200494866512435e-02	1.651261e+00	1.609595e+00
9.200872010550093e-02	1.651261e+00	1.610232e+00
9.201626298625409e-02	1.651247e+00	1.611506e+00
9.202453408298222e-02	1.651221e+00	1.612902e+00
9.203641602788711e-02	1.651174e+00	1.614905e+00
9.205048165550470e-02	1.651115e+00	1.617273e+00
9.207505397148624e-02	1.651009e+00	1.621400e+00
9.241519678908322e-02	1.649568e+00	1.677518e+00
9.250000090000000e-02	1.649218e+00	1.691241e+00
9.250000190000000e-02	1.649218e+00	1.691241e+00
9.250032949999996e-02	1.649216e+00	1.691186e+00
9.250065717999995e-02	1.649215e+00	1.691130e+00
9.250131253999988e-02	1.649213e+00	1.691020e+00
9.250262325999975e-02	1.649209e+00	1.690798e+00
9.250452295592369e-02	1.649206e+00	1.690477e+00
9.250774517950422e-02	1.649206e+00	1.689932e+00
9.251418962666526e-02	1.649215e+00	1.688843e+00
9.252148301491316e-02	1.649236e+00	1.687612e+00
9.253223977041565e-02	1.649276e+00	1.685798e+00
9.254492553675453e-02	1.649329e+00	1.683661e+00
9.256563280813708e-02	1.649418e+00	1.680180e+00
9.299999990000000e-02	1.651250e+00	1.608757e+00
9.300000090000000e-02	1.651250e+00	1.608757e+00
9.300032849999997e-02	1.651251e+00	1.608813e+00
9.300065617999993e-02	1.651252e+00	1.608868e+00
9.300131153999988e-02	1.651255e+00	1.608979e+00
9.300262225999975e-02	1.651258e+00	1.609201e+00
9.300494868145225e-02	1.651261e+00	1.609594e+00
9.300872014341008e-02	1.651261e+00	1.610231e+00
9.301626306732572e-02	1.651247e+00	1.611506e+00
9.302453419892838e-02	1.651221e+00	1.612901e+00
9.303641625548964e-02	1.651174e+00	1.614905e+00
9.305048195038014e-02	1.651115e+00	1.617273e+00
9.307505447077281e-02	1.651009e+00	1.621399e+00
9.350000090000000e-02	1.649218e+00	1.691241e+00
9.350000190000000e-02	1.649218e+00	1.691241e+00
9.350032949999997e-02	1.649216e+00	1.691186e+00
9.350065717999993e-02	1.649215e+00	1.691131e+00
9.350131253999988e-02	1.649213e+00	1.691020e+00
9.350262325999975e-02	1.649209e+00	1.690798e+00
9.350452202921160e-02	1.649206e+00	1.690477e+00
9.350774283654269e-02	1.649206e+00	1.689933e+00
9.351418445120487e-02	1.649215e+00	1.688845e+00
9.352147751741872e-02	1.649236e+00	1.687613e+00
9.353223165874203e-02	1.649276e+00	1.685800e+00
9.354491490478421e-02	1.649329e+00	1.683663e+00
9.356561360546799e-02	1.649418e+00	1.680184e+00
9.399999990000001e-02	1.651250e+00	1.608758e+00
9.400000090000001e-02	1.651250e+00	1.608758e+00
9.400032849999997e-02	1.651251e+00	1.608813e+00
9.400065617999993e-02	1.651252e+00	1.608868e+00
9.400131153999988e-02	1.651255e+00	1.608979e+00
9.400262225999975e-02	1.651258e+00	1.609201e+00
9.400494867372261e-02	1.651261e+00	1.609594e+00
9.400872012776995e-02	1.651261e+00	1.610232e+00
9.401626303586462e-02	1.651247e+00	1.611506e+00
9.402453416141567e-02	1.651221e+00	1.612902e+00
9.403641617516130e-02	1.651174e+00	1.614905e+00
9.405048184873877e-02	1.651115e+00	1.617273e+00
9.407505429184616e-02	1.651009e+00	1.621399e+00
9.450000090000001e-02	1.649218e+00	1.691242e+00
9.450000190000001e-02	1.649218e+00	1.691242e+00
9.450032949999997e-02	1.649216e+00	1.691186e+00
9.450065717999993e-02	1.649215e+00	1.691131e+00
9.450131253999988e-02	1.649213e+00	1.691020e+00
9.450262325999975e-02	1.649209e+00	1.690798e+00
9.450452203447020e-02	1.649206e+00	1.690477e+00
9.450774283741731e-02	1.649206e+00	1.689933e+00
9.451418444331154e-02	1.649215e+00	1.688845e+00
9.452147750840893e-02	1.649236e+00	1.687613e+00
9.453223164957911e-02	1.649276e+00	1.685800e+00
9.454491488985167e-02	1.649329e+00	1.683663e+00
9.456561359256015e-02	1.649418e+00	1.680184e+00
9.499999990000001e-02	1.651250e+00	1.608758e+00
9.500000090000001e-02	1.651250e+00	1.608758e+00
9.500032849999990e-02	1.651251e+00	1.608813e+00
9.500065617999980e-02	1.651252e+00	1.608869e+00
9.500131153999959e-02	1.651255e+00	1.608979e+00
9.500262225999918e-02	1.651258e+00	1.609201e+00
9.500494867027860e-02	1.651261e+00	1.609594e+00
9.500872012031179e-02	1.651261e+00	1.610232e+00
9.501626302037817e-02	1.651247e+00	1.611506e+00
9.502453413506121e-02	1.651221e+00	1.612902e+00
9.503641612700360e-02	1.651174e+00	1.614905e+00
9.505048178705970e-02	1.651115e+00	1.617273e+00
9.507505417639996e-02	1.651009e+00	1.621400e+00
9.550000090000001e-02	1.649218e+00	1.691242e+00
9.550000190000001e-02	1.649218e+00	1.691242e+00
9.550032949999997e-02	1.649216e+00	1.691186e+00
9.550065717999993e-02	1.649215e+00	1.691131e+00
9.550131253999988e-02	1.649213e+00	1.691020e+00
9.550262325999975e-02	1.649209e+00	1.690798e+00
9.550452203869636e-02	1.649206e+00	1.690477e+00
9.550774283904449e-02	1.649206e+00	1.689933e+00
9.551418443974076e-02	1.649215e+00	1.688845e+00
9.552147750607196e-02	1.649236e+00	1.687614e+00
9.553223165135075e-02	1.649276e+00	1.685800e+00
9.554491488987484e-02	1.649329e+00	1.683663e+00
9.556561360170975e-02	1.649418e+00	1.680184e+00
9.599999989999999e-02	1.651250e+00	1.608758e+00
9.600000089999999e-02	1.651250e+00	1.608758e+00
9.600032849999997e-02	1.651251e+00	1.608813e+00
9.600065617999994e-02	1.651252e+00	1.608869e+00
9.600131153999988e-02	1.651255e+00	1.608980e+00
9.600262225999975e-02	1.651258e+00	1.609201e+00
9.600494866687476e-02	1.651261e+00	1.609594e+00
9.600872011118657e-02	1.651261e+00	1.610232e+00
9.601626299981017e-02	1.651247e+00	1.611506e+00
9.602453410223454e-02	1.651221e+00	1.612902e+00
9.603641606849386e-02	1.651174e+00	1.614905e+00
9.605048171528555e-02	1.651115e+00	1.617273e+00
9.607505404952699e-02	1.651009e+00	1.621400e+00
9.650000089999999e-02	1.649218e+00	1.691242e+00
9.650000189999999e-02	1.649218e+00	1.691242e+00
9.650032949999997e-02	1.649216e+00	1.691186e+00
9.650065717999994e-02	1.649215e+00	1.691131e+00
9.650131253999988e-02	1.649213e+00	1.691020e+00
9.650262325999975e-02	1.649209e+00	1.690799e+00
9.650452204204513e-02	1.649206e+00	1.690477e+00
9.650774283978179e-02	1.649206e+00	1.689933e+00
9.651418443525510e-02	1.649215e+00	1.688845e+00
9.652147749819097e-02	1.649236e+00	1.687614e+00
9.653223164081633e-02	1.649276e+00	1.685800e+00
9.654491488383012e-02	1.649329e+00	1.683664e+00
9.656561357037158e-02	1.649418e+00	1.680184e+00
9.699999989999999e-02	1.651250e+00	1.608758e+00
9.700000089999999e-02	1.651250e+00	1.608758e+00
9.700032849999997e-02	1.651251e+00	1.608813e+00
9.700065617999994e-02	1.651252e+00	1.608869e+00
9.700131153999988e-02	1.651255e+00	1.608980e+00
9.700262225999975e-02	1.651258e+00	1.609201e+00
9.700494866484821e-02	1.651261e+00	1.609595e+00
9.700872010746550e-02	1.651261e+00	1.610232e+00
9.701626299270008e-02	1.651247e+00	1.611506e+00
9.702453407982799e-02	1.651221e+00	1.612902e+00
9.703641603705017e-02	1.651174e+00	1.614905e+00
9.705048166533854e-02	1.651115e+00	1.617273e+00
9.707505399181383e-02	1.651009e+00	1.621400e+00
9.741519688095450e-02	1.649568e+00	1.677518e+00
9.750000089999999e-02	1.649218e+00	1.691241e+00
9.750000189999999e-02	1.649218e+00	1.691241e+00
9.750032949999997e-02	1.649216e+00	1.691186e+00
9.750065717999994e-02	1.649215e+00	1.691130e+00
9.750131253999988e-02	1.649213e+00	1.691020e+00
9.750262325999975e-02	1.649209e+00	1.690798e+00
9.750452295602599e-02	1.649206e+00	1.690477e+00
9.750774518000653e-02	1.649206e+00	1.689932e+00
9.751418962796762e-02	1.649215e+00	1.688843e+00
9.752148300800889e-02	1.649236e+00	1.687612e+00
9.753223977846930e-02	1.649276e+00	1.685798e+00
9.754492553889384e-02	1.649329e+00	1.683661e+00
9.756563282229609e-02	1.649418e+00	1.680180e+00
9.799999990000000e-02	1.651250e+00	1.608757e+00
9.800000089999999e-02	1.651250e+00	1.608757e+00
9.800032849999997e-02	1.651251e+00	1.608813e+00
9.800065617999994e-02	1.651252e+00	1.608868e+00
9.800131153999987e-02	1.651255e+00	1.608979e+00
9.800262225999976e-02	1.651258e+00	1.609201e+00
9.800494868081956e-02	1.651261e+00	1.609594e+00
9.800872014488372e-02	1.651261e+00	1.610231e+00
9.801626307301205e-02	1.651247e+00	1.611506e+00
9.802453420902400e-02	1.651221e+00	1.612901e+00
9.803641625848233e-02	1.651174e+00	1.614905e+00
9.805048195630521e-02	1.651115e+00	1.617273e+00
9.807505448183251e-02	1.651009e+00	1.621399e+00
9.850000090000000e-02	1.649218e+00	1.691241e+00
9.850000189999999e-02	1.649218e+00	1.691241e+00
9.850032949999997e-02	1.649216e+00	1.691186e+00
9.850065717999994e-02	1.649215e+00	1.691131e+00
9.850131253999987e-02	1.649213e+00	1.691020e+00
9.850262325999976e-02	1.649209e+00	1.690798e+00
9.850452202929993e-02	1.649206e+00	1.690477e+00
9.850774283632932e-02	1.649206e+00	1.689933e+00
9.851418445038811e-02	1.649215e+00	1.688845e+00
9.852147751753185e-02	1.649236e+00	1.687613e+00
9.853223165962470e-02	1.649276e+00	1.685800e+00
9.854491490205360e-02	1.649329e+00	1.683663e+00
9.856561361457535e-02	1.649418e+00	1.680184e+00
9.899999990000000e-02	1.651250e+00	1.608758e+00
9.900000090000000e-02	1.651250e+00	1.608758e+00
9.900032849999997e-02	1.651251e+00	1.608813e+00
9.900065617999994e-02	1.651252e+00	1.608868e+00
9.900131153999987e-02	1.651255e+00	1.608979e+00
9.900262225999976e-02	1.651258e+00	1.609201e+00
9.900494867310801e-02	1.651261e+00	1.609594e+00
9.900872012721718e-02	1.651261e+00	1.610232e+00
9.901626303543552e-02	1.651247e+00	1.611506e+00
9.902453416027189e-02	1.651221e+00	1.612902e+00
9.903641617880732e-02	1.651174e+00	1.614905e+00
9.905048184917965e-02	1.651115e+00	1.617273e+00
9.907505429567694e-02	1.651009e+00	1.621399e+00
9.950000090000000e-02	1.649218e+00	1.691242e+00
9.950000190000000e-02	1.649218e+00	1.691242e+00
9.950032949999997e-02	1.649216e+00	1.691186e+00
9.950065717999994e-02	1.649215e+00	1.691131e+00
9.950131253999987e-02	1.649213e+00	1.691020e+00
9.950262325999976e-02	1.649209e+00	1.690798e+00
9.950452203497802e-02	1.649206e+00	1.690477e+00
9.950774283901873e-02	1.649206e+00	1.689933e+00
9.951418444710015e-02	1.649215e+00	1.688845e+00
9.952147751304286e-02	1.649236e+00	1.687613e+00
9.953223165738594e-02	1.649276e+00	1.685800e+00
9.954491489765192e-02	1.649329e+00	1.683663e+00
9.956561360548502e-02	1.649418e+00	1.680184e+00
9.981315622356203e-02	1.650470e+00	1.639207e+00
9.999999990000000e-02	1.651250e+00	1.608758e+00