0.000000000000000e+00	1.651281e+00	1.608767e+00
9.000000000900649e-10	1.651281e+00	1.608767e+00
1.646600000027639e-07	1.651282e+00	1.608795e+00
3.285000000053349e-07	1.651283e+00	1.608822e+00
6.561800000104770e-07	1.651284e+00	1.608878e+00
1.311540000020761e-06	1.651286e+00	1.608989e+00
2.622260000041329e-06	1.651287e+00	1.609210e+00
4.613282927155545e-06	1.651284e+00	1.609547e+00
6.510698185869732e-06	1.651277e+00	1.609868e+00
9.052771983819596e-06	1.651264e+00	1.610297e+00
1.142558812841014e-05	1.651251e+00	1.610698e+00
1.435982225622950e-05	1.651237e+00	1.611194e+00
1.750105944882201e-05	1.651224e+00	1.611724e+00
2.294338430971305e-05	1.651201e+00	1.612643e+00
2.895465413222851e-05	1.651175e+00	1.613657e+00
3.583906350967947e-05	1.651145e+00	1.614817e+00
2.723611411867377e-04	1.650136e+00	1.654099e+00
5.000009000000001e-04	1.649185e+00	1.691251e+00
5.000019000000000e-04	1.649185e+00	1.691251e+00
5.001656599999849e-04	1.649185e+00	1.691223e+00
5.003294999999697e-04	1.649184e+00	1.691196e+00
5.006571799999393e-04	1.649183e+00	1.691140e+00
5.013125399998784e-04	1.649181e+00	1.691029e+00
5.042397126142409e-04	1.649181e+00	1.690534e+00
5.059941163119452e-04	1.649187e+00	1.690238e+00
5.082009329581123e-04	1.649199e+00	1.689865e+00
5.107121544208764e-04	1.649212e+00	1.689440e+00
5.134702236845024e-04	1.649225e+00	1.688975e+00
5.165418417011631e-04	1.649239e+00	1.688456e+00
5.206640880456150e-04	1.649256e+00	1.687760e+00
5.257321477317000e-04	1.649278e+00	1.686905e+00
5.316055277099468e-04	1.649304e+00	1.685915e+00
5.433522876664401e-04	1.649355e+00	1.683935e+00
8.167789279339322e-04	1.650519e+00	1.638591e+00
9.999999000000000e-04	1.651281e+00	1.608767e+00
1.000000900000000e-03	1.651281e+00	1.608767e+00
1.000164660000020e-03	1.651282e+00	1.608795e+00
1.000328500000041e-03	1.651283e+00	1.608822e+00
1.000656180000081e-03	1.651284e+00	1.608878e+00
1.001311540000163e-03	1.651286e+00	1.608989e+00
1.002622260000326e-03	1.651287e+00	1.609210e+00
1.004613278165084e-03	1.651284e+00	1.609547e+00
1.006510691164579e-03	1.651277e+00	1.609868e+00
1.009052756213975e-03	1.651264e+00	1.610297e+00
1.011425567179418e-03	1.651251e+00	1.610698e+00
1.014359789273646e-03	1.651237e+00	1.611194e+00
1.017501016880404e-03	1.651224e+00	1.611724e+00
1.022943277461842e-03	1.651201e+00	1.612643e+00
1.028954595190555e-03	1.651175e+00	1.613657e+00
1.035838889797527e-03	1.651145e+00	1.614817e+00
1.272356245396809e-03	1.650136e+00	1.654098e+00
1.500000900000000e-03	1.649185e+00	1.691251e+00
1.500001900000000e-03	1.649185e+00	1.691251e+00
1.500165659999985e-03	1.649185e+00	1.691224e+00
1.500329499999970e-03	1.649184e+00	1.691196e+00
1.500657179999939e-03	1.649183e+00	1.691140e+00
1.501312539999878e-03	1.649181e+00	1.691030e+00
1.504239717500277e-03	1.649181e+00	1.690535e+00
1.505994118725861e-03	1.649187e+00	1.690238e+00
1.508200938322123e-03	1.649199e+00	1.689865e+00
1.510712156256508e-03	1.649212e+00	1.689441e+00
1.513470224783256e-03	1.649225e+00	1.688975e+00
1.516541841811410e-03	1.649239e+00	1.688456e+00
1.520664092511762e-03	1.649256e+00	1.687760e+00
1.525732153183106e-03	1.649278e+00	1.686905e+00
1.531605535829352e-03	1.649304e+00	1.685915e+00
1.543352301121845e-03	1.649355e+00	1.683936e+00
1.816779056803639e-03	1.650519e+00	1.638591e+00
1.999999900000000e-03	1.651281e+00	1.608767e+00
2.000000900000000e-03	1.651281e+00	1.608767e+00
2.000164659999949e-03	1.651282e+00	1.608795e+00
2.000328499999898e-03	1.651283e+00	1.608823e+00
2.000656179999797e-03	1.651284e+00	1.608878e+00
2.001311539999594e-03	1.651286e+00	1.608989e+00
2.002622259999189e-03	1.651287e+00	1.609211e+00
2.004613274238183e-03	1.651284e+00	1.609547e+00
2.006510684431057e-03	1.651277e+00	1.609868e+00
2.009052742636984e-03	1.651264e+00	1.610298e+00
2.011425548856320e-03	1.651251e+00	1.610698e+00
2.014359758946668e-03	1.651237e+00	1.611194e+00
2.017500977814745e-03	1.651224e+00	1.611724e+00
2.022943179555871e-03	1.651201e+00	1.612643e+00
2.028954535730573e-03	1.651175e+00	1.613657e+00
2.035838732110079e-03	1.651145e+00	1.614817e+00
2.350000271681470e-03	1.649808e+00	1.666890e+00
2.500000900000000e-03	1.649185e+00	1.691250e+00
2.500001900000000e-03	1.649185e+00	1.691250e+00
2.500165659999985e-03	1.649185e+00	1.691223e+00
2.500329499999969e-03	1.649184e+00	1.691195e+00
2.500657179999939e-03	1.649183e+00	1.691139e+00
2.501312539999878e-03	1.649181e+00	1.691029e+00
2.504240636532316e-03	1.649181e+00	1.690534e+00
2.505993766843450e-03	1.649187e+00	1.690237e+00
2.508196159890653e-03	1.649199e+00	1.689865e+00
2.510719110208605e-03	1.649212e+00	1.689439e+00
2.513480828413414e-03	1.649225e+00	1.688972e+00
2.516558020324818e-03	1.649239e+00	1.688452e+00
2.520672306885490e-03	1.649256e+00	1.687758e+00
2.525744766941139e-03	1.649278e+00	1.686902e+00
2.531618736081634e-03	1.649304e+00	1.685912e+00
2.543366674362624e-03	1.649355e+00	1.683932e+00
2.816518619753430e-03	1.650518e+00	1.638632e+00
2.999999900000000e-03	1.651281e+00	1.608766e+00
3.000000900000000e-03	1.651281e+00	1.608766e+00
3.000164659999985e-03	1.651282e+00	1.608794e+00
3.000328499999969e-03	1.651283e+00	1.608822e+00
3.000656179999939e-03	1.651284e+00	1.608877e+00
3.001311539999879e-03	1.651286e+00	1.608988e+00
3.002622259999757e-03	1.651287e+00	1.609210e+00
3.004613291166978e-03	1.651285e+00	1.609546e+00
3.006510710754393e-03	1.651277e+00	1.609867e+00
3.009052799212864e-03	1.651264e+00	1.610297e+00
3.011425625594360e-03	1.651251e+00	1.610698e+00
3.014359881986599e-03	1.651237e+00	1.611193e+00
3.017501137193748e-03	1.651224e+00	1.611724e+00
3.022943568258508e-03	1.651201e+00	1.612642e+00
3.028954750500752e-03	1.651175e+00	1.613656e+00
3.035839346086145e-03	1.651145e+00	1.614817e+00
3.272366927678263e-03	1.650136e+00	1.654099e+00
3.500000900000000e-03	1.649185e+00	1.691251e+00
3.500001900000000e-03	1.649185e+00	1.691251e+00
3.500165659999985e-03	1.649185e+00	1.691223e+00
3.500329499999969e-03	1.649184e+00	1.691195e+00
3.500657179999939e-03	1.649183e+00	1.691140e+00
3.501312539999878e-03	1.649181e+00	1.691029e+00
3.504239699865240e-03	1.649181e+00	1.690534e+00
3.505994111267265e-03	1.649187e+00	1.690237e+00
3.508200918590462e-03	1.649199e+00	1.689864e+00
3.510712149655462e-03	1.649212e+00	1.689440e+00
3.513470221582115e-03	1.649225e+00	1.688974e+00
3.516541841428504e-03	1.649239e+00	1.688455e+00
3.520664081393227e-03	1.649256e+00	1.687760e+00
3.525732142157290e-03	1.649278e+00	1.686904e+00
3.531605522224650e-03	1.649304e+00	1.685914e+00
3.543352282359371e-03	1.649355e+00	1.683935e+00
3.816779005959330e-03	1.650519e+00	1.638590e+00
3.999999900000000e-03	1.651281e+00	1.608767e+00
4.000000900000000e-03	1.651281e+00	1.608767e+00
4.000164659999985e-03	1.651282e+00	1.608794e+00
4.000328499999969e-03	1.651283e+00	1.608822e+00
4.000656179999939e-03	1.651284e+00	1.608878e+00
4.001311539999879e-03	1.651286e+00	1.608988e+00
4.002622259999757e-03	1.651287e+00	1.609210e+00
4.004613287442590e-03	1.651284e+00	1.609547e+00
4.006510706154878e-03	1.651277e+00	1.609867e+00
4.009052788464611e-03	1.651264e+00	1.610297e+00
4.011425610765344e-03	1.651251e+00	1.610698e+00
4.014359858562255e-03	1.651237e+00	1.611193e+00
4.017501106581102e-03	1.651224e+00	1.611724e+00
4.022943494944808e-03	1.651201e+00	1.612642e+00
4.028954711958169e-03	1.651175e+00	1.613656e+00
4.035839232045858e-03	1.651145e+00	1.614817e+00
4.272365178465673e-03	1.650136e+00	1.654099e+00
4.500000900000000e-03	1.649185e+00	1.691251e+00
4.500001900000000e-03	1.649185e+00	1.691251e+00
4.500165659999985e-03	1.649185e+00	1.691223e+00
4.500329499999969e-03	1.649184e+00	1.691195e+00
4.500657179999939e-03	1.649183e+00	1.691140e+00
4.501312539999879e-03	1.649181e+00	1.691029e+00
4.504239706675743e-03	1.649181e+00	1.690534e+00
4.505994114188849e-03	1.649187e+00	1.690238e+00
4.508200925958415e-03	1.649199e+00	1.689865e+00
4.510712152487579e-03	1.649212e+00	1.689440e+00
4.513470223442198e-03	1.649225e+00	1.688974e+00
4.516541842412077e-03	1.649239e+00	1.688456e+00
4.520664087227778e-03	1.649256e+00	1.687760e+00
4.525732147699317e-03	1.649278e+00	1.686905e+00
4.531605529014135e-03	1.649304e+00	1.685914e+00
4.543352291643769e-03	1.649355e+00	1.683935e+00
4.816779135891027e-03	1.650519e+00	1.638590e+00
4.999999900000000e-03	1.651281e+00	1.608767e+00
5.000000900000000e-03	1.651281e+00	1.608767e+00
5.000164659999985e-03	1.651282e+00	1.608795e+00
5.000328499999969e-03	1.651283e+00	1.608822e+00
5.000656179999939e-03	1.651284e+00	1.608878e+00
5.001311539999879e-03	1.651286e+00	1.608989e+00
5.002622259999757e-03	1.651287e+00	1.609210e+00
5.004613282250877e-03	1.651284e+00	1.609547e+00
5.006510697794308e-03	1.651277e+00	1.609868e+00
5.009052771363686e-03	1.651264e+00	1.610297e+00
5.011425587838842e-03	1.651251e+00	1.610698e+00
5.014359822103172e-03	1.651237e+00	1.611194e+00
5.017501059824331e-03	1.651224e+00	1.611724e+00
5.022943379214193e-03	1.651201e+00	1.612643e+00
5.028954652373195e-03	1.651175e+00	1.613657e+00
5.035839051340028e-03	1.651145e+00	1.614817e+00
5.272360760495412e-03	1.650136e+00	1.654099e+00
5.500000900000000e-03	1.649185e+00	1.691251e+00
5.500001900000000e-03	1.649185e+00	1.691251e+00
5.500165659999985e-03	1.649185e+00	1.691223e+00
5.500329499999969e-03	1.649184e+00	1.691196e+00
5.500657179999939e-03	1.649183e+00	1.691140e+00
5.501312539999879e-03	1.649181e+00	1.691029e+00
5.504239712356638e-03	1.649181e+00	1.690534e+00
5.505994116341376e-03	1.649187e+00	1.690238e+00
5.508200932377631e-03	1.649199e+00	1.689865e+00
5.510712154262025e-03	1.649212e+00	1.689440e+00
5.513470224263729e-03	1.649225e+00	1.688975e+00
5.516541842347312e-03	1.649239e+00	1.688456e+00
5.520664089612681e-03	1.649256e+00	1.687760e+00
5.525732150881984e-03	1.649278e+00	1.686905e+00
5.531605532637611e-03	1.649304e+00	1.685915e+00
5.543352296148866e-03	1.649355e+00	1.683935e+00
5.816778812377152e-03	1.650519e+00	1.638591e+00
5.999999900000001e-03	1.651281e+00	1.608767e+00
6.000000900000000e-03	1.651281e+00	1.608767e+00
6.000164659999985e-03	1.651282e+00	1.608795e+00
6.000328499999969e-03	1.651283e+00	1.608822e+00
6.000656179999939e-03	1.651284e+00	1.608878e+00
6.001311539999879e-03	1.651286e+00	1.608989e+00
6.002622259999757e-03	1.651287e+00	1.609210e+00
6.004613278097921e-03	1.651284e+00	1.609547e+00
6.006510690885655e-03	1.651277e+00	1.609868e+00
6.009052755950060e-03	1.651264e+00	1.610297e+00
6.011425567080998e-03	1.651251e+00	1.610698e+00
6.014359788907174e-03	1.651237e+00	1.611194e+00
6.017501016298958e-03	1.651224e+00	1.611724e+00
6.022943276514555e-03	1.651201e+00	1.612643e+00
6.028954590996930e-03	1.651175e+00	1.613657e+00
6.035838892011354e-03	1.651145e+00	1.614817e+00
6.272357288555776e-03	1.650136e+00	1.654098e+00
6.500000900000000e-03	1.649185e+00	1.691251e+00
6.500001900000000e-03	1.649185e+00	1.691251e+00
6.500165659999985e-03	1.649185e+00	1.691224e+00
6.500329499999969e-03	1.649184e+00	1.691196e+00
6.500657179999939e-03	1.649183e+00	1.691140e+00
6.501312539999879e-03	1.649181e+00	1.691030e+00
6.504239717463689e-03	1.649181e+00	1.690535e+00
6.505994118258531e-03	1.649187e+00	1.690238e+00
6.508200938153205e-03	1.649199e+00	1.689865e+00
6.510712155526220e-03	1.649212e+00	1.689441e+00
6.513470223871723e-03	1.649225e+00	1.688975e+00
6.516541840514671e-03	1.649239e+00	1.688456e+00
6.520664093215871e-03	1.649256e+00	1.687760e+00
6.525732155044794e-03	1.649278e+00	1.686905e+00
6.531605539840312e-03	1.649304e+00	1.685915e+00
6.543352309431349e-03	1.649355e+00	1.683936e+00
6.816779073415720e-03	1.650519e+00	1.638591e+00
6.999999900000000e-03	1.651281e+00	1.608767e+00
7.000000900000000e-03	1.651281e+00	1.608767e+00
7.000164659999985e-03	1.651282e+00	1.608795e+00
7.000328499999969e-03	1.651283e+00	1.608823e+00
7.000656179999939e-03	1.651284e+00	1.608878e+00
7.001311539999879e-03	1.651286e+00	1.608989e+00
7.002622259999757e-03	1.651287e+00	1.609211e+00
7.004613273924862e-03	1.651284e+00	1.609547e+00
7.006510684386038e-03	1.651277e+00	1.609868e+00
7.009052741901457e-03	1.651264e+00	1.610298e+00
7.011425548082179e-03	1.651251e+00	1.610698e+00
7.014359758333705e-03	1.651237e+00	1.611194e+00
7.017500976992580e-03	1.651224e+00	1.611724e+00
7.022943177577959e-03	1.651201e+00	1.612643e+00
7.028954531770998e-03	1.651175e+00	1.613657e+00
7.035838731467505e-03	1.651145e+00	1.614817e+00
7.350000271681470e-03	1.649808e+00	1.666890e+00
7.500000900000000e-03	1.649185e+00	1.691250e+00
7.500001900000000e-03	1.649185e+00	1.691250e+00
7.500165659999985e-03	1.649185e+00	1.691223e+00
7.500329499999969e-03	1.649184e+00	1.691195e+00
7.500657179999939e-03	1.649183e+00	1.691139e+00
7.501312539999879e-03	1.649181e+00	1.691029e+00
7.504240637203761e-03	1.649181e+00	1.690534e+00
7.505993766933250e-03	1.649187e+00	1.690237e+00
7.508196160638578e-03	1.649199e+00	1.689865e+00
7.510719111173555e-03	1.649212e+00	1.689439e+00
7.513480829110018e-03	1.649225e+00	1.688972e+00
7.516558021367983e-03	1.649239e+00	1.688452e+00
7.520672306662484e-03	1.649256e+00	1.687758e+00
7.525744766804358e-03	1.649278e+00	1.686902e+00
7.531618735233764e-03	1.649304e+00	1.685912e+00
7.543366672092577e-03	1.649355e+00	1.683932e+00
7.816518623316620e-03	1.650518e+00	1.638632e+00
7.999999900000001e-03	1.651281e+00	1.608766e+00
8.000000900000000e-03	1.651281e+00	1.608766e+00
8.000164659999986e-03	1.651282e+00	1.608794e+00
8.000328499999970e-03	1.651283e+00	1.608822e+00
8.000656179999939e-03	1.651284e+00	1.608877e+00
8.001311539999879e-03	1.651286e+00	1.608988e+00
8.002622259999757e-03	1.651287e+00	1.609210e+00
8.004613290769879e-03	1.651285e+00	1.609546e+00
8.006510710851227e-03	1.651277e+00	1.609867e+00
8.009052799100158e-03	1.651264e+00	1.610297e+00
8.011425625518400e-03	1.651251e+00	1.610698e+00
8.014359882599307e-03	1.651237e+00	1.611193e+00
8.017501138188245e-03	1.651224e+00	1.611724e+00
8.022943571272811e-03	1.651201e+00	1.612642e+00
8.028954759885062e-03	1.651175e+00	1.613656e+00
8.035839353588575e-03	1.651145e+00	1.614817e+00
8.272366734577445e-03	1.650136e+00	1.654099e+00
8.500000900000000e-03	1.649185e+00	1.691251e+00
8.500001900000000e-03	1.649185e+00	1.691251e+00
8.500165659999986e-03	1.649185e+00	1.691223e+00
8.500329499999969e-03	1.649184e+00	1.691195e+00
8.500657179999939e-03	1.649183e+00	1.691140e+00
8.501312539999879e-03	1.649181e+00	1.691029e+00
8.504239700502148e-03	1.649181e+00	1.690534e+00
8.505994111524928e-03	1.649187e+00	1.690237e+00
8.508200918960413e-03	1.649199e+00	1.689864e+00
8.510712149367040e-03	1.649212e+00	1.689440e+00
8.513470221605788e-03	1.649225e+00	1.688974e+00
8.516541841344236e-03	1.649239e+00	1.688455e+00
8.520664082608910e-03	1.649256e+00	1.687760e+00
8.525732144370517e-03	1.649278e+00	1.686904e+00
8.531605525927894e-03	1.649304e+00	1.685914e+00
8.543352289042650e-03	1.649355e+00	1.683935e+00
8.816778946695131e-03	1.650519e+00	1.638590e+00
8.999999900000000e-03	1.651281e+00	1.608767e+00
9.000000899999999e-03	1.651281e+00	1.608767e+00
9.000164659999985e-03	1.651282e+00	1.608794e+00
9.000328499999970e-03	1.651283e+00	1.608822e+00
9.000656179999940e-03	1.651284e+00	1.608878e+00
9.001311539999878e-03	1.651286e+00	1.608988e+00
9.002622259999756e-03	1.651287e+00	1.609210e+00
9.004613287504832e-03	1.651284e+00	1.609547e+00
9.006510706258053e-03	1.651277e+00	1.609867e+00
9.009052788851831e-03	1.651264e+00	1.610297e+00
9.011425610997680e-03	1.651251e+00	1.610698e+00
9.014359859445358e-03	1.651237e+00	1.611193e+00
9.017501107947820e-03	1.651224e+00	1.611724e+00
9.022943499966225e-03	1.651201e+00	1.612642e+00
9.028954724766851e-03	1.651175e+00	1.613656e+00
9.035839239606620e-03	1.651145e+00	1.614817e+00
9.272363893374939e-03	1.650136e+00	1.654099e+00
9.500000900000000e-03	1.649185e+00	1.691251e+00
9.500001899999999e-03	1.649185e+00	1.691251e+00
9.500165659999985e-03	1.649185e+00	1.691223e+00
9.500329499999970e-03	1.649184e+00	1.691195e+00
9.500657179999939e-03	1.649183e+00	1.691140e+00
9.501312539999878e-03	1.649181e+00	1.691029e+00
9.504239706640260e-03	1.649181e+00	1.690534e+00
9.505994114342104e-03	1.649187e+00	1.690238e+00
9.508200925762064e-03	1.649199e+00	1.689865e+00
9.510712151348603e-03	1.649212e+00	1.689440e+00
9.513470222615662e-03	1.649225e+00	1.688974e+00
9.516541841249553e-03	1.649239e+00	1.688456e+00
9.520664086567892e-03	1.649256e+00	1.687760e+00
9.525732147189729e-03	1.649278e+00	1.686905e+00
9.531605528528869e-03	1.649304e+00	1.685914e+00
9.543352291207147e-03	1.649355e+00	1.683935e+00
9.816778962861540e-03	1.650519e+00	1.638590e+00
9.999999900000001e-03	1.651281e+00	1.608767e+00
1.000000090000000e-02	1.651281e+00	1.608767e+00
1.000016465999998e-02	1.651282e+00	1.608795e+00
1.000032849999997e-02	1.651283e+00	1.608822e+00
1.000065617999994e-02	1.651284e+00	1.608878e+00
1.000131153999988e-02	1.651286e+00	1.608989e+00
1.000262225999976e-02	1.651287e+00	1.609210e+00
1.000461328244795e-02	1.651284e+00	1.609547e+00
1.000651069808833e-02	1.651277e+00	1.609868e+00
1.000905277140401e-02	1.651264e+00	1.610297e+00
1.001142558740107e-02	1.651251e+00	1.610698e+00
1.001435982105196e-02	1.651237e+00	1.611194e+00
1.001750105806208e-02	1.651224e+00	1.611724e+00
1.002294337748339e-02	1.651201e+00	1.612643e+00
1.002895464370571e-02	1.651175e+00	1.613657e+00
1.003583904638137e-02	1.651145e+00	1.614817e+00
1.027236052793907e-02	1.650136e+00	1.654099e+00
1.050000090000000e-02	1.649185e+00	1.691251e+00
1.050000190000000e-02	1.649185e+00	1.691251e+00
1.050016565999998e-02	1.649185e+00	1.691223e+00
1.050032949999997e-02	1.649184e+00	1.691196e+00
1.050065717999994e-02	1.649183e+00	1.691140e+00
1.050131253999988e-02	1.649181e+00	1.691029e+00
1.050423971246710e-02	1.649181e+00	1.690534e+00
1.050599411644136e-02	1.649187e+00	1.690238e+00
1.050820093291772e-02	1.649199e+00	1.689865e+00
1.051071215395093e-02	1.649212e+00	1.689440e+00
1.051347022213201e-02	1.649225e+00	1.688975e+00
1.051654183910499e-02	1.649239e+00	1.688456e+00
1.052066408821466e-02	1.649256e+00	1.687760e+00
1.052573215246397e-02	1.649278e+00	1.686905e+00
1.053160553803021e-02	1.649304e+00	1.685915e+00
1.054335230916270e-02	1.649355e+00	1.683935e+00
1.081677865964998e-02	1.650519e+00	1.638591e+00
1.099999990000000e-02	1.651281e+00	1.608767e+00
1.100000090000000e-02	1.651281e+00	1.608767e+00
1.100016465999998e-02	1.651282e+00	1.608795e+00
1.100032849999997e-02	1.651283e+00	1.608822e+00
1.100065617999994e-02	1.651284e+00	1.608878e+00
1.100131153999988e-02	1.651286e+00	1.608989e+00
1.100262225999976e-02	1.651287e+00	1.609210e+00
1.100461327795124e-02	1.651284e+00	1.609547e+00
1.100651069076859e-02	1.651277e+00	1.609868e+00
1.100905275593893e-02	1.651264e+00	1.610297e+00
1.101142556687192e-02	1.651251e+00	1.610698e+00
1.101435978814976e-02	1.651237e+00	1.611194e+00
1.101750101526921e-02	1.651224e+00	1.611724e+00
1.102294327524298e-02	1.651201e+00	1.612643e+00
1.102895458959875e-02	1.651175e+00	1.613657e+00
1.103583888787595e-02	1.651145e+00	1.614817e+00
1.127235661059722e-02	1.650136e+00	1.654098e+00
1.150000090000000e-02	1.649185e+00	1.691251e+00
1.150000190000000e-02	1.649185e+00	1.691251e+00
1.150016565999998e-02	1.649185e+00	1.691224e+00
1.150032949999997e-02	1.649184e+00	1.691196e+00
1.150065717999994e-02	1.649183e+00	1.691140e+00
1.150131253999988e-02	1.649181e+00	1.691030e+00
1.150423971762884e-02	1.649181e+00	1.690535e+00
1.150599411841966e-02	1.649187e+00	1.690238e+00
1.150820093853108e-02	1.649199e+00	1.689865e+00
1.151071215626443e-02	1.649212e+00	1.689441e+00
1.151347022485162e-02	1.649225e+00	1.688975e+00
1.151654184179650e-02	1.649239e+00	1.688456e+00
1.152066409390518e-02	1.649256e+00	1.687760e+00
1.152573215678331e-02	1.649278e+00	1.686905e+00
1.153160554122236e-02	1.649304e+00	1.685915e+00
1.154335231010046e-02	1.649355e+00	1.683936e+00
1.181677879350308e-02	1.650519e+00	1.638591e+00
1.199999990000000e-02	1.651281e+00	1.608767e+00
1.200000090000000e-02	1.651281e+00	1.608767e+00
1.200016465999995e-02	1.651282e+00	1.608795e+00
1.200032849999990e-02	1.651283e+00	1.608823e+00
1.200065617999980e-02	1.651284e+00	1.608878e+00
1.200131153999959e-02	1.651286e+00	1.608989e+00
1.200262225999919e-02	1.651287e+00	1.609211e+00
1.200461327428871e-02	1.651284e+00	1.609547e+00
1.200651068432116e-02	1.651277e+00	1.609868e+00
1.200905274177720e-02	1.651264e+00	1.610298e+00
1.201142554750507e-02	1.651251e+00	1.610698e+00
1.201435975825073e-02	1.651237e+00	1.611194e+00
1.201750097698610e-02	1.651224e+00	1.611724e+00
1.202294317877524e-02	1.651201e+00	1.612643e+00
1.202895453587408e-02	1.651175e+00	1.613657e+00
1.203583873473452e-02	1.651145e+00	1.614817e+00
1.235000027168147e-02	1.649808e+00	1.666890e+00
1.250000090000000e-02	1.649185e+00	1.691250e+00
1.250000190000000e-02	1.649185e+00	1.691250e+00
1.250016565999998e-02	1.649185e+00	1.691223e+00
1.250032949999997e-02	1.649184e+00	1.691195e+00
1.250065717999994e-02	1.649183e+00	1.691139e+00
1.250131253999988e-02	1.649181e+00	1.691029e+00
1.250424063657544e-02	1.649181e+00	1.690534e+00
1.250599376673213e-02	1.649187e+00	1.690237e+00
1.250819615981214e-02	1.649199e+00	1.689865e+00
1.251071911044569e-02	1.649212e+00	1.689439e+00
1.251348082833310e-02	1.649225e+00	1.688972e+00
1.251655802076671e-02	1.649239e+00	1.688452e+00
1.252067230453388e-02	1.649256e+00	1.687758e+00
1.252574476109728e-02	1.649278e+00	1.686902e+00
1.253161872586600e-02	1.649304e+00	1.685912e+00
1.254336665540345e-02	1.649355e+00	1.683932e+00
1.281651889051035e-02	1.650518e+00	1.638632e+00
1.299999990000000e-02	1.651281e+00	1.608766e+00
1.300000090000000e-02	1.651281e+00	1.608766e+00
1.300016465999999e-02	1.651282e+00	1.608794e+00
1.300032849999997e-02	1.651283e+00	1.608822e+00
1.300065617999994e-02	1.651284e+00	1.608877e+00
1.300131153999988e-02	1.651286e+00	1.608988e+00
1.300262225999976e-02	1.651287e+00	1.609210e+00
1.300461329077525e-02	1.651285e+00	1.609546e+00
1.300651071081273e-02	1.651277e+00	1.609867e+00
1.300905279923101e-02	1.651264e+00	1.610297e+00
1.301142562564182e-02	1.651251e+00	1.610698e+00
1.301435988212189e-02	1.651237e+00	1.611193e+00
1.301750113746987e-02	1.651224e+00	1.611724e+00
1.302294357098492e-02	1.651201e+00	1.612642e+00
1.302895475469069e-02	1.651175e+00	1.613656e+00
1.303583935318669e-02	1.651145e+00	1.614817e+00
1.327236724443725e-02	1.650136e+00	1.654099e+00
1.350000090000000e-02	1.649185e+00	1.691251e+00
1.350000190000000e-02	1.649185e+00	1.691251e+00
1.350016565999998e-02	1.649185e+00	1.691223e+00
1.350032949999997e-02	1.649184e+00	1.691195e+00
1.350065717999994e-02	1.649183e+00	1.691140e+00
1.350131253999988e-02	1.649181e+00	1.691029e+00
1.350423969993156e-02	1.649181e+00	1.690534e+00
1.350599411152577e-02	1.649187e+00	1.690237e+00
1.350820091832159e-02	1.649199e+00	1.689864e+00
1.351071214872978e-02	1.649212e+00	1.689440e+00
1.351347022093383e-02	1.649225e+00	1.688974e+00
1.351654184073606e-02	1.649239e+00	1.688455e+00
1.352066408003945e-02	1.649256e+00	1.687760e+00
1.352573213817885e-02	1.649278e+00	1.686904e+00
1.353160551528844e-02	1.649304e+00	1.685914e+00
1.354335226950760e-02	1.649355e+00	1.683935e+00
1.381677910016077e-02	1.650519e+00	1.638590e+00
1.399999990000000e-02	1.651281e+00	1.608767e+00
1.400000090000000e-02	1.651281e+00	1.608767e+00
1.400016465999998e-02	1.651282e+00	1.608794e+00
1.400032849999997e-02	1.651283e+00	1.608822e+00
1.400065617999994e-02	1.651284e+00	1.608878e+00
1.400131153999988e-02	1.651286e+00	1.608988e+00
1.400262225999976e-02	1.651287e+00	1.609210e+00
1.400461328782586e-02	1.651284e+00	1.609547e+00
1.400651070639262e-02	1.651277e+00	1.609867e+00
1.400905278962780e-02	1.651264e+00	1.610297e+00
1.401142561181658e-02	1.651251e+00	1.610698e+00
1.401435985903709e-02	1.651237e+00	1.611193e+00
1.401750110698759e-02	1.651224e+00	1.611724e+00
1.402294349923669e-02	1.651201e+00	1.612642e+00
1.402895471347024e-02	1.651175e+00	1.613656e+00
1.403583923928679e-02	1.651145e+00	1.614817e+00
1.427236529983873e-02	1.650136e+00	1.654099e+00
1.450000090000000e-02	1.649185e+00	1.691251e+00
1.450000190000000e-02	1.649185e+00	1.691251e+00
1.450016565999998e-02	1.649185e+00	1.691223e+00
1.450032949999997e-02	1.649184e+00	1.691195e+00
1.450065717999994e-02	1.649183e+00	1.691140e+00
1.450131253999988e-02	1.649181e+00	1.691029e+00
1.450423970690396e-02	1.649181e+00	1.690534e+00
1.450599411396770e-02	1.649187e+00	1.690238e+00
1.450820092620833e-02	1.649199e+00	1.689865e+00
1.451071215201899e-02	1.649212e+00	1.689440e+00
1.451347022289033e-02	1.649225e+00	1.688974e+00
1.451654184194405e-02	1.649239e+00	1.688456e+00
1.452066408591093e-02	1.649256e+00	1.687760e+00
1.452573214520159e-02	1.649278e+00	1.686905e+00
1.453160552478757e-02	1.649304e+00	1.685914e+00
1.454335228395952e-02	1.649355e+00	1.683935e+00
1.481677918807928e-02	1.650519e+00	1.638590e+00
1.499999990000000e-02	1.651281e+00	1.608767e+00
1.500000090000000e-02	1.651281e+00	1.608767e+00
1.500016465999999e-02	1.651282e+00	1.608795e+00
1.500032849999997e-02	1.651283e+00	1.608822e+00
1.500065617999994e-02	1.651284e+00	1.608878e+00
1.500131153999988e-02	1.651286e+00	1.608989e+00
1.500262225999976e-02	1.651287e+00	1.609210e+00
1.500461328269093e-02	1.651284e+00	1.609547e+00
1.500651069822433e-02	1.651277e+00	1.609868e+00
1.500905277204224e-02	1.651264e+00	1.610297e+00
1.501142558833792e-02	1.651251e+00	1.610698e+00
1.501435982232052e-02	1.651237e+00	1.611194e+00
1.501750105964278e-02	1.651224e+00	1.611724e+00
1.502294338124611e-02	1.651201e+00	1.612643e+00
1.502895465011289e-02	1.651175e+00	1.613657e+00
1.503583905308198e-02	1.651145e+00	1.614817e+00
1.527236078888403e-02	1.650136e+00	1.654099e+00
1.550000090000000e-02	1.649185e+00	1.691251e+00
1.550000190000000e-02	1.649185e+00	1.691251e+00
1.550016565999998e-02	1.649185e+00	1.691223e+00
1.550032949999997e-02	1.649184e+00	1.691196e+00
1.550065717999994e-02	1.649183e+00	1.691140e+00
1.550131253999988e-02	1.649181e+00	1.691029e+00
1.550423971255428e-02	1.649181e+00	1.690534e+00
1.550599411653439e-02	1.649187e+00	1.690238e+00
1.550820093270933e-02	1.649199e+00	1.689865e+00
1.551071215412115e-02	1.649212e+00	1.689440e+00
1.551347022337228e-02	1.649225e+00	1.688975e+00
1.551654184100742e-02	1.649239e+00	1.688456e+00
1.552066408851628e-02	1.649256e+00	1.687760e+00
1.552573214984194e-02	1.649278e+00	1.686905e+00
1.553160553191672e-02	1.649304e+00	1.685915e+00
1.554335229606630e-02	1.649355e+00	1.683935e+00
1.581677896532954e-02	1.650519e+00	1.638591e+00
1.599999990000000e-02	1.651281e+00	1.608767e+00
1.600000090000000e-02	1.651281e+00	1.608767e+00
1.600016465999999e-02	1.651282e+00	1.608795e+00
1.600032849999997e-02	1.651283e+00	1.608822e+00
1.600065617999994e-02	1.651284e+00	1.608878e+00
1.600131153999988e-02	1.651286e+00	1.608989e+00
1.600262225999976e-02	1.651287e+00	1.609210e+00
1.600461327850640e-02	1.651284e+00	1.609547e+00
1.600651069077792e-02	1.651277e+00	1.609868e+00
1.600905275632078e-02	1.651264e+00	1.610297e+00
1.601142556680742e-02	1.651251e+00	1.610698e+00
1.601435978877451e-02	1.651237e+00	1.611194e+00
1.601750101626089e-02	1.651224e+00	1.611724e+00
1.602294327897900e-02	1.651201e+00	1.612643e+00
1.602895459271829e-02	1.651175e+00	1.613657e+00
1.603583889682555e-02	1.651145e+00	1.614817e+00
1.627235734321131e-02	1.650136e+00	1.654098e+00
1.650000090000000e-02	1.649185e+00	1.691251e+00
1.650000190000000e-02	1.649185e+00	1.691251e+00
1.650016565999999e-02	1.649185e+00	1.691224e+00
1.650032949999997e-02	1.649184e+00	1.691196e+00
1.650065717999994e-02	1.649183e+00	1.691140e+00
1.650131253999988e-02	1.649181e+00	1.691030e+00
1.650423971770041e-02	1.649181e+00	1.690535e+00
1.650599411867478e-02	1.649187e+00	1.690238e+00
1.650820093852337e-02	1.649199e+00	1.689865e+00
1.651071215559808e-02	1.649212e+00	1.689441e+00
1.651347022392264e-02	1.649225e+00	1.688975e+00
1.651654183999400e-02	1.649239e+00	1.688456e+00
1.652066409568297e-02	1.649256e+00	1.687760e+00
1.652573216168469e-02	1.649278e+00	1.686905e+00
1.653160555142123e-02	1.649304e+00	1.685915e+00
1.654335233089431e-02	1.649355e+00	1.683936e+00
1.681677884773445e-02	1.650519e+00	1.638591e+00
1.699999990000000e-02	1.651281e+00	1.608767e+00
1.700000090000000e-02	1.651281e+00	1.608767e+00
1.700016465999998e-02	1.651282e+00	1.608795e+00
1.700032849999997e-02	1.651283e+00	1.608823e+00
1.700065617999994e-02	1.651284e+00	1.608878e+00
1.700131153999988e-02	1.651286e+00	1.608989e+00
1.700262225999976e-02	1.651287e+00	1.609211e+00
1.700461327414410e-02	1.651284e+00	1.609547e+00
1.700651068449730e-02	1.651277e+00	1.609868e+00
1.700905274218644e-02	1.651264e+00	1.610298e+00
1.701142554832399e-02	1.651251e+00	1.610698e+00
1.701435975887762e-02	1.651237e+00	1.611194e+00
1.701750097759877e-02	1.651224e+00	1.611724e+00
1.702294318115178e-02	1.651201e+00	1.612643e+00
1.702895453994310e-02	1.651175e+00	1.613657e+00
1.703583873829185e-02	1.651145e+00	1.614817e+00
1.735000027168147e-02	1.649808e+00	1.666890e+00
1.750000090000000e-02	1.649185e+00	1.691250e+00
1.750000190000000e-02	1.649185e+00	1.691250e+00
1.750016565999998e-02	1.649185e+00	1.691223e+00
1.750032949999997e-02	1.649184e+00	1.691195e+00
1.750065717999994e-02	1.649183e+00	1.691139e+00
1.750131253999988e-02	1.649181e+00	1.691029e+00
1.750424063639419e-02	1.649181e+00	1.690534e+00
1.750599376655945e-02	1.649187e+00	1.690237e+00
1.750819615995557e-02	1.649199e+00	1.689865e+00
1.751071911105528e-02	1.649212e+00	1.689439e+00
1.751348082947830e-02	1.649225e+00	1.688972e+00
1.751655802220050e-02	1.649239e+00	1.688452e+00
1.752067230704780e-02	1.649256e+00	1.687758e+00
1.752574476221557e-02	1.649278e+00	1.686902e+00
1.753161872677140e-02	1.649304e+00	1.685912e+00
1.754336665588305e-02	1.649355e+00	1.683932e+00
1.781651911904049e-02	1.650518e+00	1.638632e+00
1.799999990000000e-02	1.651281e+00	1.608766e+00
1.800000090000000e-02	1.651281e+00	1.608766e+00
1.800016465999998e-02	1.651282e+00	1.608794e+00
1.800032849999997e-02	1.651283e+00	1.608822e+00
1.800065617999994e-02	1.651284e+00	1.608877e+00
1.800131153999988e-02	1.651286e+00	1.608988e+00
1.800262225999976e-02	1.651287e+00	1.609210e+00
1.800461329155827e-02	1.651285e+00	1.609546e+00
1.800651071146726e-02	1.651277e+00	1.609867e+00
1.800905280008981e-02	1.651264e+00	1.610297e+00
1.801142562598821e-02	1.651251e+00	1.610698e+00
1.801435988201808e-02	1.651237e+00	1.611193e+00
1.801750113685181e-02	1.651224e+00	1.611724e+00
1.802294357130386e-02	1.651201e+00	1.612642e+00
1.802895475018020e-02	1.651175e+00	1.613656e+00
1.803583934996967e-02	1.651145e+00	1.614817e+00
1.827236745205123e-02	1.650136e+00	1.654099e+00
1.850000090000000e-02	1.649185e+00	1.691251e+00
1.850000190000000e-02	1.649185e+00	1.691251e+00
1.850016565999998e-02	1.649185e+00	1.691223e+00
1.850032949999997e-02	1.649184e+00	1.691195e+00
1.850065717999994e-02	1.649183e+00	1.691140e+00
1.850131253999988e-02	1.649181e+00	1.691029e+00
1.850423970046804e-02	1.649181e+00	1.690534e+00
1.850599411153666e-02	1.649187e+00	1.690237e+00
1.850820091895294e-02	1.649199e+00	1.689864e+00
1.851071214996395e-02	1.649212e+00	1.689440e+00
1.851347022080176e-02	1.649225e+00	1.688974e+00
1.851654184036070e-02	1.649239e+00	1.688455e+00
1.852066407888947e-02	1.649256e+00	1.687760e+00
1.852573214095177e-02	1.649278e+00	1.686904e+00
1.853160552095423e-02	1.649304e+00	1.685914e+00
1.854335228095914e-02	1.649355e+00	1.683935e+00
1.881677880907810e-02	1.650519e+00	1.638590e+00
1.899999990000000e-02	1.651281e+00	1.608767e+00
1.900000090000000e-02	1.651281e+00	1.608767e+00
1.900016465999999e-02	1.651282e+00	1.608794e+00
1.900032849999997e-02	1.651283e+00	1.608822e+00
1.900065617999994e-02	1.651284e+00	1.608878e+00
1.900131153999988e-02	1.651286e+00	1.608988e+00
1.900262225999976e-02	1.651287e+00	1.609210e+00
1.900461328757974e-02	1.651284e+00	1.609547e+00
1.900651070649881e-02	1.651277e+00	1.609867e+00
1.900905278903903e-02	1.651264e+00	1.610297e+00
1.901142561102488e-02	1.651251e+00	1.610698e+00
1.901435985853903e-02	1.651237e+00	1.611193e+00
1.901750110644443e-02	1.651224e+00	1.611724e+00
1.902294349756091e-02	1.651201e+00	1.612642e+00
1.902895471595860e-02	1.651175e+00	1.613656e+00
1.903583923566840e-02	1.651145e+00	1.614817e+00
1.927236430999102e-02	1.650136e+00	1.654099e+00
1.950000090000000e-02	1.649185e+00	1.691251e+00
1.950000190000000e-02	1.649185e+00	1.691251e+00
1.950016565999999e-02	1.649185e+00	1.691223e+00
1.950032949999997e-02	1.649184e+00	1.691195e+00
1.950065717999994e-02	1.649183e+00	1.691140e+00
1.950131253999988e-02	1.649181e+00	1.691029e+00
1.950423970699936e-02	1.649181e+00	1.690534e+00
1.950599411416224e-02	1.649187e+00	1.690238e+00
1.950820092634825e-02	1.649199e+00	1.689865e+00
1.951071215198013e-02	1.649212e+00	1.689440e+00
1.951347022135220e-02	1.649225e+00	1.688974e+00
1.951654183933317e-02	1.649239e+00	1.688456e+00
1.952066408348622e-02	1.649256e+00	1.687760e+00
1.952573214686617e-02	1.649278e+00	1.686905e+00
1.953160552965630e-02	1.649304e+00	1.685914e+00
1.954335229523655e-02	1.649355e+00	1.683935e+00
1.981677871142342e-02	1.650519e+00	1.638590e+00
1.999999990000000e-02	1.651281e+00	1.608767e+00
2.000000090000000e-02	1.651281e+00	1.608767e+00
2.000016465999999e-02	1.651282e+00	1.608795e+00
2.000032849999997e-02	1.651283e+00	1.608822e+00
2.000065617999994e-02	1.651284e+00	1.608878e+00
2.000131153999988e-02	1.651286e+00	1.608989e+00
2.000262225999976e-02	1.651287e+00	1.609210e+00
2.000461328258114e-02	1.651284e+00	1.609547e+00
2.000651069852777e-02	1.651277e+00	1.609868e+00
2.000905277124652e-02	1.651264e+00	1.610297e+00
2.001142558723252e-02	1.651251e+00	1.610698e+00
2.001435982206905e-02	1.651237e+00	1.611194e+00
2.001750105959138e-02	1.651224e+00	1.611724e+00
2.002294338136458e-02	1.651201e+00	1.612643e+00
2.002895465382862e-02	1.651175e+00	1.613657e+00
2.003583905593235e-02	1.651145e+00	1.614817e+00
2.027236018352999e-02	1.650136e+00	1.654099e+00
2.050000090000000e-02	1.649185e+00	1.691251e+00
2.050000190000000e-02	1.649185e+00	1.691251e+00
2.050016565999999e-02	1.649185e+00	1.691223e+00
2.050032949999997e-02	1.649184e+00	1.691196e+00
2.050065717999994e-02	1.649183e+00	1.691140e+00
2.050131253999988e-02	1.649181e+00	1.691029e+00
2.050423971250262e-02	1.649181e+00	1.690534e+00
2.050599411616303e-02	1.649187e+00	1.690238e+00
2.050820093282696e-02	1.649199e+00	1.689865e+00
2.051071215470741e-02	1.649212e+00	1.689440e+00
2.051347022306634e-02	1.649225e+00	1.688975e+00
2.051654184063751e-02	1.649239e+00	1.688456e+00
2.052066408787685e-02	1.649256e+00	1.687760e+00
2.052573214825973e-02	1.649278e+00	1.686905e+00
2.053160552946535e-02	1.649304e+00	1.685915e+00
2.054335229187659e-02	1.649355e+00	1.683935e+00
2.081677914222395e-02	1.650519e+00	1.638590e+00
2.099999990000000e-02	1.651281e+00	1.608767e+00
2.100000090000000e-02	1.651281e+00	1.608767e+00
2.100016465999998e-02	1.651282e+00	1.608795e+00
2.100032849999997e-02	1.651283e+00	1.608822e+00
2.100065617999994e-02	1.651284e+00	1.608878e+00
2.100131153999988e-02	1.651286e+00	1.608989e+00
2.100262225999976e-02	1.651287e+00	1.609210e+00
2.100461327782367e-02	1.651284e+00	1.609547e+00
2.100651069072322e-02	1.651277e+00	1.609868e+00
2.100905275566762e-02	1.651264e+00	1.610297e+00
2.101142556661644e-02	1.651251e+00	1.610698e+00
2.101435978816628e-02	1.651237e+00	1.611194e+00
2.101750101553920e-02	1.651224e+00	1.611724e+00
2.102294327359043e-02	1.651201e+00	1.612643e+00
2.102895458754948e-02	1.651175e+00	1.613657e+00
2.103583888388919e-02	1.651145e+00	1.614817e+00
2.127235683257022e-02	1.650136e+00	1.654098e+00
2.150000090000000e-02	1.649185e+00	1.691251e+00
2.150000190000000e-02	1.649185e+00	1.691251e+00
2.150016565999998e-02	1.649185e+00	1.691224e+00
2.150032949999997e-02	1.649184e+00	1.691196e+00
2.150065717999994e-02	1.649183e+00	1.691140e+00
2.150131253999988e-02	1.649181e+00	1.691030e+00
2.150423971779226e-02	1.649181e+00	1.690535e+00
2.150599411843846e-02	1.649187e+00	1.690238e+00
2.150820093833533e-02	1.649199e+00	1.689865e+00
2.151071215564307e-02	1.649212e+00	1.689441e+00
2.151347022425432e-02	1.649225e+00	1.688975e+00
2.151654184094303e-02	1.649239e+00	1.688456e+00
2.152066409360954e-02	1.649256e+00	1.687760e+00
2.152573215648114e-02	1.649278e+00	1.686905e+00
2.153160554262009e-02	1.649304e+00	1.685915e+00
2.154335231489799e-02	1.649355e+00	1.683936e+00
2.181677901265875e-02	1.650519e+00	1.638591e+00
2.199999990000000e-02	1.651281e+00	1.608767e+00
2.200000090000000e-02	1.651281e+00	1.608767e+00
2.200016465999998e-02	1.651282e+00	1.608795e+00
2.200032849999997e-02	1.651283e+00	1.608823e+00
2.200065617999994e-02	1.651284e+00	1.608878e+00
2.200131153999988e-02	1.651286e+00	1.608989e+00
2.200262225999976e-02	1.651287e+00	1.609211e+00
2.200461327411582e-02	1.651284e+00	1.609547e+00
2.200651068449852e-02	1.651277e+00	1.609868e+00
2.200905274193752e-02	1.651264e+00	1.610298e+00
2.201142554772210e-02	1.651251e+00	1.610698e+00
2.201435975874893e-02	1.651237e+00	1.611194e+00
2.201750097756538e-02	1.651224e+00	1.611724e+00
2.202294318121755e-02	1.651201e+00	1.612643e+00
2.202895453827515e-02	1.651175e+00	1.613657e+00
2.203583873805568e-02	1.651145e+00	1.614817e+00
2.235000027168147e-02	1.649808e+00	1.666890e+00
2.250000090000000e-02	1.649185e+00	1.691250e+00
2.250000190000000e-02	1.649185e+00	1.691250e+00
2.250016565999998e-02	1.649185e+00	1.691223e+00
2.250032949999997e-02	1.649184e+00	1.691195e+00
2.250065717999994e-02	1.649183e+00	1.691139e+00
2.250131253999988e-02	1.649181e+00	1.691029e+00
2.250424063654426e-02	1.649181e+00	1.690534e+00
2.250599376699213e-02	1.649187e+00	1.690237e+00
2.250819615983110e-02	1.649199e+00	1.689865e+00
2.251071911064253e-02	1.649212e+00	1.689439e+00
2.251348082966918e-02	1.649225e+00	1.688972e+00
2.251655802221410e-02	1.649239e+00	1.688452e+00
2.252067230763413e-02	1.649256e+00	1.687758e+00
2.252574476495863e-02	1.649278e+00	1.686902e+00
2.253161873124600e-02	1.649304e+00	1.685912e+00
2.254336666382072e-02	1.649355e+00	1.683932e+00
2.281651889892385e-02	1.650518e+00	1.638632e+00
2.299999990000000e-02	1.651281e+00	1.608766e+00
2.300000090000000e-02	1.651281e+00	1.608766e+00
2.300016465999995e-02	1.651282e+00	1.608794e+00
2.300032849999990e-02	1.651283e+00	1.608822e+00
2.300065617999980e-02	1.651284e+00	1.608877e+00
2.300131153999959e-02	1.651286e+00	1.608988e+00
2.300262225999919e-02	1.651287e+00	1.609210e+00
2.300461329076706e-02	1.651285e+00	1.609546e+00
2.300651071075633e-02	1.651277e+00	1.609867e+00
2.300905279942400e-02	1.651264e+00	1.610297e+00
2.301142562573267e-02	1.651251e+00	1.610698e+00
2.301435988226399e-02	1.651237e+00	1.611193e+00
2.301750113744342e-02	1.651224e+00	1.611724e+00
2.302294357331190e-02	1.651201e+00	1.612642e+00
2.302895475810128e-02	1.651175e+00	1.613656e+00
2.303583935710289e-02	1.651145e+00	1.614817e+00
2.327236702419953e-02	1.650136e+00	1.654099e+00
2.350000090000000e-02	1.649185e+00	1.691251e+00
2.350000190000000e-02	1.649185e+00	1.691251e+00
2.350016565999999e-02	1.649185e+00	1.691223e+00
2.350032949999997e-02	1.649184e+00	1.691195e+00
2.350065717999994e-02	1.649183e+00	1.691140e+00
2.350131253999988e-02	1.649181e+00	1.691029e+00
2.350423969981354e-02	1.649181e+00	1.690534e+00
2.350599411128554e-02	1.649187e+00	1.690237e+00
2.350820091823597e-02	1.649199e+00	1.689864e+00
2.351071214922603e-02	1.649212e+00	1.689440e+00
2.351347022128918e-02	1.649225e+00	1.688974e+00
2.351654184123386e-02	1.649239e+00	1.688455e+00
2.352066408039910e-02	1.649256e+00	1.687760e+00
2.352573213992652e-02	1.649278e+00	1.686904e+00
2.353160551823525e-02	1.649304e+00	1.685914e+00
2.354335227485271e-02	1.649355e+00	1.683935e+00
2.381677916016602e-02	1.650519e+00	1.638590e+00
2.399999990000000e-02	1.651281e+00	1.608767e+00
2.400000090000000e-02	1.651281e+00	1.608767e+00
2.400016465999999e-02	1.651282e+00	1.608794e+00
2.400032849999997e-02	1.651283e+00	1.608822e+00
2.400065617999994e-02	1.651284e+00	1.608878e+00
2.400131153999988e-02	1.651286e+00	1.608988e+00
2.400262225999976e-02	1.651287e+00	1.609210e+00
2.400461328774744e-02	1.651284e+00	1.609547e+00
2.400651070629585e-02	1.651277e+00	1.609867e+00
2.400905278906559e-02	1.651264e+00	1.610297e+00
2.401142561126808e-02	1.651251e+00	1.610698e+00
2.401435985845170e-02	1.651237e+00	1.611193e+00
2.401750110619671e-02	1.651224e+00	1.611724e+00
2.402294349869048e-02	1.651201e+00	1.612642e+00
2.402895471474356e-02	1.651175e+00	1.613656e+00
2.403583924219084e-02	1.651145e+00	1.614817e+00
2.427236495898685e-02	1.650136e+00	1.654099e+00
2.450000090000000e-02	1.649185e+00	1.691251e+00
2.450000190000000e-02	1.649185e+00	1.691251e+00
2.450016565999999e-02	1.649185e+00	1.691223e+00
2.450032949999997e-02	1.649184e+00	1.691195e+00
2.450065717999994e-02	1.649183e+00	1.691140e+00
2.450131253999988e-02	1.649181e+00	1.691029e+00
2.450423970664792e-02	1.649181e+00	1.690534e+00
2.450599411408406e-02	1.649187e+00	1.690238e+00
2.450820092607370e-02	1.649199e+00	1.689865e+00
2.451071215194662e-02	1.649212e+00	1.689440e+00
2.451347022266545e-02	1.649225e+00	1.688974e+00
2.451654184131147e-02	1.649239e+00	1.688456e+00
2.452066408676139e-02	1.649256e+00	1.687760e+00
2.452573214650887e-02	1.649278e+00	1.686905e+00
2.453160552741902e-02	1.649304e+00	1.685914e+00
2.454335228923932e-02	1.649355e+00	1.683935e+00
2.481677920029034e-02	1.650519e+00	1.638590e+00
2.499999990000000e-02	1.651281e+00	1.608767e+00
2.500000090000000e-02	1.651281e+00	1.608767e+00
2.500016465999998e-02	1.651282e+00	1.608795e+00
2.500032849999997e-02	1.651283e+00	1.608822e+00
2.500065617999994e-02	1.651284e+00	1.608878e+00
2.500131153999988e-02	1.651286e+00	1.608989e+00
2.500262225999976e-02	1.651287e+00	1.609210e+00
2.500461328283987e-02	1.651284e+00	1.609547e+00
2.500651069839020e-02	1.651277e+00	1.609868e+00
2.500905277179018e-02	1.651264e+00	1.610297e+00
2.501142558824266e-02	1.651251e+00	1.610698e+00
2.501435982339214e-02	1.651237e+00	1.611194e+00
2.501750106120227e-02	1.651224e+00	1.611724e+00
2.502294338326656e-02	1.651201e+00	1.612643e+00
2.502895465652676e-02	1.651175e+00	1.613657e+00
2.503583905822198e-02	1.651145e+00	1.614817e+00
2.527236017357984e-02	1.650136e+00	1.654099e+00
2.550000090000000e-02	1.649185e+00	1.691251e+00
2.550000190000000e-02	1.649185e+00	1.691251e+00
2.550016565999998e-02	1.649185e+00	1.691223e+00
2.550032949999997e-02	1.649184e+00	1.691196e+00
2.550065717999994e-02	1.649183e+00	1.691140e+00
2.550131253999988e-02	1.649181e+00	1.691029e+00
2.550423971266130e-02	1.649181e+00	1.690534e+00
2.550599411659724e-02	1.649187e+00	1.690238e+00
2.550820093292699e-02	1.649199e+00	1.689865e+00
2.551071215412873e-02	1.649212e+00	1.689440e+00
2.551347022308080e-02	1.649225e+00	1.688975e+00
2.551654184037365e-02	1.649239e+00	1.688456e+00
2.552066408970370e-02	1.649256e+00	1.687760e+00
2.552573215297961e-02	1.649278e+00	1.686905e+00
2.553160553804378e-02	1.649304e+00	1.685915e+00
2.554335230817213e-02	1.649355e+00	1.683935e+00
2.581677897797035e-02	1.650519e+00	1.638590e+00
2.599999990000000e-02	1.651281e+00	1.608767e+00
2.600000090000000e-02	1.651281e+00	1.608767e+00
2.600016465999998e-02	1.651282e+00	1.608795e+00
2.600032849999997e-02	1.651283e+00	1.608822e+00
2.600065617999994e-02	1.651284e+00	1.608878e+00
2.600131153999988e-02	1.651286e+00	1.608989e+00
2.600262225999976e-02	1.651287e+00	1.609210e+00
2.600461327845507e-02	1.651284e+00	1.609547e+00
2.600651069106122e-02	1.651277e+00	1.609868e+00
2.600905275649289e-02	1.651264e+00	1.610297e+00
2.601142556742701e-02	1.651251e+00	1.610698e+00
2.601435978949250e-02	1.651237e+00	1.611194e+00
2.601750101711759e-02	1.651224e+00	1.611724e+00
2.602294327775422e-02	1.651201e+00	1.612643e+00
2.602895459378137e-02	1.651175e+00	1.613657e+00
2.603583889206072e-02	1.651145e+00	1.614817e+00
2.627235690339030e-02	1.650136e+00	1.654098e+00
2.650000090000000e-02	1.649185e+00	1.691251e+00
2.650000190000000e-02	1.649185e+00	1.691251e+00
2.650016565999998e-02	1.649185e+00	1.691224e+00
2.650032949999997e-02	1.649184e+00	1.691196e+00
2.650065717999994e-02	1.649183e+00	1.691140e+00
2.650131253999988e-02	1.649181e+00	1.691030e+00
2.650423971762094e-02	1.649181e+00	1.690535e+00
2.650599411838558e-02	1.649187e+00	1.690238e+00
2.650820093820255e-02	1.649199e+00	1.689865e+00
2.651071215558938e-02	1.649212e+00	1.689441e+00
2.651347022368001e-02	1.649225e+00	1.688975e+00
2.651654183989125e-02	1.649239e+00	1.688456e+00
2.652066409285999e-02	1.649256e+00	1.687760e+00
2.652573215875677e-02	1.649278e+00	1.686905e+00
2.653160554728390e-02	1.649304e+00	1.685915e+00
2.654335232433816e-02	1.649355e+00	1.683936e+00
2.681677874741020e-02	1.650519e+00	1.638591e+00
2.699999990000000e-02	1.651281e+00	1.608767e+00
2.700000090000000e-02	1.651281e+00	1.608767e+00
2.700016465999999e-02	1.651282e+00	1.608795e+00
2.700032849999997e-02	1.651283e+00	1.608823e+00
2.700065617999994e-02	1.651284e+00	1.608878e+00
2.700131153999988e-02	1.651286e+00	1.608989e+00
2.700262225999976e-02	1.651287e+00	1.609211e+00
2.700461327414859e-02	1.651284e+00	1.609547e+00
2.700651068458857e-02	1.651277e+00	1.609868e+00
2.700905274230509e-02	1.651264e+00	1.610298e+00
2.701142554820188e-02	1.651251e+00	1.610698e+00
2.701435975871522e-02	1.651237e+00	1.611194e+00
2.701750097750256e-02	1.651224e+00	1.611724e+00
2.702294317971883e-02	1.651201e+00	1.612643e+00
2.702895453737422e-02	1.651175e+00	1.613657e+00
2.703583873299309e-02	1.651145e+00	1.614817e+00
2.735000027168147e-02	1.649808e+00	1.666890e+00
2.750000090000000e-02	1.649185e+00	1.691250e+00
2.750000190000000e-02	1.649185e+00	1.691250e+00
2.750016565999999e-02	1.649185e+00	1.691223e+00
2.750032949999997e-02	1.649184e+00	1.691195e+00
2.750065717999994e-02	1.649183e+00	1.691139e+00
2.750131253999988e-02	1.649181e+00	1.691029e+00
2.750424063646009e-02	1.649181e+00	1.690534e+00
2.750599376666875e-02	1.649187e+00	1.690237e+00
2.750819615995955e-02	1.649199e+00	1.689865e+00
2.751071911153252e-02	1.649212e+00	1.689439e+00
2.751348083001193e-02	1.649225e+00	1.688972e+00
2.751655802310921e-02	1.649239e+00	1.688452e+00
2.752067230631495e-02	1.649256e+00	1.687758e+00
2.752574476230801e-02	1.649278e+00	1.686902e+00
2.753161872644901e-02	1.649304e+00	1.685912e+00
2.754336665473103e-02	1.649355e+00	1.683932e+00
2.781651890547786e-02	1.650518e+00	1.638632e+00
2.799999990000000e-02	1.651281e+00	1.608766e+00
2.800000090000000e-02	1.651281e+00	1.608766e+00
2.800016465999999e-02	1.651282e+00	1.608794e+00
2.800032849999997e-02	1.651283e+00	1.608822e+00
2.800065617999994e-02	1.651284e+00	1.608877e+00
2.800131153999988e-02	1.651286e+00	1.608988e+00
2.800262225999976e-02	1.651287e+00	1.609210e+00
2.800461329044838e-02	1.651285e+00	1.609546e+00
2.800651071096996e-02	1.651277e+00	1.609867e+00
2.800905279903316e-02	1.651264e+00	1.610297e+00
2.801142562516461e-02	1.651251e+00	1.610698e+00
2.801435988137046e-02	1.651237e+00	1.611193e+00
2.801750113625429e-02	1.651224e+00	1.611724e+00
2.802294357009382e-02	1.651201e+00	1.612642e+00
2.802895475147711e-02	1.651175e+00	1.613656e+00
2.803583935190700e-02	1.651145e+00	1.614817e+00
2.827236735843719e-02	1.650136e+00	1.654099e+00
2.850000090000000e-02	1.649185e+00	1.691251e+00
2.850000190000000e-02	1.649185e+00	1.691251e+00
2.850016565999999e-02	1.649185e+00	1.691223e+00
2.850032949999997e-02	1.649184e+00	1.691195e+00
2.850065717999994e-02	1.649183e+00	1.691140e+00
2.850131253999988e-02	1.649181e+00	1.691029e+00
2.850423969976882e-02	1.649181e+00	1.690534e+00
2.850599411125073e-02	1.649187e+00	1.690237e+00
2.850820091846114e-02	1.649199e+00	1.689864e+00
2.851071214933572e-02	1.649212e+00	1.689440e+00
2.851347022101454e-02	1.649225e+00	1.688974e+00
2.851654184074139e-02	1.649239e+00	1.688455e+00
2.852066408115509e-02	1.649256e+00	1.687760e+00
2.852573214274553e-02	1.649278e+00	1.686904e+00
2.853160552380469e-02	1.649304e+00	1.685914e+00
2.854335228592301e-02	1.649355e+00	1.683935e+00
2.881677911231675e-02	1.650519e+00	1.638590e+00
2.899999990000000e-02	1.651281e+00	1.608767e+00
2.900000090000000e-02	1.651281e+00	1.608767e+00
2.900016465999998e-02	1.651282e+00	1.608794e+00
2.900032849999997e-02	1.651283e+00	1.608822e+00
2.900065617999994e-02	1.651284e+00	1.608878e+00
2.900131153999988e-02	1.651286e+00	1.608988e+00
2.900262225999976e-02	1.651287e+00	1.609210e+00
2.900461328733365e-02	1.651284e+00	1.609547e+00
2.900651070602331e-02	1.651277e+00	1.609867e+00
2.900905278862316e-02	1.651264e+00	1.610297e+00
2.901142561114154e-02	1.651251e+00	1.610698e+00
2.901435985873934e-02	1.651237e+00	1.611193e+00
2.901750110648988e-02	1.651224e+00	1.611724e+00
2.902294349810496e-02	1.651201e+00	1.612642e+00
2.902895471627099e-02	1.651175e+00	1.613656e+00
2.903583924107249e-02	1.651145e+00	1.614817e+00
2.927236503382324e-02	1.650136e+00	1.654099e+00
2.950000090000000e-02	1.649185e+00	1.691251e+00
2.950000190000000e-02	1.649185e+00	1.691251e+00
2.950000246000000e-02	1.649185e+00	1.691251e+00
2.950016565999998e-02	1.649185e+00	1.691223e+00
2.950032949999997e-02	1.649184e+00	1.691195e+00
2.950065717999994e-02	1.649183e+00	1.691140e+00
2.950131253999988e-02	1.649181e+00	1.691029e+00
2.950423970628888e-02	1.649181e+00	1.690534e+00
2.950599411376350e-02	1.649187e+00	1.690238e+00
2.950820092548442e-02	1.649199e+00	1.689865e+00
2.951071215195736e-02	1.649212e+00	1.689440e+00
2.951347022356852e-02	1.649225e+00	1.688974e+00
2.951654184291097e-02	1.649239e+00	1.688456e+00
2.952066408680099e-02	1.649256e+00	1.687760e+00
2.952573214825875e-02	1.649278e+00	1.686905e+00
2.953160552957801e-02	1.649304e+00	1.685914e+00
2.954335229221653e-02	1.649355e+00	1.683935e+00
2.981677894547691e-02	1.650519e+00	1.638590e+00
2.999999990000000e-02	1.651281e+00	1.608767e+00
3.000000090000000e-02	1.651281e+00	1.608767e+00
3.000016465999998e-02	1.651282e+00	1.608795e+00
3.000032849999997e-02	1.651283e+00	1.608822e+00
3.000065617999994e-02	1.651284e+00	1.608878e+00
3.000131153999988e-02	1.651286e+00	1.608989e+00
3.000262225999976e-02	1.651287e+00	1.609210e+00
3.000461328267990e-02	1.651284e+00	1.609547e+00
3.000651069807858e-02	1.651277e+00	1.609868e+00
3.000905277162084e-02	1.651264e+00	1.610297e+00
3.001142558801633e-02	1.651251e+00	1.610698e+00
3.001435982204565e-02	1.651237e+00	1.611194e+00
3.001750105952680e-02	1.651224e+00	1.611724e+00
3.002294338063293e-02	1.651201e+00	1.612643e+00
3.002895465073871e-02	1.651175e+00	1.613657e+00
3.003583905424603e-02	1.651145e+00	1.614817e+00
3.027236076047257e-02	1.650136e+00	1.654099e+00
3.050000090000000e-02	1.649185e+00	1.691251e+00
3.050000190000000e-02	1.649185e+00	1.691251e+00
3.050016565999998e-02	1.649185e+00	1.691223e+00
3.050032949999997e-02	1.649184e+00	1.691196e+00
3.050065717999994e-02	1.649183e+00	1.691140e+00
3.050131253999988e-02	1.649181e+00	1.691029e+00
3.050423971257425e-02	1.649181e+00	1.690534e+00
3.050599411677449e-02	1.649187e+00	1.690238e+00
3.050820093236039e-02	1.649199e+00	1.689865e+00
3.051071215314262e-02	1.649212e+00	1.689440e+00
3.051347022296009e-02	1.649225e+00	1.688975e+00
3.051654184009866e-02	1.649239e+00	1.688456e+00
3.052066408945931e-02	1.649256e+00	1.687760e+00
3.052573215356038e-02	1.649278e+00	1.686905e+00
3.053160553914539e-02	1.649304e+00	1.685915e+00
3.054335231031542e-02	1.649355e+00	1.683935e+00
3.081677881907997e-02	1.650519e+00	1.638591e+00
3.099999990000000e-02	1.651281e+00	1.608767e+00
3.100000090000000e-02	1.651281e+00	1.608767e+00
3.100016465999999e-02	1.651282e+00	1.608795e+00
3.100032849999997e-02	1.651283e+00	1.608822e+00
3.100065617999994e-02	1.651284e+00	1.608878e+00
3.100131153999988e-02	1.651286e+00	1.608989e+00
3.100262225999976e-02	1.651287e+00	1.609210e+00
3.100461327795175e-02	1.651284e+00	1.609547e+00
3.100651069082901e-02	1.651277e+00	1.609868e+00
3.100905275581926e-02	1.651264e+00	1.610297e+00
3.101142556670554e-02	1.651251e+00	1.610698e+00
3.101435978884256e-02	1.651237e+00	1.611194e+00
3.101750101649047e-02	1.651224e+00	1.611724e+00
3.102294327693391e-02	1.651201e+00	1.612643e+00
3.102895459309379e-02	1.651175e+00	1.613657e+00
3.103583889182836e-02	1.651145e+00	1.614817e+00
3.127235659207236e-02	1.650136e+00	1.654098e+00
3.150000090000000e-02	1.649185e+00	1.691251e+00
3.150000190000000e-02	1.649185e+00	1.691251e+00
3.150016565999998e-02	1.649185e+00	1.691224e+00
3.150032949999997e-02	1.649184e+00	1.691196e+00
3.150065717999994e-02	1.649183e+00	1.691140e+00
3.150131253999988e-02	1.649181e+00	1.691030e+00
3.150423971714151e-02	1.649181e+00	1.690535e+00
3.150599411837846e-02	1.649187e+00	1.690238e+00
3.150820093791091e-02	1.649199e+00	1.689865e+00
3.151071215593111e-02	1.649212e+00	1.689441e+00
3.151347022370071e-02	1.649225e+00	1.688975e+00
3.151654184013306e-02	1.649239e+00	1.688456e+00
3.152066409191837e-02	1.649256e+00	1.687760e+00
3.152573215560141e-02	1.649278e+00	1.686905e+00
3.153160554235571e-02	1.649304e+00	1.685915e+00
3.154335231586430e-02	1.649355e+00	1.683936e+00
3.181677908218853e-02	1.650519e+00	1.638591e+00
3.199999990000000e-02	1.651281e+00	1.608767e+00
3.200000090000000e-02	1.651281e+00	1.608767e+00
3.200016465999998e-02	1.651282e+00	1.608795e+00
3.200032849999997e-02	1.651283e+00	1.608823e+00
3.200065617999994e-02	1.651284e+00	1.608878e+00
3.200131153999988e-02	1.651286e+00	1.608989e+00
3.200262225999976e-02	1.651287e+00	1.609211e+00
3.200461327404707e-02	1.651284e+00	1.609547e+00
3.200651068445145e-02	1.651277e+00	1.609868e+00
3.200905274225558e-02	1.651264e+00	1.610298e+00
3.201142554853572e-02	1.651251e+00	1.610698e+00
3.201435975923186e-02	1.651237e+00	1.611194e+00
3.201750097797806e-02	1.651224e+00	1.611724e+00
3.202294318034674e-02	1.651201e+00	1.612643e+00
3.202895453973126e-02	1.651175e+00	1.613657e+00
3.203583873814241e-02	1.651145e+00	1.614817e+00
3.235000027168147e-02	1.649808e+00	1.666890e+00
3.250000090000000e-02	1.649185e+00	1.691250e+00
3.250000190000000e-02	1.649185e+00	1.691250e+00
3.250016565999998e-02	1.649185e+00	1.691223e+00
3.250032949999997e-02	1.649184e+00	1.691195e+00
3.250065717999994e-02	1.649183e+00	1.691139e+00
3.250131253999988e-02	1.649181e+00	1.691029e+00
3.250424063709445e-02	1.649181e+00	1.690534e+00
3.250599376720145e-02	1.649187e+00	1.690237e+00
3.250819616038456e-02	1.649199e+00	1.689865e+00
3.251071911083180e-02	1.649212e+00	1.689439e+00
3.251348082953027e-02	1.649225e+00	1.688972e+00
3.251655802211009e-02	1.649239e+00	1.688452e+00
3.252067230734246e-02	1.649256e+00	1.687758e+00
3.252574476292756e-02	1.649278e+00	1.686902e+00
3.253161872766291e-02	1.649304e+00	1.685912e+00
3.254336665713361e-02	1.649355e+00	1.683932e+00
3.281651896400178e-02	1.650518e+00	1.638632e+00
3.299999990000000e-02	1.651281e+00	1.608766e+00
3.300000090000000e-02	1.651281e+00	1.608766e+00
3.300016465999995e-02	1.651282e+00	1.608794e+00
3.300032849999990e-02	1.651283e+00	1.608822e+00
3.300065617999980e-02	1.651284e+00	1.608877e+00
3.300131153999959e-02	1.651286e+00	1.608988e+00
3.300262225999919e-02	1.651287e+00	1.609210e+00
3.300461329081208e-02	1.651285e+00	1.609546e+00
3.300651071077260e-02	1.651277e+00	1.609867e+00
3.300905279874949e-02	1.651264e+00	1.610297e+00
3.301142562507607e-02	1.651251e+00	1.610698e+00
3.301435988248735e-02	1.651237e+00	1.611193e+00
3.301750113819912e-02	1.651224e+00	1.611724e+00
3.302294357173551e-02	1.651201e+00	1.612642e+00
3.302895475757679e-02	1.651175e+00	1.613656e+00
3.303583935667385e-02	1.651145e+00	1.614817e+00
3.327236721368466e-02	1.650136e+00	1.654099e+00
3.350000090000000e-02	1.649185e+00	1.691251e+00
3.350000190000000e-02	1.649185e+00	1.691251e+00
3.350016565999998e-02	1.649185e+00	1.691223e+00
3.350032949999997e-02	1.649184e+00	1.691195e+00
3.350065717999994e-02	1.649183e+00	1.691140e+00
3.350131253999988e-02	1.649181e+00	1.691029e+00
3.350423970007587e-02	1.649181e+00	1.690534e+00
3.350599411141562e-02	1.649187e+00	1.690237e+00
3.350820091895257e-02	1.649199e+00	1.689864e+00
3.351071215007689e-02	1.649212e+00	1.689440e+00
3.351347022168202e-02	1.649225e+00	1.688974e+00
3.351654184167326e-02	1.649239e+00	1.688455e+00
3.352066408091060e-02	1.649256e+00	1.687760e+00
3.352573214006579e-02	1.649278e+00	1.686904e+00
3.353160551847668e-02	1.649304e+00	1.685914e+00
3.354335227529847e-02	1.649355e+00	1.683935e+00
3.381677910844443e-02	1.650519e+00	1.638590e+00
3.399999990000000e-02	1.651281e+00	1.608767e+00
3.400000090000000e-02	1.651281e+00	1.608767e+00
3.400016465999998e-02	1.651282e+00	1.608794e+00
3.400032849999997e-02	1.651283e+00	1.608822e+00
3.400065617999994e-02	1.651284e+00	1.608878e+00
3.400131153999988e-02	1.651286e+00	1.608988e+00
3.400262225999975e-02	1.651287e+00	1.609210e+00
3.400461328805879e-02	1.651284e+00	1.609547e+00
3.400651070659583e-02	1.651277e+00	1.609867e+00
3.400905278929919e-02	1.651264e+00	1.610297e+00
3.401142561139545e-02	1.651251e+00	1.610698e+00
3.401435985928936e-02	1.651237e+00	1.611193e+00
3.401750110730635e-02	1.651224e+00	1.611724e+00
3.402294350032420e-02	1.651201e+00	1.612642e+00
3.402895472025787e-02	1.651175e+00	1.613656e+00
3.403583924187436e-02	1.651145e+00	1.614817e+00
3.427236448055365e-02	1.650136e+00	1.654099e+00
3.450000090000000e-02	1.649185e+00	1.691251e+00
3.450000190000000e-02	1.649185e+00	1.691251e+00
3.450016565999998e-02	1.649185e+00	1.691223e+00
3.450032949999997e-02	1.649184e+00	1.691195e+00
3.450065717999994e-02	1.649183e+00	1.691140e+00
3.450131253999988e-02	1.649181e+00	1.691029e+00
3.450423970609173e-02	1.649181e+00	1.690534e+00
3.450599411397772e-02	1.649187e+00	1.690238e+00
3.450820092582037e-02	1.649199e+00	1.689865e+00
3.451071215219144e-02	1.649212e+00	1.689440e+00
3.451347022287203e-02	1.649225e+00	1.688974e+00
3.451654184181482e-02	1.649239e+00	1.688456e+00
3.452066408576781e-02	1.649256e+00	1.687760e+00
3.452573214399281e-02	1.649278e+00	1.686905e+00
3.453160552327902e-02	1.649304e+00	1.685914e+00
3.454335228185143e-02	1.649355e+00	1.683935e+00
3.481677939128943e-02	1.650519e+00	1.638590e+00
3.499999990000000e-02	1.651281e+00	1.608767e+00
3.500000090000000e-02	1.651281e+00	1.608767e+00
3.500016465999999e-02	1.651282e+00	1.608795e+00
3.500032849999997e-02	1.651283e+00	1.608822e+00
3.500065617999994e-02	1.651284e+00	1.608878e+00
3.500131153999988e-02	1.651286e+00	1.608989e+00
3.500262225999975e-02	1.651287e+00	1.609210e+00
3.500461328301749e-02	1.651284e+00	1.609547e+00
3.500651069853944e-02	1.651277e+00	1.609868e+00
3.500905277205048e-02	1.651264e+00	1.610297e+00
3.501142558806122e-02	1.651251e+00	1.610698e+00
3.501435982192589e-02	1.651237e+00	1.611194e+00
3.501750105874524e-02	1.651224e+00	1.611724e+00
3.502294338309434e-02	1.651201e+00	1.612643e+00
3.502895465043353e-02	1.651175e+00	1.613657e+00
3.503583905739759e-02	1.651145e+00	1.614817e+00
3.527236090330198e-02	1.650136e+00	1.654099e+00
3.550000090000000e-02	1.649185e+00	1.691251e+00
3.550000190000000e-02	1.649185e+00	1.691251e+00
3.550016565999999e-02	1.649185e+00	1.691223e+00
3.550032949999997e-02	1.649184e+00	1.691196e+00
3.550065717999994e-02	1.649183e+00	1.691140e+00
3.550131253999988e-02	1.649181e+00	1.691029e+00
3.550423971251126e-02	1.649181e+00	1.690534e+00
3.550599411652117e-02	1.649187e+00	1.690238e+00
3.550820093288766e-02	1.649199e+00	1.689865e+00
3.551071215406718e-02	1.649212e+00	1.689440e+00
3.551347022356936e-02	1.649225e+00	1.688975e+00
3.551654184095061e-02	1.649239e+00	1.688456e+00
3.552066409044050e-02	1.649256e+00	1.687760e+00
3.552573215150932e-02	1.649278e+00	1.686905e+00
3.553160553398128e-02	1.649304e+00	1.685915e+00
3.554335229892520e-02	1.649355e+00	1.683935e+00
3.581677897092999e-02	1.650519e+00	1.638591e+00
3.599999990000000e-02	1.651281e+00	1.608767e+00
3.600000090000000e-02	1.651281e+00	1.608767e+00
3.600016465999999e-02	1.651282e+00	1.608795e+00
3.600032849999997e-02	1.651283e+00	1.608822e+00
3.600065617999994e-02	1.651284e+00	1.608878e+00
3.600131153999988e-02	1.651286e+00	1.608989e+00
3.600262225999976e-02	1.651287e+00	1.609210e+00
3.600461327796169e-02	1.651284e+00	1.609547e+00
3.600651069077994e-02	1.651277e+00	1.609868e+00
3.600905275558133e-02	1.651264e+00	1.610297e+00
3.601142556696934e-02	1.651251e+00	1.610698e+00
3.601435978900732e-02	1.651237e+00	1.611194e+00
3.601750101703916e-02	1.651224e+00	1.611724e+00
3.602294327065457e-02	1.651201e+00	1.612643e+00
3.602895458833665e-02	1.651175e+00	1.613657e+00
3.603583887785502e-02	1.651145e+00	1.614817e+00
3.627235664110803e-02	1.650136e+00	1.654098e+00
3.650000090000000e-02	1.649185e+00	1.691251e+00
3.650000190000000e-02	1.649185e+00	1.691251e+00
3.650016565999999e-02	1.649185e+00	1.691224e+00
3.650032949999997e-02	1.649184e+00	1.691196e+00
3.650065717999994e-02	1.649183e+00	1.691140e+00
3.650131253999988e-02	1.649181e+00	1.691030e+00
3.650423971783494e-02	1.649181e+00	1.690535e+00
3.650599411875965e-02	1.649187e+00	1.690238e+00
3.650820093850902e-02	1.649199e+00	1.689865e+00
3.651071215552202e-02	1.649212e+00	1.689441e+00
3.651347022365497e-02	1.649225e+00	1.688975e+00
3.651654183990745e-02	1.649239e+00	1.688456e+00
3.652066409249741e-02	1.649256e+00	1.687760e+00
3.652573215309838e-02	1.649278e+00	1.686905e+00
3.653160553649182e-02	1.649304e+00	1.685915e+00
3.654335230327869e-02	1.649355e+00	1.683936e+00
3.681677901593387e-02	1.650519e+00	1.638591e+00
3.699999990000000e-02	1.651281e+00	1.608767e+00
3.700000090000000e-02	1.651281e+00	1.608767e+00
3.700016465999999e-02	1.651282e+00	1.608795e+00
3.700032849999997e-02	1.651283e+00	1.608823e+00
3.700065617999994e-02	1.651284e+00	1.608878e+00
3.700131153999988e-02	1.651286e+00	1.608989e+00
3.700262225999976e-02	1.651287e+00	1.609211e+00
3.700461327452000e-02	1.651284e+00	1.609547e+00
3.700651068440759e-02	1.651277e+00	1.609868e+00
3.700905274232398e-02	1.651264e+00	1.610298e+00
3.701142554854946e-02	1.651251e+00	1.610698e+00
3.701435975922724e-02	1.651237e+00	1.611194e+00
3.701750097810988e-02	1.651224e+00	1.611724e+00
3.702294317968488e-02	1.651201e+00	1.612643e+00
3.702895453937811e-02	1.651175e+00	1.613657e+00
3.703583873368489e-02	1.651145e+00	1.614817e+00
3.735000027168147e-02	1.649808e+00	1.666890e+00
3.750000090000000e-02	1.649185e+00	1.691250e+00
3.750000190000000e-02	1.649185e+00	1.691250e+00
3.750016565999999e-02	1.649185e+00	1.691223e+00
3.750032949999997e-02	1.649184e+00	1.691195e+00
3.750065717999994e-02	1.649183e+00	1.691139e+00
3.750131253999988e-02	1.649181e+00	1.691029e+00
3.750424063641469e-02	1.649181e+00	1.690534e+00
3.750599376710967e-02	1.649187e+00	1.690237e+00
3.750819615961298e-02	1.649199e+00	1.689865e+00
3.751071910984385e-02	1.649212e+00	1.689439e+00
3.751348082872989e-02	1.649225e+00	1.688972e+00
3.751655802104648e-02	1.649239e+00	1.688452e+00
3.752067230729898e-02	1.649256e+00	1.687758e+00
3.752574476558385e-02	1.649278e+00	1.686902e+00
3.753161873309842e-02	1.649304e+00	1.685912e+00
3.754336666812755e-02	1.649355e+00	1.683932e+00
3.781651879532215e-02	1.650518e+00	1.638632e+00
3.799999990000000e-02	1.651281e+00	1.608766e+00
3.800000090000000e-02	1.651281e+00	1.608766e+00
3.800016465999999e-02	1.651282e+00	1.608794e+00
3.800032849999997e-02	1.651283e+00	1.608822e+00
3.800065617999994e-02	1.651284e+00	1.608877e+00
3.800131153999988e-02	1.651286e+00	1.608988e+00
3.800262225999976e-02	1.651287e+00	1.609210e+00
3.800461329130820e-02	1.651285e+00	1.609546e+00
3.800651071103427e-02	1.651277e+00	1.609867e+00
3.800905280008889e-02	1.651264e+00	1.610297e+00
3.801142562668117e-02	1.651251e+00	1.610698e+00
3.801435988321406e-02	1.651237e+00	1.611193e+00
3.801750113869818e-02	1.651224e+00	1.611724e+00
3.802294357190858e-02	1.651201e+00	1.612642e+00
3.802895475430792e-02	1.651175e+00	1.613656e+00
3.803583935252863e-02	1.651145e+00	1.614817e+00
3.827236712137602e-02	1.650136e+00	1.654099e+00
3.850000090000000e-02	1.649185e+00	1.691251e+00
3.850000190000000e-02	1.649185e+00	1.691251e+00
3.850016565999999e-02	1.649185e+00	1.691223e+00
3.850032949999997e-02	1.649184e+00	1.691195e+00
3.850065717999994e-02	1.649183e+00	1.691140e+00
3.850131253999988e-02	1.649181e+00	1.691029e+00
3.850423970006724e-02	1.649181e+00	1.690534e+00
3.850599411138434e-02	1.649187e+00	1.690237e+00
3.850820091891140e-02	1.649199e+00	1.689864e+00
3.851071214991823e-02	1.649212e+00	1.689440e+00
3.851347022171969e-02	1.649225e+00	1.688974e+00
3.851654184170190e-02	1.649239e+00	1.688455e+00
3.852066408132203e-02	1.649256e+00	1.687760e+00
3.852573213885842e-02	1.649278e+00	1.686904e+00
3.853160551572535e-02	1.649304e+00	1.685914e+00
3.854335226945921e-02	1.649355e+00	1.683935e+00
3.881677924126499e-02	1.650519e+00	1.638590e+00
3.899999990000000e-02	1.651281e+00	1.608767e+00
3.900000090000000e-02	1.651281e+00	1.608767e+00
3.900016465999998e-02	1.651282e+00	1.608794e+00
3.900032849999997e-02	1.651283e+00	1.608822e+00
3.900065617999994e-02	1.651284e+00	1.608878e+00
3.900131153999987e-02	1.651286e+00	1.608988e+00
3.900262225999976e-02	1.651287e+00	1.609210e+00
3.900461328737939e-02	1.651284e+00	1.609547e+00
3.900651070606784e-02	1.651277e+00	1.609867e+00
3.900905278909568e-02	1.651264e+00	1.610297e+00
3.901142561123465e-02	1.651251e+00	1.610698e+00
3.901435985847179e-02	1.651237e+00	1.611193e+00
3.901750110651237e-02	1.651224e+00	1.611724e+00
3.902294349839588e-02	1.651201e+00	1.612642e+00
3.902895471571698e-02	1.651175e+00	1.613656e+00
3.903583923737401e-02	1.651145e+00	1.614817e+00
3.927236468724287e-02	1.650136e+00	1.654099e+00
3.950000090000000e-02	1.649185e+00	1.691251e+00
3.950000190000000e-02	1.649185e+00	1.691251e+00
3.950016565999998e-02	1.649185e+00	1.691223e+00
3.950032949999997e-02	1.649184e+00	1.691195e+00
3.950065717999994e-02	1.649183e+00	1.691140e+00
3.950131253999987e-02	1.649181e+00	1.691029e+00
3.950423970620857e-02	1.649181e+00	1.690534e+00
3.950599411398435e-02	1.649187e+00	1.690238e+00
3.950820092592887e-02	1.649199e+00	1.689865e+00
3.951071215261818e-02	1.649212e+00	1.689440e+00
3.951347022264656e-02	1.649225e+00	1.688974e+00
3.951654184155689e-02	1.649239e+00	1.688456e+00
3.952066408482871e-02	1.649256e+00	1.687760e+00
3.952573214761003e-02	1.649278e+00	1.686905e+00
3.953160552986278e-02	1.649304e+00	1.685914e+00
3.954335229436830e-02	1.649355e+00	1.683935e+00
3.981677883352421e-02	1.650519e+00	1.638590e+00
3.999999990000000e-02	1.651281e+00	1.608767e+00
4.000000090000000e-02	1.651281e+00	1.608767e+00
4.000016465999998e-02	1.651282e+00	1.608795e+00
4.000032849999997e-02	1.651283e+00	1.608822e+00
4.000065617999994e-02	1.651284e+00	1.608878e+00
4.000131153999988e-02	1.651286e+00	1.608989e+00
4.000262225999976e-02	1.651287e+00	1.609210e+00
4.000461328242524e-02	1.651284e+00	1.609547e+00
4.000651069812935e-02	1.651277e+00	1.609868e+00
4.000905277119103e-02	1.651264e+00	1.610297e+00
4.001142558766810e-02	1.651251e+00	1.610698e+00
4.001435982098621e-02	1.651237e+00	1.611194e+00
4.001750105802776e-02	1.651224e+00	1.611724e+00
4.002294337738966e-02	1.651201e+00	1.612643e+00
4.002895464686761e-02	1.651175e+00	1.613657e+00
4.003583904838773e-02	1.651145e+00	1.614817e+00
4.027236031820829e-02	1.650136e+00	1.654099e+00
4.050000090000000e-02	1.649185e+00	1.691251e+00
4.050000190000000e-02	1.649185e+00	1.691251e+00
4.050016565999998e-02	1.649185e+00	1.691223e+00
4.050032949999997e-02	1.649184e+00	1.691196e+00
4.050065717999994e-02	1.649183e+00	1.691140e+00
4.050131253999988e-02	1.649181e+00	1.691029e+00
4.050423971257739e-02	1.649181e+00	1.690534e+00
4.050599411658128e-02	1.649187e+00	1.690238e+00
4.050820093248855e-02	1.649199e+00	1.689865e+00
4.051071215351058e-02	1.649212e+00	1.689440e+00
4.051347022260995e-02	1.649225e+00	1.688975e+00
4.051654183973379e-02	1.649239e+00	1.688456e+00
4.052066408885396e-02	1.649256e+00	1.687760e+00
4.052573215219956e-02	1.649278e+00	1.686905e+00
4.053160553700046e-02	1.649304e+00	1.685915e+00
4.054335230660225e-02	1.649355e+00	1.683935e+00
4.081677891145006e-02	1.650519e+00	1.638591e+00
4.099999990000000e-02	1.651281e+00	1.608767e+00
4.100000090000000e-02	1.651281e+00	1.608767e+00
4.100016465999998e-02	1.651282e+00	1.608795e+00
4.100032849999997e-02	1.651283e+00	1.608822e+00
4.100065617999994e-02	1.651284e+00	1.608878e+00
4.100131153999988e-02	1.651286e+00	1.608989e+00
4.100262225999976e-02	1.651287e+00	1.609210e+00
4.100461327800851e-02	1.651284e+00	1.609547e+00
4.100651069099948e-02	1.651277e+00	1.609868e+00
4.100905275574687e-02	1.651264e+00	1.610297e+00
4.101142556655751e-02	1.651251e+00	1.610698e+00
4.101435978881190e-02	1.651237e+00	1.611194e+00
4.101750101653272e-02	1.651224e+00	1.611724e+00
4.102294327374222e-02	1.651201e+00	1.612643e+00
4.102895459109678e-02	1.651175e+00	1.613657e+00
4.103583888375940e-02	1.651145e+00	1.614817e+00
4.127235672718747e-02	1.650136e+00	1.654098e+00
4.150000090000000e-02	1.649185e+00	1.691251e+00
4.150000190000000e-02	1.649185e+00	1.691251e+00
4.150016565999998e-02	1.649185e+00	1.691224e+00
4.150032949999997e-02	1.649184e+00	1.691196e+00
4.150065717999994e-02	1.649183e+00	1.691140e+00
4.150131253999988e-02	1.649181e+00	1.691030e+00
4.150423971768935e-02	1.649181e+00	1.690535e+00
4.150599411872290e-02	1.649187e+00	1.690238e+00
4.150820093852423e-02	1.649199e+00	1.689865e+00
4.151071215586414e-02	1.649212e+00	1.689441e+00
4.151347022406313e-02	1.649225e+00	1.688975e+00
4.151654184020146e-02	1.649239e+00	1.688456e+00
4.152066409382271e-02	1.649256e+00	1.687760e+00
4.152573215808514e-02	1.649278e+00	1.686905e+00
4.153160554479129e-02	1.649304e+00	1.685915e+00
4.154335231820357e-02	1.649355e+00	1.683936e+00
4.181677875544173e-02	1.650519e+00	1.638591e+00
4.199999990000000e-02	1.651281e+00	1.608767e+00
4.200000090000000e-02	1.651281e+00	1.608767e+00
4.200016465999998e-02	1.651282e+00	1.608795e+00
4.200032849999997e-02	1.651283e+00	1.608823e+00
4.200065617999994e-02	1.651284e+00	1.608878e+00
4.200131153999988e-02	1.651286e+00	1.608989e+00
4.200262225999975e-02	1.651287e+00	1.609211e+00
4.200461327467020e-02	1.651284e+00	1.609547e+00
4.200651068465138e-02	1.651277e+00	1.609868e+00
4.200905274222566e-02	1.651264e+00	1.610298e+00
4.201142554785969e-02	1.651251e+00	1.610698e+00
4.201435975904359e-02	1.651237e+00	1.611194e+00
4.201750097798431e-02	1.651224e+00	1.611724e+00
4.202294318187109e-02	1.651201e+00	1.612643e+00
4.202895454301054e-02	1.651175e+00	1.613657e+00
4.203583874017860e-02	1.651145e+00	1.614817e+00
4.235000027168147e-02	1.649808e+00	1.666890e+00
4.250000090000000e-02	1.649185e+00	1.691250e+00
4.250000190000000e-02	1.649185e+00	1.691250e+00
4.250016565999998e-02	1.649185e+00	1.691223e+00
4.250032949999997e-02	1.649184e+00	1.691195e+00
4.250065717999994e-02	1.649183e+00	1.691139e+00
4.250131253999988e-02	1.649181e+00	1.691029e+00
4.250424063652773e-02	1.649181e+00	1.690534e+00
4.250599376674461e-02	1.649187e+00	1.690237e+00
4.250819615979384e-02	1.649199e+00	1.689865e+00
4.251071911127603e-02	1.649212e+00	1.689439e+00
4.251348083053946e-02	1.649225e+00	1.688972e+00
4.251655802364547e-02	1.649239e+00	1.688452e+00
4.252067230822321e-02	1.649256e+00	1.687758e+00
4.252574476538834e-02	1.649278e+00	1.686902e+00
4.253161873111260e-02	1.649304e+00	1.685912e+00
4.254336666256112e-02	1.649355e+00	1.683932e+00
4.281651890711500e-02	1.650518e+00	1.638632e+00
4.299999990000000e-02	1.651281e+00	1.608766e+00
4.300000090000000e-02	1.651281e+00	1.608766e+00
4.300016465999995e-02	1.651282e+00	1.608794e+00
4.300032849999990e-02	1.651283e+00	1.608822e+00
4.300065617999980e-02	1.651284e+00	1.608877e+00
4.300131153999959e-02	1.651286e+00	1.608988e+00
4.300262225999919e-02	1.651287e+00	1.609210e+00
4.300461329063990e-02	1.651285e+00	1.609546e+00
4.300651071066752e-02	1.651277e+00	1.609867e+00
4.300905279871718e-02	1.651264e+00	1.610297e+00
4.301142562558166e-02	1.651251e+00	1.610698e+00
4.301435988234578e-02	1.651237e+00	1.611193e+00
4.301750113790084e-02	1.651224e+00	1.611724e+00
4.302294356898474e-02	1.651201e+00	1.612642e+00
4.302895475531158e-02	1.651175e+00	1.613656e+00
4.303583935196932e-02	1.651145e+00	1.614817e+00
4.327236689024586e-02	1.650136e+00	1.654099e+00
4.350000090000000e-02	1.649185e+00	1.691251e+00
4.350000190000000e-02	1.649185e+00	1.691251e+00
4.350016565999999e-02	1.649185e+00	1.691223e+00
4.350032949999997e-02	1.649184e+00	1.691195e+00
4.350065717999994e-02	1.649183e+00	1.691140e+00
4.350131253999988e-02	1.649181e+00	1.691029e+00
4.350423970020106e-02	1.649181e+00	1.690534e+00
4.350599411120819e-02	1.649187e+00	1.690237e+00
4.350820091887184e-02	1.649199e+00	1.689864e+00
4.351071214987137e-02	1.649212e+00	1.689440e+00
4.351347022156995e-02	1.649225e+00	1.688974e+00
4.351654184183336e-02	1.649239e+00	1.688455e+00
4.352066408013612e-02	1.649256e+00	1.687760e+00
4.352573213805105e-02	1.649278e+00	1.686904e+00
4.353160551454593e-02	1.649304e+00	1.685914e+00
4.354335226753570e-02	1.649355e+00	1.683935e+00
4.381677907580280e-02	1.650519e+00	1.638590e+00
4.399999990000000e-02	1.651281e+00	1.608767e+00
4.400000090000000e-02	1.651281e+00	1.608767e+00
4.400016465999999e-02	1.651282e+00	1.608794e+00
4.400032849999997e-02	1.651283e+00	1.608822e+00
4.400065617999994e-02	1.651284e+00	1.608878e+00
4.400131153999988e-02	1.651286e+00	1.608988e+00
4.400262225999976e-02	1.651287e+00	1.609210e+00
4.400461328730866e-02	1.651284e+00	1.609547e+00
4.400651070605811e-02	1.651277e+00	1.609867e+00
4.400905278860077e-02	1.651264e+00	1.610297e+00
4.401142561060754e-02	1.651251e+00	1.610698e+00
4.401435985786147e-02	1.651237e+00	1.611193e+00
4.401750110561757e-02	1.651224e+00	1.611724e+00
4.402294349745784e-02	1.651201e+00	1.612642e+00
4.402895471483380e-02	1.651175e+00	1.613656e+00
4.403583923559540e-02	1.651145e+00	1.614817e+00
4.427236449622660e-02	1.650136e+00	1.654099e+00
4.450000090000000e-02	1.649185e+00	1.691251e+00
4.450000190000000e-02	1.649185e+00	1.691251e+00
4.450016565999999e-02	1.649185e+00	1.691223e+00
4.450032949999997e-02	1.649184e+00	1.691195e+00
4.450065717999994e-02	1.649183e+00	1.691140e+00
4.450131253999988e-02	1.649181e+00	1.691029e+00
4.450423970604894e-02	1.649181e+00	1.690534e+00
4.450599411390675e-02	1.649187e+00	1.690238e+00
4.450820092561972e-02	1.649199e+00	1.689865e+00
4.451071215187153e-02	1.649212e+00	1.689440e+00
4.451347022217452e-02	1.649225e+00	1.688974e+00
4.451654184072207e-02	1.649239e+00	1.688456e+00
4.452066408514001e-02	1.649256e+00	1.687760e+00
4.452573214780981e-02	1.649278e+00	1.686905e+00
4.453160553082991e-02	1.649304e+00	1.685914e+00
4.454335229687011e-02	1.649355e+00	1.683935e+00
4.481677883035887e-02	1.650519e+00	1.638590e+00
4.499999990000000e-02	1.651281e+00	1.608767e+00
4.500000090000000e-02	1.651281e+00	1.608767e+00
4.500016465999999e-02	1.651282e+00	1.608795e+00
4.500032849999997e-02	1.651283e+00	1.608822e+00
4.500065617999994e-02	1.651284e+00	1.608878e+00
4.500131153999988e-02	1.651286e+00	1.608989e+00
4.500262225999976e-02	1.651287e+00	1.609210e+00
4.500461328268000e-02	1.651284e+00	1.609547e+00
4.500651069795926e-02	1.651277e+00	1.609868e+00
4.500905277199231e-02	1.651264e+00	1.610297e+00
4.501142558855107e-02	1.651251e+00	1.610698e+00
4.501435982218897e-02	1.651237e+00	1.611194e+00
4.501750105964043e-02	1.651224e+00	1.611724e+00
4.502294337978103e-02	1.651201e+00	1.612643e+00
4.502895465076714e-02	1.651175e+00	1.613657e+00
4.503583904976595e-02	1.651145e+00	1.614817e+00
4.527236030088513e-02	1.650136e+00	1.654099e+00
4.550000090000000e-02	1.649185e+00	1.691251e+00
4.550000190000000e-02	1.649185e+00	1.691251e+00
4.550016565999999e-02	1.649185e+00	1.691223e+00
4.550032949999997e-02	1.649184e+00	1.691196e+00
4.550065717999994e-02	1.649183e+00	1.691140e+00
4.550131253999988e-02	1.649181e+00	1.691029e+00
4.550423971252081e-02	1.649181e+00	1.690534e+00
4.550599411656793e-02	1.649187e+00	1.690238e+00
4.550820093278979e-02	1.649199e+00	1.689865e+00
4.551071215362164e-02	1.649212e+00	1.689440e+00
4.551347022238739e-02	1.649225e+00	1.688975e+00
4.551654183931930e-02	1.649239e+00	1.688456e+00
4.552066408866842e-02	1.649256e+00	1.687760e+00
4.552573215122185e-02	1.649278e+00	1.686905e+00
4.553160553537761e-02	1.649304e+00	1.685915e+00
4.554335230368912e-02	1.649355e+00	1.683935e+00
4.581677900242423e-02	1.650519e+00	1.638590e+00
4.599999990000000e-02	1.651281e+00	1.608767e+00
4.600000090000000e-02	1.651281e+00	1.608767e+00
4.600016465999998e-02	1.651282e+00	1.608795e+00
4.600032849999997e-02	1.651283e+00	1.608822e+00
4.600065617999994e-02	1.651284e+00	1.608878e+00
4.600131153999988e-02	1.651286e+00	1.608989e+00
4.600262225999976e-02	1.651287e+00	1.609210e+00
4.600461327906616e-02	1.651284e+00	1.609547e+00
4.600651069112958e-02	1.651277e+00	1.609868e+00
4.600905275694798e-02	1.651264e+00	1.610297e+00
4.601142556765801e-02	1.651251e+00	1.610698e+00
4.601435978935221e-02	1.651237e+00	1.611194e+00
4.601750101687807e-02	1.651224e+00	1.611724e+00
4.602294327946110e-02	1.651201e+00	1.612643e+00
4.602895459458680e-02	1.651175e+00	1.613657e+00
4.603583889341482e-02	1.651145e+00	1.614817e+00
4.627235671198972e-02	1.650136e+00	1.654098e+00
4.650000090000000e-02	1.649185e+00	1.691251e+00
4.650000190000000e-02	1.649185e+00	1.691251e+00
4.650016565999998e-02	1.649185e+00	1.691224e+00
4.650032949999997e-02	1.649184e+00	1.691196e+00
4.650065717999994e-02	1.649183e+00	1.691140e+00
4.650131253999988e-02	1.649181e+00	1.691030e+00
4.650423971743656e-02	1.649181e+00	1.690535e+00
4.650599411865827e-02	1.649187e+00	1.690238e+00
4.650820093798178e-02	1.649199e+00	1.689865e+00
4.651071215513359e-02	1.649212e+00	1.689441e+00
4.651347022276034e-02	1.649225e+00	1.688975e+00
4.651654183847173e-02	1.649239e+00	1.688456e+00
4.652066409176882e-02	1.649256e+00	1.687760e+00
4.652573215690890e-02	1.649278e+00	1.686905e+00
4.653160554488154e-02	1.649304e+00	1.685915e+00
4.654335232082683e-02	1.649355e+00	1.683936e+00
4.681677875740865e-02	1.650519e+00	1.638591e+00
4.699999990000000e-02	1.651281e+00	1.608767e+00
4.700000090000000e-02	1.651281e+00	1.608767e+00
4.700016465999998e-02	1.651282e+00	1.608795e+00
4.700032849999997e-02	1.651283e+00	1.608823e+00
4.700065617999994e-02	1.651284e+00	1.608878e+00
4.700131153999988e-02	1.651286e+00	1.608989e+00
4.700262225999976e-02	1.651287e+00	1.609211e+00
4.700461327472266e-02	1.651284e+00	1.609547e+00
4.700651068481868e-02	1.651277e+00	1.609868e+00
4.700905274284498e-02	1.651264e+00	1.610298e+00
4.701142554880884e-02	1.651251e+00	1.610698e+00
4.701435975871106e-02	1.651237e+00	1.611194e+00
4.701750097696229e-02	1.651224e+00	1.611724e+00
4.702294318030324e-02	1.651201e+00	1.612643e+00
4.702895453216539e-02	1.651175e+00	1.613657e+00
4.703583873540730e-02	1.651145e+00	1.614817e+00
4.735000027168147e-02	1.649808e+00	1.666890e+00
4.750000090000000e-02	1.649185e+00	1.691250e+00
4.750000190000000e-02	1.649185e+00	1.691250e+00
4.750016565999998e-02	1.649185e+00	1.691223e+00
4.750032949999997e-02	1.649184e+00	1.691195e+00
4.750065717999994e-02	1.649183e+00	1.691139e+00
4.750131253999988e-02	1.649181e+00	1.691029e+00
4.750424063711921e-02	1.649181e+00	1.690534e+00
4.750599376738509e-02	1.649187e+00	1.690237e+00
4.750819616063450e-02	1.649199e+00	1.689865e+00
4.751071911058333e-02	1.649212e+00	1.689439e+00
4.751348082916799e-02	1.649225e+00	1.688972e+00
4.751655802140548e-02	1.649239e+00	1.688452e+00
4.752067230760058e-02	1.649256e+00	1.687758e+00
4.752574476474022e-02	1.649278e+00	1.686902e+00
4.753161873128810e-02	1.649304e+00	1.685912e+00
4.754336666438387e-02	1.649355e+00	1.683932e+00
4.781651886292407e-02	1.650518e+00	1.638632e+00
4.799999990000000e-02	1.651281e+00	1.608766e+00
4.800000090000000e-02	1.651281e+00	1.608766e+00
4.800016465999998e-02	1.651282e+00	1.608794e+00
4.800032849999997e-02	1.651283e+00	1.608822e+00
4.800065617999994e-02	1.651284e+00	1.608877e+00
4.800131153999988e-02	1.651286e+00	1.608988e+00
4.800262225999976e-02	1.651287e+00	1.609210e+00
4.800461329086703e-02	1.651285e+00	1.609546e+00
4.800651071086642e-02	1.651277e+00	1.609867e+00
4.800905279936075e-02	1.651264e+00	1.610297e+00
4.801142562576569e-02	1.651251e+00	1.610698e+00
4.801435988213308e-02	1.651237e+00	1.611193e+00
4.801750113730923e-02	1.651224e+00	1.611724e+00
4.802294356940425e-02	1.651201e+00	1.612642e+00
4.802895474868420e-02	1.651175e+00	1.613656e+00
4.803583935066238e-02	1.651145e+00	1.614817e+00
4.827236814835142e-02	1.650136e+00	1.654099e+00
4.850000090000000e-02	1.649185e+00	1.691251e+00
4.850000190000000e-02	1.649185e+00	1.691251e+00
4.850016565999998e-02	1.649185e+00	1.691223e+00
4.850032949999997e-02	1.649184e+00	1.691195e+00
4.850065717999994e-02	1.649183e+00	1.691140e+00
4.850131253999988e-02	1.649181e+00	1.691029e+00
4.850423970010810e-02	1.649181e+00	1.690534e+00
4.850599411139765e-02	1.649187e+00	1.690237e+00
4.850820091877656e-02	1.649199e+00	1.689864e+00
4.851071214933426e-02	1.649212e+00	1.689440e+00
4.851347022107833e-02	1.649225e+00	1.688974e+00
4.851654184076520e-02	1.649239e+00	1.688455e+00
4.852066408092739e-02	1.649256e+00	1.687760e+00
4.852573214014172e-02	1.649278e+00	1.686904e+00
4.853160551857424e-02	1.649304e+00	1.685914e+00
4.854335227543931e-02	1.649355e+00	1.683935e+00
4.881677911098177e-02	1.650519e+00	1.638590e+00
4.899999990000000e-02	1.651281e+00	1.608767e+00
4.900000090000000e-02	1.651281e+00	1.608767e+00
4.900016465999998e-02	1.651282e+00	1.608794e+00
4.900032849999997e-02	1.651283e+00	1.608822e+00
4.900065617999994e-02	1.651284e+00	1.608878e+00
4.900131153999988e-02	1.651286e+00	1.608988e+00
4.900262225999975e-02	1.651287e+00	1.609210e+00
4.900461328800820e-02	1.651284e+00	1.609547e+00
4.900651070664918e-02	1.651277e+00	1.609867e+00
4.900905278897434e-02	1.651264e+00	1.610297e+00
4.901142561077350e-02	1.651251e+00	1.610698e+00
4.901435985863806e-02	1.651237e+00	1.611193e+00
4.901750110653369e-02	1.651224e+00	1.611724e+00
4.902294349685478e-02	1.651201e+00	1.612642e+00
4.902895471307060e-02	1.651175e+00	1.613656e+00
4.903583923483670e-02	1.651145e+00	1.614817e+00
4.927236489720634e-02	1.650136e+00	1.654099e+00
4.950000090000000e-02	1.649185e+00	1.691251e+00
4.950000190000000e-02	1.649185e+00	1.691251e+00
4.950016565999998e-02	1.649185e+00	1.691223e+00
4.950032949999997e-02	1.649184e+00	1.691195e+00
4.950065717999994e-02	1.649183e+00	1.691140e+00
4.950131253999988e-02	1.649181e+00	1.691029e+00
4.950423970659782e-02	1.649181e+00	1.690534e+00
4.950599411398444e-02	1.649187e+00	1.690238e+00
4.950820092641920e-02	1.649199e+00	1.689865e+00
4.951071215299133e-02	1.649212e+00	1.689440e+00
4.951347022350059e-02	1.649225e+00	1.688974e+00
4.951654184279727e-02	1.649239e+00	1.688456e+00
4.952066408517538e-02	1.649256e+00	1.687760e+00
4.952573214313762e-02	1.649278e+00	1.686905e+00
4.953160552123470e-02	1.649304e+00	1.685914e+00
4.954335227742886e-02	1.649355e+00	1.683935e+00
4.981677930348190e-02	1.650519e+00	1.638590e+00
4.999999990000000e-02	1.651281e+00	1.608767e+00
5.000000090000000e-02	1.651281e+00	1.608767e+00
5.000016465999998e-02	1.651282e+00	1.608795e+00
5.000032849999997e-02	1.651283e+00	1.608822e+00
5.000065617999994e-02	1.651284e+00	1.608878e+00
5.000131153999988e-02	1.651286e+00	1.608989e+00
5.000262225999975e-02	1.651287e+00	1.609210e+00
5.000461328226910e-02	1.651284e+00	1.609547e+00
5.000651069804899e-02	1.651277e+00	1.609868e+00
5.000905277115761e-02	1.651264e+00	1.610297e+00
5.001142558730343e-02	1.651251e+00	1.610698e+00
5.001435982186206e-02	1.651237e+00	1.611194e+00
5.001750105920132e-02	1.651224e+00	1.611724e+00
5.002294338216989e-02	1.651201e+00	1.612643e+00
5.002895465295528e-02	1.651175e+00	1.613657e+00
5.003583905857428e-02	1.651145e+00	1.614817e+00
5.027236056547785e-02	1.650136e+00	1.654099e+00
5.050000090000000e-02	1.649185e+00	1.691251e+00
5.050000190000000e-02	1.649185e+00	1.691251e+00
5.050016565999998e-02	1.649185e+00	1.691223e+00
5.050032949999997e-02	1.649184e+00	1.691196e+00
5.050065717999994e-02	1.649183e+00	1.691140e+00
5.050131253999988e-02	1.649181e+00	1.691029e+00
5.050423971238842e-02	1.649181e+00	1.690534e+00
5.050599411654023e-02	1.649187e+00	1.690238e+00
5.050820093231920e-02	1.649199e+00	1.689865e+00
5.051071215397218e-02	1.649212e+00	1.689440e+00
5.051347022369696e-02	1.649225e+00	1.688975e+00
5.051654184142657e-02	1.649239e+00	1.688456e+00
5.052066408854135e-02	1.649256e+00	1.687760e+00
5.052573214772963e-02	1.649278e+00	1.686905e+00
5.053160552789728e-02	1.649304e+00	1.685915e+00
5.054335228823258e-02	1.649355e+00	1.683935e+00
5.081677902425571e-02	1.650519e+00	1.638590e+00
5.099999990000000e-02	1.651281e+00	1.608767e+00
5.100000090000000e-02	1.651281e+00	1.608767e+00
5.100016465999999e-02	1.651282e+00	1.608795e+00
5.100032849999997e-02	1.651283e+00	1.608822e+00
5.100065617999994e-02	1.651284e+00	1.608878e+00
5.100131153999988e-02	1.651286e+00	1.608989e+00
5.100262225999976e-02	1.651287e+00	1.609210e+00
5.100461327805665e-02	1.651284e+00	1.609547e+00
5.100651069097412e-02	1.651277e+00	1.609868e+00
5.100905275598835e-02	1.651264e+00	1.610297e+00
5.101142556662593e-02	1.651251e+00	1.610698e+00
5.101435978793212e-02	1.651237e+00	1.611194e+00
5.101750101487165e-02	1.651224e+00	1.611724e+00
5.102294327408758e-02	1.651201e+00	1.612643e+00
5.102895458874459e-02	1.651175e+00	1.613657e+00
5.103583888426221e-02	1.651145e+00	1.614817e+00
5.127235637964515e-02	1.650136e+00	1.654098e+00
5.150000090000000e-02	1.649185e+00	1.691251e+00
5.150000190000000e-02	1.649185e+00	1.691251e+00
5.150016565999999e-02	1.649185e+00	1.691224e+00
5.150032949999997e-02	1.649184e+00	1.691196e+00
5.150065717999994e-02	1.649183e+00	1.691140e+00
5.150131253999988e-02	1.649181e+00	1.691030e+00
5.150423971743645e-02	1.649181e+00	1.690535e+00
5.150599411836904e-02	1.649187e+00	1.690238e+00
5.150820093812417e-02	1.649199e+00	1.689865e+00
5.151071215586578e-02	1.649212e+00	1.689441e+00
5.151347022433642e-02	1.649225e+00	1.688975e+00
5.151654184108070e-02	1.649239e+00	1.688456e+00
5.152066409253289e-02	1.649256e+00	1.687760e+00
5.152573215358113e-02	1.649278e+00	1.686905e+00
5.153160553747824e-02	1.649304e+00	1.685915e+00
5.154335230527246e-02	1.649355e+00	1.683936e+00
5.181677904508307e-02	1.650519e+00	1.638591e+00
5.199999990000000e-02	1.651281e+00	1.608767e+00
5.200000090000000e-02	1.651281e+00	1.608767e+00
5.200016465999999e-02	1.651282e+00	1.608795e+00
5.200032849999997e-02	1.651283e+00	1.608823e+00
5.200065617999994e-02	1.651284e+00	1.608878e+00
5.200131153999988e-02	1.651286e+00	1.608989e+00
5.200262225999976e-02	1.651287e+00	1.609211e+00
5.200461327433491e-02	1.651284e+00	1.609547e+00
5.200651068453940e-02	1.651277e+00	1.609868e+00
5.200905274205568e-02	1.651264e+00	1.610298e+00
5.201142554829197e-02	1.651251e+00	1.610698e+00
5.201435975897955e-02	1.651237e+00	1.611194e+00
5.201750097776200e-02	1.651224e+00	1.611724e+00
5.202294318044764e-02	1.651201e+00	1.612643e+00
5.202895453681521e-02	1.651175e+00	1.613657e+00
5.203583873892694e-02	1.651145e+00	1.614817e+00
5.235000027168147e-02	1.649808e+00	1.666890e+00
5.250000090000000e-02	1.649185e+00	1.691250e+00
5.250000190000000e-02	1.649185e+00	1.691250e+00
5.250016565999999e-02	1.649185e+00	1.691223e+00
5.250032949999997e-02	1.649184e+00	1.691195e+00
5.250065717999994e-02	1.649183e+00	1.691139e+00
5.250131253999988e-02	1.649181e+00	1.691029e+00
5.250424063657762e-02	1.649181e+00	1.690534e+00
5.250599376690065e-02	1.649187e+00	1.690237e+00
5.250819616033579e-02	1.649199e+00	1.689865e+00
5.251071911131423e-02	1.649212e+00	1.689439e+00
5.251348082965496e-02	1.649225e+00	1.688972e+00
5.251655802234179e-02	1.649239e+00	1.688452e+00
5.252067230704131e-02	1.649256e+00	1.687758e+00
5.252574476182674e-02	1.649278e+00	1.686902e+00
5.253161872595137e-02	1.649304e+00	1.685912e+00
5.254336665420064e-02	1.649355e+00	1.683932e+00
5.281651915559028e-02	1.650518e+00	1.638632e+00
5.299999990000000e-02	1.651281e+00	1.608766e+00
5.300000090000000e-02	1.651281e+00	1.608766e+00
5.300016465999999e-02	1.651282e+00	1.608794e+00
5.300032849999997e-02	1.651283e+00	1.608822e+00
5.300065617999994e-02	1.651284e+00	1.608877e+00
5.300131153999988e-02	1.651286e+00	1.608988e+00
5.300262225999976e-02	1.651287e+00	1.609210e+00
5.300461329110889e-02	1.651285e+00	1.609546e+00
5.300651071073129e-02	1.651277e+00	1.609867e+00
5.300905279962018e-02	1.651264e+00	1.610297e+00
5.301142562634855e-02	1.651251e+00	1.610698e+00
5.301435988193177e-02	1.651237e+00	1.611193e+00
5.301750113694608e-02	1.651224e+00	1.611724e+00
5.302294356836415e-02	1.651201e+00	1.612642e+00
5.302895474886207e-02	1.651175e+00	1.613656e+00
5.303583934465993e-02	1.651145e+00	1.614817e+00
5.327236663659240e-02	1.650136e+00	1.654099e+00
5.350000090000000e-02	1.649185e+00	1.691251e+00
5.350000190000000e-02	1.649185e+00	1.691251e+00
5.350016565999999e-02	1.649185e+00	1.691223e+00
5.350032949999997e-02	1.649184e+00	1.691195e+00
5.350065717999994e-02	1.649183e+00	1.691140e+00
5.350131253999988e-02	1.649181e+00	1.691029e+00
5.350423970042062e-02	1.649181e+00	1.690534e+00
5.350599411153305e-02	1.649187e+00	1.690237e+00
5.350820091899715e-02	1.649199e+00	1.689864e+00
5.351071215016832e-02	1.649212e+00	1.689440e+00
5.351347022217246e-02	1.649225e+00	1.688974e+00
5.351654184231288e-02	1.649239e+00	1.688455e+00
5.352066408109399e-02	1.649256e+00	1.687760e+00
5.352573214232915e-02	1.649278e+00	1.686904e+00
5.353160552251063e-02	1.649304e+00	1.685914e+00
5.354335228287359e-02	1.649355e+00	1.683935e+00
5.381677893113957e-02	1.650519e+00	1.638590e+00
5.399999990000000e-02	1.651281e+00	1.608767e+00
5.400000090000000e-02	1.651281e+00	1.608767e+00
5.400016465999995e-02	1.651282e+00	1.608794e+00
5.400032849999990e-02	1.651283e+00	1.608822e+00
5.400065617999979e-02	1.651284e+00	1.608878e+00
5.400131153999960e-02	1.651286e+00	1.608988e+00
5.400262225999919e-02	1.651287e+00	1.609210e+00
5.400461328800423e-02	1.651284e+00	1.609547e+00
5.400651070639702e-02	1.651277e+00	1.609867e+00
5.400905278942457e-02	1.651264e+00	1.610297e+00
5.401142561165501e-02	1.651251e+00	1.610698e+00
5.401435985877597e-02	1.651237e+00	1.611193e+00
5.401750110676845e-02	1.651224e+00	1.611724e+00
5.402294349604199e-02	1.651201e+00	1.612642e+00
5.402895471101538e-02	1.651175e+00	1.613656e+00
5.403583923291850e-02	1.651145e+00	1.614817e+00
5.427236487540492e-02	1.650136e+00	1.654099e+00
5.450000090000000e-02	1.649185e+00	1.691251e+00
5.450000190000000e-02	1.649185e+00	1.691251e+00
5.450016565999998e-02	1.649185e+00	1.691223e+00
5.450032949999997e-02	1.649184e+00	1.691195e+00
5.450065717999994e-02	1.649183e+00	1.691140e+00
5.450131253999988e-02	1.649181e+00	1.691029e+00
5.450423970652762e-02	1.649181e+00	1.690534e+00
5.450599411364043e-02	1.649187e+00	1.690238e+00
5.450820092591366e-02	1.649199e+00	1.689865e+00
5.451071215197526e-02	1.649212e+00	1.689440e+00
5.451347022254043e-02	1.649225e+00	1.688974e+00
5.451654184136824e-02	1.649239e+00	1.688456e+00
5.452066408580167e-02	1.649256e+00	1.687760e+00
5.452573214685851e-02	1.649278e+00	1.686905e+00
5.453160552815751e-02	1.649304e+00	1.685914e+00
5.454335229075551e-02	1.649355e+00	1.683935e+00
5.481677888638971e-02	1.650519e+00	1.638590e+00
5.499999990000000e-02	1.651281e+00	1.608767e+00
5.500000090000000e-02	1.651281e+00	1.608767e+00
5.500016465999998e-02	1.651282e+00	1.608795e+00
5.500032849999997e-02	1.651283e+00	1.608822e+00
5.500065617999994e-02	1.651284e+00	1.608878e+00
5.500131153999988e-02	1.651286e+00	1.608989e+00
5.500262225999976e-02	1.651287e+00	1.609210e+00
5.500461328263530e-02	1.651284e+00	1.609547e+00
5.500651069847411e-02	1.651277e+00	1.609868e+00
5.500905277206199e-02	1.651264e+00	1.610297e+00
5.501142558834880e-02	1.651251e+00	1.610698e+00
5.501435982210848e-02	1.651237e+00	1.611194e+00
5.501750105927363e-02	1.651224e+00	1.611724e+00
5.502294338108484e-02	1.651201e+00	1.612643e+00
5.502895465113818e-02	1.651175e+00	1.613657e+00
5.503583905077779e-02	1.651145e+00	1.614817e+00
5.527235979530544e-02	1.650136e+00	1.654099e+00
5.550000090000000e-02	1.649185e+00	1.691251e+00
5.550000190000000e-02	1.649185e+00	1.691251e+00
5.550016565999998e-02	1.649185e+00	1.691223e+00
5.550032949999997e-02	1.649184e+00	1.691196e+00
5.550065717999994e-02	1.649183e+00	1.691140e+00
5.550131253999988e-02	1.649181e+00	1.691029e+00
5.550423971285582e-02	1.649181e+00	1.690534e+00
5.550599411680459e-02	1.649187e+00	1.690238e+00
5.550820093261011e-02	1.649199e+00	1.689865e+00
5.551071215318928e-02	1.649212e+00	1.689440e+00
5.551347022291728e-02	1.649225e+00	1.688975e+00
5.551654184027704e-02	1.649239e+00	1.688456e+00
5.552066408890995e-02	1.649256e+00	1.687760e+00
5.552573214857012e-02	1.649278e+00	1.686905e+00
5.553160553012143e-02	1.649304e+00	1.685915e+00
5.554335229322405e-02	1.649355e+00	1.683935e+00
5.581677911412887e-02	1.650519e+00	1.638590e+00
5.599999990000000e-02	1.651281e+00	1.608767e+00
5.600000090000000e-02	1.651281e+00	1.608767e+00
5.600016465999998e-02	1.651282e+00	1.608795e+00
5.600032849999997e-02	1.651283e+00	1.608822e+00
5.600065617999994e-02	1.651284e+00	1.608878e+00
5.600131153999988e-02	1.651286e+00	1.608989e+00
5.600262225999976e-02	1.651287e+00	1.609210e+00
5.600461327780695e-02	1.651284e+00	1.609547e+00
5.600651069068627e-02	1.651277e+00	1.609868e+00
5.600905275558147e-02	1.651264e+00	1.610297e+00
5.601142556674810e-02	1.651251e+00	1.610698e+00
5.601435978848839e-02	1.651237e+00	1.611194e+00
5.601750101592991e-02	1.651224e+00	1.611724e+00
5.602294327510498e-02	1.651201e+00	1.612643e+00
5.602895459232472e-02	1.651175e+00	1.613657e+00
5.603583888885395e-02	1.651145e+00	1.614817e+00
5.627235676442360e-02	1.650136e+00	1.654098e+00
5.650000090000000e-02	1.649185e+00	1.691251e+00
5.650000190000000e-02	1.649185e+00	1.691251e+00
5.650016565999998e-02	1.649185e+00	1.691224e+00
5.650032949999997e-02	1.649184e+00	1.691196e+00
5.650065717999994e-02	1.649183e+00	1.691140e+00
5.650131253999988e-02	1.649181e+00	1.691030e+00
5.650423971781163e-02	1.649181e+00	1.690535e+00
5.650599411857652e-02	1.649187e+00	1.690238e+00
5.650820093834007e-02	1.649199e+00	1.689865e+00
5.651071215613183e-02	1.649212e+00	1.689441e+00
5.651347022466407e-02	1.649225e+00	1.688975e+00
5.651654184145895e-02	1.649239e+00	1.688456e+00
5.652066409270564e-02	1.649256e+00	1.687760e+00
5.652573215689762e-02	1.649278e+00	1.686905e+00
5.653160554305147e-02	1.649304e+00	1.685915e+00
5.654335231535917e-02	1.649355e+00	1.683936e+00
5.681677878030747e-02	1.650519e+00	1.638591e+00
5.699999990000000e-02	1.651281e+00	1.608767e+00
5.700000090000000e-02	1.651281e+00	1.608767e+00
5.700016465999998e-02	1.651282e+00	1.608795e+00
5.700032849999997e-02	1.651283e+00	1.608823e+00
5.700065617999994e-02	1.651284e+00	1.608878e+00
5.700131153999988e-02	1.651286e+00	1.608989e+00
5.700262225999975e-02	1.651287e+00	1.609211e+00
5.700461327401757e-02	1.651284e+00	1.609547e+00
5.700651068420683e-02	1.651277e+00	1.609868e+00
5.700905274224044e-02	1.651264e+00	1.610298e+00
5.701142554826198e-02	1.651251e+00	1.610698e+00
5.701435975839661e-02	1.651237e+00	1.611194e+00
5.701750097688646e-02	1.651224e+00	1.611724e+00
5.702294317980996e-02	1.651201e+00	1.612643e+00
5.702895453359251e-02	1.651175e+00	1.613657e+00
5.703583873440081e-02	1.651145e+00	1.614817e+00
5.735000027168147e-02	1.649808e+00	1.666890e+00
5.750000090000000e-02	1.649185e+00	1.691250e+00
5.750000190000000e-02	1.649185e+00	1.691250e+00
5.750016565999998e-02	1.649185e+00	1.691223e+00
5.750032949999997e-02	1.649184e+00	1.691195e+00
5.750065717999994e-02	1.649183e+00	1.691139e+00
5.750131253999988e-02	1.649181e+00	1.691029e+00
5.750424063668909e-02	1.649181e+00	1.690534e+00
5.750599376657872e-02	1.649187e+00	1.690237e+00
5.750819616000701e-02	1.649199e+00	1.689865e+00
5.751071911050407e-02	1.649212e+00	1.689439e+00
5.751348082864597e-02	1.649225e+00	1.688972e+00
5.751655802089049e-02	1.649239e+00	1.688452e+00
5.752067230707040e-02	1.649256e+00	1.687758e+00
5.752574476377117e-02	1.649278e+00	1.686902e+00
5.753161872973835e-02	1.649304e+00	1.685912e+00
5.754336666167268e-02	1.649355e+00	1.683932e+00
5.781651898962072e-02	1.650518e+00	1.638632e+00
5.799999990000000e-02	1.651281e+00	1.608766e+00
5.800000090000000e-02	1.651281e+00	1.608766e+00
5.800016465999999e-02	1.651282e+00	1.608794e+00
5.800032849999997e-02	1.651283e+00	1.608822e+00
5.800065617999994e-02	1.651284e+00	1.608877e+00
5.800131153999988e-02	1.651286e+00	1.608988e+00
5.800262225999975e-02	1.651287e+00	1.609210e+00
5.800461329076573e-02	1.651285e+00	1.609546e+00
5.800651071070702e-02	1.651277e+00	1.609867e+00
5.800905279948062e-02	1.651264e+00	1.610297e+00
5.801142562607405e-02	1.651251e+00	1.610698e+00
5.801435988246916e-02	1.651237e+00	1.611193e+00
5.801750113793148e-02	1.651224e+00	1.611724e+00
5.802294356987562e-02	1.651201e+00	1.612642e+00
5.802895475360638e-02	1.651175e+00	1.613656e+00
5.803583934986848e-02	1.651145e+00	1.614817e+00
5.827236736616997e-02	1.650136e+00	1.654099e+00
5.850000090000000e-02	1.649185e+00	1.691251e+00
5.850000190000000e-02	1.649185e+00	1.691251e+00
5.850016565999999e-02	1.649185e+00	1.691223e+00
5.850032949999997e-02	1.649184e+00	1.691195e+00
5.850065717999994e-02	1.649183e+00	1.691140e+00
5.850131253999988e-02	1.649181e+00	1.691029e+00
5.850423970053476e-02	1.649181e+00	1.690534e+00
5.850599411142822e-02	1.649187e+00	1.690237e+00
5.850820091874578e-02	1.649199e+00	1.689864e+00
5.851071214964821e-02	1.649212e+00	1.689440e+00
5.851347022151739e-02	1.649225e+00	1.688974e+00
5.851654184148092e-02	1.649239e+00	1.688455e+00
5.852066407954939e-02	1.649256e+00	1.687760e+00
5.852573214108257e-02	1.649278e+00	1.686904e+00
5.853160552015300e-02	1.649304e+00	1.685914e+00
5.854335227829387e-02	1.649355e+00	1.683935e+00
5.881677877976733e-02	1.650519e+00	1.638590e+00
5.899999990000000e-02	1.651281e+00	1.608767e+00
5.900000090000000e-02	1.651281e+00	1.608767e+00
5.900004178000000e-02	1.651282e+00	1.608774e+00
5.900032849999997e-02	1.651283e+00	1.608822e+00
5.900065617999994e-02	1.651284e+00	1.608878e+00
5.900131153999988e-02	1.651286e+00	1.608988e+00
5.900262225999976e-02	1.651287e+00	1.609210e+00
5.900461328771862e-02	1.651284e+00	1.609547e+00
5.900651070628939e-02	1.651277e+00	1.609867e+00
5.900905278887499e-02	1.651264e+00	1.610297e+00
5.901142561068404e-02	1.651251e+00	1.610698e+00
5.901435985826971e-02	1.651237e+00	1.611193e+00
5.901750110598242e-02	1.651224e+00	1.611724e+00
5.902294349840326e-02	1.651201e+00	1.612642e+00
5.902895471349309e-02	1.651175e+00	1.613656e+00
5.903583923805741e-02	1.651145e+00	1.614817e+00
5.927236478851747e-02	1.650136e+00	1.654099e+00
5.950000090000000e-02	1.649185e+00	1.691251e+00
5.950000190000000e-02	1.649185e+00	1.691251e+00
5.950016565999999e-02	1.649185e+00	1.691223e+00
5.950032949999997e-02	1.649184e+00	1.691195e+00
5.950065717999994e-02	1.649183e+00	1.691140e+00
5.950131253999988e-02	1.649181e+00	1.691029e+00
5.950423970610907e-02	1.649181e+00	1.690534e+00
5.950599411388872e-02	1.649187e+00	1.690238e+00
5.950820092604885e-02	1.649199e+00	1.689865e+00
5.951071215234573e-02	1.649212e+00	1.689440e+00
5.951347022185374e-02	1.649225e+00	1.688974e+00
5.951654184027216e-02	1.649239e+00	1.688456e+00
5.952066408459448e-02	1.649256e+00	1.687760e+00
5.952573214823304e-02	1.649278e+00	1.686905e+00
5.953160553165957e-02	1.649304e+00	1.685914e+00
5.954335229851264e-02	1.649355e+00	1.683935e+00
5.981677878898167e-02	1.650519e+00	1.638590e+00
5.999999990000000e-02	1.651281e+00	1.608767e+00
6.000000090000000e-02	1.651281e+00	1.608767e+00
6.000016465999999e-02	1.651282e+00	1.608795e+00
6.000032849999997e-02	1.651283e+00	1.608822e+00
6.000065617999994e-02	1.651284e+00	1.608878e+00
6.000131153999988e-02	1.651286e+00	1.608989e+00
6.000262225999976e-02	1.651287e+00	1.609210e+00
6.000461328279397e-02	1.651284e+00	1.609547e+00
6.000651069824239e-02	1.651277e+00	1.609868e+00
6.000905277150754e-02	1.651264e+00	1.610297e+00
6.001142558751300e-02	1.651251e+00	1.610698e+00
6.001435982222698e-02	1.651237e+00	1.611194e+00
6.001750105972416e-02	1.651224e+00	1.611724e+00
6.002294338188800e-02	1.651201e+00	1.612643e+00
6.002895465416280e-02	1.651175e+00	1.613657e+00
6.003583905695020e-02	1.651145e+00	1.614817e+00
6.027236043201594e-02	1.650136e+00	1.654099e+00
6.050000090000000e-02	1.649185e+00	1.691251e+00
6.050000190000000e-02	1.649185e+00	1.691251e+00
6.050016565999999e-02	1.649185e+00	1.691223e+00
6.050032949999997e-02	1.649184e+00	1.691196e+00
6.050065717999994e-02	1.649183e+00	1.691140e+00
6.050131253999988e-02	1.649181e+00	1.691029e+00
6.050423971225596e-02	1.649181e+00	1.690534e+00
6.050599411612477e-02	1.649187e+00	1.690238e+00
6.050820093213344e-02	1.649199e+00	1.689865e+00
6.051071215344048e-02	1.649212e+00	1.689440e+00
6.051347022294787e-02	1.649225e+00	1.688975e+00
6.051654184061420e-02	1.649239e+00	1.688456e+00
6.052066408862291e-02	1.649256e+00	1.687760e+00
6.052573214890519e-02	1.649278e+00	1.686905e+00
6.053160553139710e-02	1.649304e+00	1.685915e+00
6.054335229638092e-02	1.649355e+00	1.683935e+00
6.081677904631951e-02	1.650519e+00	1.638590e+00
6.099999990000000e-02	1.651281e+00	1.608767e+00
6.100000090000000e-02	1.651281e+00	1.608767e+00
6.100016465999999e-02	1.651282e+00	1.608795e+00
6.100032849999997e-02	1.651283e+00	1.608822e+00
6.100065617999994e-02	1.651284e+00	1.608878e+00
6.100131153999988e-02	1.651286e+00	1.608989e+00
6.100262225999976e-02	1.651287e+00	1.609210e+00
6.100461327842068e-02	1.651284e+00	1.609547e+00
6.100651069106001e-02	1.651277e+00	1.609868e+00
6.100905275647596e-02	1.651264e+00	1.610297e+00
6.101142556776221e-02	1.651251e+00	1.610698e+00
6.101435978984455e-02	1.651237e+00	1.611194e+00
6.101750101792282e-02	1.651224e+00	1.611724e+00
6.102294327450396e-02	1.651201e+00	1.612643e+00
6.102895458758478e-02	1.651175e+00	1.613657e+00
6.103583888390291e-02	1.651145e+00	1.614817e+00
6.127235687916140e-02	1.650136e+00	1.654098e+00
6.150000090000000e-02	1.649185e+00	1.691251e+00
6.150000190000000e-02	1.649185e+00	1.691251e+00
6.150016565999999e-02	1.649185e+00	1.691224e+00
6.150032949999997e-02	1.649184e+00	1.691196e+00
6.150065717999994e-02	1.649183e+00	1.691140e+00
6.150131253999988e-02	1.649181e+00	1.691030e+00
6.150423971720460e-02	1.649181e+00	1.690535e+00
6.150599411807869e-02	1.649187e+00	1.690238e+00
6.150820093793664e-02	1.649199e+00	1.689865e+00
6.151071215597656e-02	1.649212e+00	1.689441e+00
6.151347022350979e-02	1.649225e+00	1.688975e+00
6.151654183986451e-02	1.649239e+00	1.688456e+00
6.152066409121693e-02	1.649256e+00	1.687760e+00
6.152573215425265e-02	1.649278e+00	1.686905e+00
6.153160553951712e-02	1.649304e+00	1.685915e+00
6.154335231004606e-02	1.649355e+00	1.683936e+00
6.181677891496552e-02	1.650519e+00	1.638591e+00
6.199999990000000e-02	1.651281e+00	1.608767e+00
6.200000090000000e-02	1.651281e+00	1.608767e+00
6.200016465999998e-02	1.651282e+00	1.608795e+00
6.200032849999997e-02	1.651283e+00	1.608823e+00
6.200065617999994e-02	1.651284e+00	1.608878e+00
6.200131153999988e-02	1.651286e+00	1.608989e+00
6.200262225999976e-02	1.651287e+00	1.609211e+00
6.200461327465590e-02	1.651284e+00	1.609547e+00
6.200651068471208e-02	1.651277e+00	1.609868e+00
6.200905274255665e-02	1.651264e+00	1.610298e+00
6.201142554852450e-02	1.651251e+00	1.610698e+00
6.201435975872065e-02	1.651237e+00	1.611194e+00
6.201750097718892e-02	1.651224e+00	1.611724e+00
6.202294317888738e-02	1.651201e+00	1.612643e+00
6.202895453218335e-02	1.651175e+00	1.613657e+00
6.203583873052628e-02	1.651145e+00	1.614817e+00
6.235000027168147e-02	1.649808e+00	1.666890e+00
6.250000090000001e-02	1.649185e+00	1.691250e+00
6.250000190000000e-02	1.649185e+00	1.691250e+00
6.250016565999998e-02	1.649185e+00	1.691223e+00
6.250032949999997e-02	1.649184e+00	1.691195e+00
6.250065717999993e-02	1.649183e+00	1.691139e+00
6.250131253999988e-02	1.649181e+00	1.691029e+00
6.250424063643188e-02	1.649181e+00	1.690534e+00
6.250599376717580e-02	1.649187e+00	1.690237e+00
6.250819615985787e-02	1.649199e+00	1.689865e+00
6.251071911052598e-02	1.649212e+00	1.689439e+00
6.251348082939427e-02	1.649225e+00	1.688972e+00
6.251655802193028e-02	1.649239e+00	1.688452e+00
6.252067230668663e-02	1.649256e+00	1.687758e+00
6.252574476428333e-02	1.649278e+00	1.686902e+00
6.253161873061612e-02	1.649304e+00	1.685912e+00
6.254336666328172e-02	1.649355e+00	1.683932e+00
6.281651882129489e-02	1.650518e+00	1.638632e+00
6.299999990000001e-02	1.651281e+00	1.608766e+00
6.300000090000001e-02	1.651281e+00	1.608766e+00
6.300016465999998e-02	1.651282e+00	1.608794e+00
6.300032849999997e-02	1.651283e+00	1.608822e+00
6.300065617999993e-02	1.651284e+00	1.608877e+00
6.300131153999988e-02	1.651286e+00	1.608988e+00
6.300262225999975e-02	1.651287e+00	1.609210e+00
6.300461329128583e-02	1.651285e+00	1.609546e+00
6.300651071105713e-02	1.651277e+00	1.609867e+00
6.300905279961534e-02	1.651264e+00	1.610297e+00
6.301142562597910e-02	1.651251e+00	1.610698e+00
6.301435988223444e-02	1.651237e+00	1.611193e+00
6.301750113736879e-02	1.651224e+00	1.611724e+00
6.302294357054937e-02	1.651201e+00	1.612642e+00
6.302895475261938e-02	1.651175e+00	1.613656e+00
6.303583935142167e-02	1.651145e+00	1.614817e+00
6.327236716358640e-02	1.650136e+00	1.654099e+00
6.350000090000001e-02	1.649185e+00	1.691251e+00
6.350000190000001e-02	1.649185e+00	1.691251e+00
6.350016565999998e-02	1.649185e+00	1.691223e+00
6.350032949999997e-02	1.649184e+00	1.691195e+00
6.350065717999993e-02	1.649183e+00	1.691140e+00
6.350131253999988e-02	1.649181e+00	1.691029e+00
6.350423969990358e-02	1.649181e+00	1.690534e+00
6.350599411140377e-02	1.649187e+00	1.690237e+00
6.350820091821573e-02	1.649199e+00	1.689864e+00
6.351071214920578e-02	1.649212e+00	1.689440e+00
6.351347022193431e-02	1.649225e+00	1.688974e+00
6.351654184201905e-02	1.649239e+00	1.688455e+00
6.352066408189017e-02	1.649256e+00	1.687760e+00
6.352573214377177e-02	1.649278e+00	1.686904e+00
6.353160552384447e-02	1.649304e+00	1.685914e+00
6.354335228398987e-02	1.649355e+00	1.683935e+00
6.381677878958969e-02	1.650519e+00	1.638590e+00
6.399999990000001e-02	1.651281e+00	1.608767e+00
6.400000090000001e-02	1.651281e+00	1.608767e+00
6.400016465999996e-02	1.651282e+00	1.608794e+00
6.400032849999990e-02	1.651283e+00	1.608822e+00
6.400065617999980e-02	1.651284e+00	1.608878e+00
6.400131153999959e-02	1.651286e+00	1.608988e+00
6.400262225999918e-02	1.651287e+00	1.609210e+00
6.400461328737786e-02	1.651284e+00	1.609547e+00
6.400651070629207e-02	1.651277e+00	1.609867e+00
6.400905278855781e-02	1.651264e+00	1.610297e+00
6.401142561108468e-02	1.651251e+00	1.610698e+00
6.401435985862444e-02	1.651237e+00	1.611193e+00
6.401750110687141e-02	1.651224e+00	1.611724e+00
6.402294349115299e-02	1.651201e+00	1.612642e+00
6.402895470624985e-02	1.651175e+00	1.613656e+00
6.403583922344888e-02	1.651145e+00	1.614817e+00
6.427236480778234e-02	1.650136e+00	1.654099e+00
6.450000089999999e-02	1.649185e+00	1.691251e+00
6.450000190000001e-02	1.649185e+00	1.691251e+00
6.450016565999998e-02	1.649185e+00	1.691223e+00
6.450032949999997e-02	1.649184e+00	1.691195e+00
6.450065717999993e-02	1.649183e+00	1.691140e+00
6.450131253999988e-02	1.649181e+00	1.691029e+00
6.450423970667743e-02	1.649181e+00	1.690534e+00
6.450599411400361e-02	1.649187e+00	1.690238e+00
6.450820092621472e-02	1.649199e+00	1.689865e+00
6.451071215269193e-02	1.649212e+00	1.689440e+00
6.451347022274326e-02	1.649225e+00	1.688974e+00
6.451654184156677e-02	1.649239e+00	1.688456e+00
6.452066408520650e-02	1.649256e+00	1.687760e+00
6.452573214621692e-02	1.649278e+00	1.686905e+00
6.453160552713828e-02	1.649304e+00	1.685914e+00
6.454335228898102e-02	1.649355e+00	1.683935e+00
6.481677900690352e-02	1.650519e+00	1.638590e+00
6.499999989999999e-02	1.651281e+00	1.608767e+00
6.500000089999999e-02	1.651281e+00	1.608767e+00
6.500016465999998e-02	1.651282e+00	1.608795e+00
6.500032849999997e-02	1.651283e+00	1.608822e+00
6.500065617999994e-02	1.651284e+00	1.608878e+00
6.500131153999988e-02	1.651286e+00	1.608989e+00
6.500262225999975e-02	1.651287e+00	1.609210e+00
6.500461328207176e-02	1.651284e+00	1.609547e+00
6.500651069798526e-02	1.651277e+00	1.609868e+00
6.500905277092547e-02	1.651264e+00	1.610297e+00
6.501142558702169e-02	1.651251e+00	1.610698e+00
6.501435982055787e-02	1.651237e+00	1.611194e+00
6.501750105730318e-02	1.651224e+00	1.611724e+00
6.502294337999823e-02	1.651201e+00	1.612643e+00
6.502895465110940e-02	1.651175e+00	1.613657e+00
6.503583905383213e-02	1.651145e+00	1.614817e+00
6.527236103783547e-02	1.650136e+00	1.654099e+00
6.550000089999999e-02	1.649185e+00	1.691251e+00
6.550000189999999e-02	1.649185e+00	1.691251e+00
6.550016565999998e-02	1.649185e+00	1.691223e+00
6.550032949999997e-02	1.649184e+00	1.691196e+00
6.550065717999994e-02	1.649183e+00	1.691140e+00
6.550131253999988e-02	1.649181e+00	1.691029e+00
6.550423971259504e-02	1.649181e+00	1.690534e+00
6.550599411647912e-02	1.649187e+00	1.690238e+00
6.550820093253072e-02	1.649199e+00	1.689865e+00
6.551071215400758e-02	1.649212e+00	1.689440e+00
6.551347022365697e-02	1.649225e+00	1.688975e+00
6.551654184147389e-02	1.649239e+00	1.688456e+00
6.552066408984529e-02	1.649256e+00	1.687760e+00
6.552573215224969e-02	1.649278e+00	1.686905e+00
6.553160553555802e-02	1.649304e+00	1.685915e+00
6.554335230217467e-02	1.649355e+00	1.683935e+00
6.581677887117900e-02	1.650519e+00	1.638591e+00
6.599999989999999e-02	1.651281e+00	1.608767e+00
6.600000089999999e-02	1.651281e+00	1.608767e+00
6.600016465999999e-02	1.651282e+00	1.608795e+00
6.600032849999997e-02	1.651283e+00	1.608822e+00
6.600065617999994e-02	1.651284e+00	1.608878e+00
6.600131153999989e-02	1.651286e+00	1.608989e+00
6.600262225999975e-02	1.651287e+00	1.609210e+00
6.600461327769644e-02	1.651284e+00	1.609547e+00
6.600651069085751e-02	1.651277e+00	1.609868e+00
6.600905275551097e-02	1.651264e+00	1.610297e+00
6.601142556633643e-02	1.651251e+00	1.610698e+00
6.601435978787175e-02	1.651237e+00	1.611194e+00
6.601750101509124e-02	1.651224e+00	1.611724e+00
6.602294327498705e-02	1.651201e+00	1.612643e+00
6.602895459199670e-02	1.651175e+00	1.613657e+00
6.603583888771133e-02	1.651145e+00	1.614817e+00
6.627235649854299e-02	1.650136e+00	1.654098e+00
6.650000089999999e-02	1.649185e+00	1.691251e+00
6.650000189999999e-02	1.649185e+00	1.691251e+00
6.650016565999999e-02	1.649185e+00	1.691224e+00
6.650032949999997e-02	1.649184e+00	1.691196e+00
6.650065717999994e-02	1.649183e+00	1.691140e+00
6.650131253999989e-02	1.649181e+00	1.691030e+00
6.650423971784568e-02	1.649181e+00	1.690535e+00
6.650599411864469e-02	1.649187e+00	1.690238e+00
6.650820093867489e-02	1.649199e+00	1.689865e+00
6.651071215604636e-02	1.649212e+00	1.689441e+00
6.651347022361255e-02	1.649225e+00	1.688975e+00
6.651654183979636e-02	1.649239e+00	1.688456e+00
6.652066409151662e-02	1.649256e+00	1.687760e+00
6.652573215622624e-02	1.649278e+00	1.686905e+00
6.653160554250681e-02	1.649304e+00	1.685915e+00
6.654335231506792e-02	1.649355e+00	1.683936e+00
6.681677862480048e-02	1.650519e+00	1.638591e+00
6.699999990000000e-02	1.651281e+00	1.608767e+00
6.700000090000000e-02	1.651281e+00	1.608767e+00
6.700016465999999e-02	1.651282e+00	1.608795e+00
6.700032849999997e-02	1.651283e+00	1.608823e+00
6.700065617999994e-02	1.651284e+00	1.608878e+00
6.700131153999987e-02	1.651286e+00	1.608989e+00
6.700262225999976e-02	1.651287e+00	1.609211e+00
6.700461327435669e-02	1.651284e+00	1.609547e+00
6.700651068440217e-02	1.651277e+00	1.609868e+00
6.700905274260488e-02	1.651264e+00	1.610298e+00
6.701142554889064e-02	1.651251e+00	1.610698e+00
6.701435975983559e-02	1.651237e+00	1.611194e+00
6.701750097904545e-02	1.651224e+00	1.611724e+00
6.702294318098113e-02	1.651201e+00	1.612643e+00
6.702895454104678e-02	1.651175e+00	1.613657e+00
6.703583873659652e-02	1.651145e+00	1.614817e+00
6.735000027168148e-02	1.649808e+00	1.666890e+00
6.750000090000000e-02	1.649185e+00	1.691250e+00
6.750000190000000e-02	1.649185e+00	1.691250e+00
6.750016565999999e-02	1.649185e+00	1.691223e+00
6.750032949999997e-02	1.649184e+00	1.691195e+00
6.750065717999994e-02	1.649183e+00	1.691139e+00
6.750131253999987e-02	1.649181e+00	1.691029e+00
6.750424063681139e-02	1.649181e+00	1.690534e+00
6.750599376745749e-02	1.649187e+00	1.690237e+00
6.750819616005435e-02	1.649199e+00	1.689865e+00
6.751071911043197e-02	1.649212e+00	1.689439e+00
6.751348082909432e-02	1.649225e+00	1.688972e+00
6.751655802137131e-02	1.649239e+00	1.688452e+00
6.752067230665049e-02	1.649256e+00	1.687758e+00
6.752574476361731e-02	1.649278e+00	1.686902e+00
6.753161872991849e-02	1.649304e+00	1.685912e+00
6.754336666252087e-02	1.649355e+00	1.683932e+00
6.781651896027072e-02	1.650518e+00	1.638632e+00
6.799999990000000e-02	1.651281e+00	1.608766e+00
6.800000090000000e-02	1.651281e+00	1.608766e+00
6.800016465999999e-02	1.651282e+00	1.608794e+00
6.800032849999997e-02	1.651283e+00	1.608822e+00
6.800065617999994e-02	1.651284e+00	1.608877e+00
6.800131153999987e-02	1.651286e+00	1.608988e+00
6.800262225999976e-02	1.651287e+00	1.609210e+00
6.800461329082681e-02	1.651285e+00	1.609546e+00
6.800651071083842e-02	1.651277e+00	1.609867e+00
6.800905279908423e-02	1.651264e+00	1.610297e+00
6.801142562548451e-02	1.651251e+00	1.610698e+00
6.801435988165670e-02	1.651237e+00	1.611193e+00
6.801750113671264e-02	1.651224e+00	1.611724e+00
6.802294356796235e-02	1.651201e+00	1.612642e+00
6.802895474865135e-02	1.651175e+00	1.613656e+00
6.803583934613934e-02	1.651145e+00	1.614817e+00
6.827236689226851e-02	1.650136e+00	1.654099e+00
6.850000090000000e-02	1.649185e+00	1.691251e+00
6.850000190000000e-02	1.649185e+00	1.691251e+00
6.850016565999999e-02	1.649185e+00	1.691223e+00
6.850032949999997e-02	1.649184e+00	1.691195e+00
6.850065717999994e-02	1.649183e+00	1.691140e+00
6.850131253999987e-02	1.649181e+00	1.691029e+00
6.850423970020432e-02	1.649181e+00	1.690534e+00
6.850599411132784e-02	1.649187e+00	1.690237e+00
6.850820091886639e-02	1.649199e+00	1.689864e+00
6.851071214994842e-02	1.649212e+00	1.689440e+00
6.851347022176420e-02	1.649225e+00	1.688974e+00
6.851654184191049e-02	1.649239e+00	1.688455e+00
6.852066408106766e-02	1.649256e+00	1.687760e+00
6.852573213983312e-02	1.649278e+00	1.686904e+00
6.853160551793470e-02	1.649304e+00	1.685914e+00
6.854335227413787e-02	1.649355e+00	1.683935e+00
6.881677916643789e-02	1.650519e+00	1.638590e+00
6.899999990000000e-02	1.651281e+00	1.608767e+00
6.900000090000000e-02	1.651281e+00	1.608767e+00
6.900016465999999e-02	1.651282e+00	1.608794e+00
6.900032849999997e-02	1.651283e+00	1.608822e+00
6.900065617999994e-02	1.651284e+00	1.608878e+00
6.900131153999987e-02	1.651286e+00	1.608988e+00
6.900262225999976e-02	1.651287e+00	1.609210e+00
6.900461328824894e-02	1.651284e+00	1.609547e+00
6.900651070632936e-02	1.651277e+00	1.609867e+00
6.900905278962015e-02	1.651264e+00	1.610297e+00
6.901142561185562e-02	1.651251e+00	1.610698e+00
6.901435985939706e-02	1.651237e+00	1.611193e+00
6.901750110763773e-02	1.651224e+00	1.611724e+00
6.902294349794577e-02	1.651201e+00	1.612642e+00
6.902895470986566e-02	1.651175e+00	1.613656e+00
6.903583923755433e-02	1.651145e+00	1.614817e+00
6.927236564179902e-02	1.650136e+00	1.654099e+00
6.950000090000000e-02	1.649185e+00	1.691251e+00
6.950000190000000e-02	1.649185e+00	1.691251e+00
6.950016565999999e-02	1.649185e+00	1.691223e+00
6.950032949999997e-02	1.649184e+00	1.691195e+00
6.950065717999994e-02	1.649183e+00	1.691140e+00
6.950131253999987e-02	1.649181e+00	1.691029e+00
6.950423970666933e-02	1.649181e+00	1.690534e+00
6.950599411428458e-02	1.649187e+00	1.690238e+00
6.950820092630033e-02	1.649199e+00	1.689865e+00
6.951071215251377e-02	1.649212e+00	1.689440e+00
6.951347022240646e-02	1.649225e+00	1.688974e+00
6.951654184086607e-02	1.649239e+00	1.688456e+00
6.952066408549416e-02	1.649256e+00	1.687760e+00
6.952573214624626e-02	1.649278e+00	1.686905e+00
6.953160552754321e-02	1.649304e+00	1.685914e+00
6.954335229013713e-02	1.649355e+00	1.683935e+00
6.981677907883933e-02	1.650519e+00	1.638590e+00
6.999999990000000e-02	1.651281e+00	1.608767e+00
7.000000090000000e-02	1.651281e+00	1.608767e+00
7.000016465999999e-02	1.651282e+00	1.608795e+00
7.000032849999997e-02	1.651283e+00	1.608822e+00
7.000065617999994e-02	1.651284e+00	1.608878e+00
7.000131153999987e-02	1.651286e+00	1.608989e+00
7.000262225999976e-02	1.651287e+00	1.609210e+00
7.000461328209670e-02	1.651284e+00	1.609547e+00
7.000651069802941e-02	1.651277e+00	1.609868e+00
7.000905277104663e-02	1.651264e+00	1.610297e+00
7.001142558748706e-02	1.651251e+00	1.610698e+00
7.001435982113498e-02	1.651237e+00	1.611194e+00
7.001750105825294e-02	1.651224e+00	1.611724e+00
7.002294337705314e-02	1.651201e+00	1.612643e+00
7.002895464692925e-02	1.651175e+00	1.613657e+00
7.003583904700818e-02	1.651145e+00	1.614817e+00
7.027236039426189e-02	1.650136e+00	1.654099e+00
7.050000090000000e-02	1.649185e+00	1.691251e+00
7.050000190000000e-02	1.649185e+00	1.691251e+00
7.050016565999999e-02	1.649185e+00	1.691223e+00
7.050032949999997e-02	1.649184e+00	1.691196e+00
7.050065717999994e-02	1.649183e+00	1.691140e+00
7.050131253999987e-02	1.649181e+00	1.691029e+00
7.050423971241755e-02	1.649181e+00	1.690534e+00
7.050599411685603e-02	1.649187e+00	1.690238e+00
7.050820093286819e-02	1.649199e+00	1.689865e+00
7.051071215399922e-02	1.649212e+00	1.689440e+00
7.051347022323658e-02	1.649225e+00	1.688975e+00
7.051654184048545e-02	1.649239e+00	1.688456e+00
7.052066408918446e-02	1.649256e+00	1.687760e+00
7.052573215107034e-02	1.649278e+00	1.686905e+00
7.053160553418458e-02	1.649304e+00	1.685915e+00
7.054335230041307e-02	1.649355e+00	1.683935e+00
7.081677885144656e-02	1.650519e+00	1.638591e+00
7.099999990000000e-02	1.651281e+00	1.608767e+00
7.100000090000000e-02	1.651281e+00	1.608767e+00
7.100016465999999e-02	1.651282e+00	1.608795e+00
7.100032849999997e-02	1.651283e+00	1.608822e+00
7.100065617999994e-02	1.651284e+00	1.608878e+00
7.100131153999988e-02	1.651286e+00	1.608989e+00
7.100262225999976e-02	1.651287e+00	1.609210e+00
7.100461327816740e-02	1.651284e+00	1.609547e+00
7.100651069105966e-02	1.651277e+00	1.609868e+00
7.100905275604495e-02	1.651264e+00	1.610297e+00
7.101142556672616e-02	1.651251e+00	1.610698e+00
7.101435978839249e-02	1.651237e+00	1.611194e+00
7.101750101584825e-02	1.651224e+00	1.611724e+00
7.102294327558047e-02	1.651201e+00	1.612643e+00
7.102895458844524e-02	1.651175e+00	1.613657e+00
7.103583888744200e-02	1.651145e+00	1.614817e+00
7.127235713332676e-02	1.650136e+00	1.654098e+00
7.150000090000000e-02	1.649185e+00	1.691251e+00
7.150000190000000e-02	1.649185e+00	1.691251e+00
7.150016565999999e-02	1.649185e+00	1.691224e+00
7.150032949999997e-02	1.649184e+00	1.691196e+00
7.150065717999994e-02	1.649183e+00	1.691140e+00
7.150131253999988e-02	1.649181e+00	1.691030e+00
7.150423971775487e-02	1.649181e+00	1.690535e+00
7.150599411837155e-02	1.649187e+00	1.690238e+00
7.150820093806957e-02	1.649199e+00	1.689865e+00
7.151071215515964e-02	1.649212e+00	1.689441e+00
7.151347022304670e-02	1.649225e+00	1.688975e+00
7.151654183933803e-02	1.649239e+00	1.688456e+00
7.152066409083428e-02	1.649256e+00	1.687760e+00
7.152573215479743e-02	1.649278e+00	1.686905e+00
7.153160554069260e-02	1.649304e+00	1.685915e+00
7.154335231248292e-02	1.649355e+00	1.683936e+00
7.181677870404882e-02	1.650519e+00	1.638591e+00
7.199999990000000e-02	1.651281e+00	1.608767e+00
7.200000090000000e-02	1.651281e+00	1.608767e+00
7.200016465999999e-02	1.651282e+00	1.608795e+00
7.200032849999997e-02	1.651283e+00	1.608823e+00
7.200065617999994e-02	1.651284e+00	1.608878e+00
7.200131153999988e-02	1.651286e+00	1.608989e+00
7.200262225999976e-02	1.651287e+00	1.609211e+00
7.200461327438708e-02	1.651284e+00	1.609547e+00
7.200651068455674e-02	1.651277e+00	1.609868e+00
7.200905274270082e-02	1.651264e+00	1.610298e+00
7.201142554853290e-02	1.651251e+00	1.610698e+00
7.201435975907441e-02	1.651237e+00	1.611194e+00
7.201750097767874e-02	1.651224e+00	1.611724e+00
7.202294318209915e-02	1.651201e+00	1.612643e+00
7.202895453455407e-02	1.651175e+00	1.613657e+00
7.203583873866988e-02	1.651145e+00	1.614817e+00
7.235000027168147e-02	1.649808e+00	1.666890e+00
7.250000090000000e-02	1.649185e+00	1.691250e+00
7.250000190000000e-02	1.649185e+00	1.691250e+00
7.250016565999999e-02	1.649185e+00	1.691223e+00
7.250032949999997e-02	1.649184e+00	1.691195e+00
7.250065717999994e-02	1.649183e+00	1.691139e+00
7.250131253999988e-02	1.649181e+00	1.691029e+00
7.250424063650446e-02	1.649181e+00	1.690534e+00
7.250599376678848e-02	1.649187e+00	1.690237e+00
7.250819615974559e-02	1.649199e+00	1.689865e+00
7.251071911052864e-02	1.649212e+00	1.689439e+00
7.251348082929497e-02	1.649225e+00	1.688972e+00
7.251655802185071e-02	1.649239e+00	1.688452e+00
7.252067230748531e-02	1.649256e+00	1.687758e+00
7.252574476656538e-02	1.649278e+00	1.686902e+00
7.253161873557143e-02	1.649304e+00	1.685912e+00
7.254336667358355e-02	1.649355e+00	1.683932e+00
7.281651883540535e-02	1.650518e+00	1.638632e+00
7.299999990000000e-02	1.651281e+00	1.608766e+00
7.300000090000000e-02	1.651281e+00	1.608766e+00
7.300016465999999e-02	1.651282e+00	1.608794e+00
7.300032849999998e-02	1.651283e+00	1.608822e+00
7.300065617999994e-02	1.651284e+00	1.608877e+00
7.300131153999988e-02	1.651286e+00	1.608988e+00
7.300262225999976e-02	1.651287e+00	1.609210e+00
7.300461329027019e-02	1.651285e+00	1.609546e+00
7.300651071090197e-02	1.651277e+00	1.609867e+00
7.300905279900101e-02	1.651264e+00	1.610297e+00
7.301142562553348e-02	1.651251e+00	1.610698e+00
7.301435988202297e-02	1.651237e+00	1.611193e+00
7.301750113748832e-02	1.651224e+00	1.611724e+00
7.302294357101508e-02	1.651201e+00	1.612642e+00
7.302895475550532e-02	1.651175e+00	1.613656e+00
7.303583935293508e-02	1.651145e+00	1.614817e+00
7.327236681573673e-02	1.650136e+00	1.654099e+00
7.350000090000000e-02	1.649185e+00	1.691251e+00
7.350000190000000e-02	1.649185e+00	1.691251e+00
7.350016565999999e-02	1.649185e+00	1.691223e+00
7.350032949999998e-02	1.649184e+00	1.691195e+00
7.350065717999994e-02	1.649183e+00	1.691140e+00
7.350131253999988e-02	1.649181e+00	1.691029e+00
7.350423970052268e-02	1.649181e+00	1.690534e+00
7.350599411122548e-02	1.649187e+00	1.690237e+00
7.350820091902964e-02	1.649199e+00	1.689864e+00
7.351071215012078e-02	1.649212e+00	1.689440e+00
7.351347022176716e-02	1.649225e+00	1.688974e+00
7.351654184175263e-02	1.649239e+00	1.688455e+00
7.352066408145146e-02	1.649256e+00	1.687760e+00
7.352573213969371e-02	1.649278e+00	1.686904e+00
7.353160551769963e-02	1.649304e+00	1.685914e+00
7.354335227371148e-02	1.649355e+00	1.683935e+00
7.381677934707616e-02	1.650519e+00	1.638590e+00
7.399999990000000e-02	1.651281e+00	1.608767e+00
7.400000090000000e-02	1.651281e+00	1.608767e+00
7.400016465999995e-02	1.651282e+00	1.608794e+00
7.400032849999989e-02	1.651283e+00	1.608822e+00
7.400065617999979e-02	1.651284e+00	1.608878e+00
7.400131153999960e-02	1.651286e+00	1.608988e+00
7.400262225999919e-02	1.651287e+00	1.609210e+00
7.400461328830543e-02	1.651284e+00	1.609547e+00
7.400651070633439e-02	1.651277e+00	1.609867e+00
7.400905278963922e-02	1.651264e+00	1.610297e+00
7.401142561203412e-02	1.651251e+00	1.610698e+00
7.401435985867728e-02	1.651237e+00	1.611193e+00
7.401750110638616e-02	1.651224e+00	1.611724e+00
7.402294349394827e-02	1.651201e+00	1.612642e+00
7.402895470636686e-02	1.651175e+00	1.613656e+00
7.403583922837759e-02	1.651145e+00	1.614817e+00
7.427236498242996e-02	1.650136e+00	1.654099e+00
7.450000090000000e-02	1.649185e+00	1.691251e+00
7.450000190000000e-02	1.649185e+00	1.691251e+00
7.450016565999998e-02	1.649185e+00	1.691223e+00
7.450032949999998e-02	1.649184e+00	1.691195e+00
7.450065717999994e-02	1.649183e+00	1.691140e+00
7.450131253999988e-02	1.649181e+00	1.691029e+00
7.450423970690725e-02	1.649181e+00	1.690534e+00
7.450599411400907e-02	1.649187e+00	1.690238e+00
7.450820092618009e-02	1.649199e+00	1.689865e+00
7.451071215210700e-02	1.649212e+00	1.689440e+00
7.451347022199811e-02	1.649225e+00	1.688974e+00
7.451654184053716e-02	1.649239e+00	1.688456e+00
7.452066408391175e-02	1.649256e+00	1.687760e+00
7.452573214586883e-02	1.649278e+00	1.686905e+00
7.453160552787751e-02	1.649304e+00	1.685914e+00
7.454335229189488e-02	1.649355e+00	1.683935e+00
7.481677893397132e-02	1.650519e+00	1.638590e+00
7.499999990000000e-02	1.651281e+00	1.608767e+00
7.500000090000000e-02	1.651281e+00	1.608767e+00
7.500016465999998e-02	1.651282e+00	1.608795e+00
7.500032849999996e-02	1.651283e+00	1.608822e+00
7.500065617999994e-02	1.651284e+00	1.608878e+00
7.500131153999988e-02	1.651286e+00	1.608989e+00
7.500262225999976e-02	1.651287e+00	1.609210e+00
7.500461328267784e-02	1.651284e+00	1.609547e+00
7.500651069820251e-02	1.651277e+00	1.609868e+00
7.500905277179881e-02	1.651264e+00	1.610297e+00
7.501142558822746e-02	1.651251e+00	1.610698e+00
7.501435982242033e-02	1.651237e+00	1.611194e+00
7.501750105990139e-02	1.651224e+00	1.611724e+00
7.502294337982332e-02	1.651201e+00	1.612643e+00
7.502895464706430e-02	1.651175e+00	1.613657e+00
7.503583905143255e-02	1.651145e+00	1.614817e+00
7.527236082981892e-02	1.650136e+00	1.654099e+00
7.550000090000000e-02	1.649185e+00	1.691251e+00
7.550000190000000e-02	1.649185e+00	1.691251e+00
7.550016565999998e-02	1.649185e+00	1.691223e+00
7.550032949999996e-02	1.649184e+00	1.691196e+00
7.550065717999994e-02	1.649183e+00	1.691140e+00
7.550131253999988e-02	1.649181e+00	1.691029e+00
7.550423971212659e-02	1.649181e+00	1.690534e+00
7.550599411627626e-02	1.649187e+00	1.690238e+00
7.550820093231053e-02	1.649199e+00	1.689865e+00
7.551071215324776e-02	1.649212e+00	1.689440e+00
7.551347022283908e-02	1.649225e+00	1.688975e+00
7.551654184011246e-02	1.649239e+00	1.688456e+00
7.552066409035781e-02	1.649256e+00	1.687760e+00
7.552573215404625e-02	1.649278e+00	1.686905e+00
7.553160554002604e-02	1.649304e+00	1.685915e+00
7.554335231198565e-02	1.649355e+00	1.683935e+00
7.581677889268472e-02	1.650519e+00	1.638591e+00
7.599999990000000e-02	1.651281e+00	1.608767e+00
7.600000090000000e-02	1.651281e+00	1.608767e+00
7.600016465999998e-02	1.651282e+00	1.608795e+00
7.600032849999996e-02	1.651283e+00	1.608822e+00
7.600065617999995e-02	1.651284e+00	1.608878e+00
7.600131153999988e-02	1.651286e+00	1.608989e+00
7.600262225999976e-02	1.651287e+00	1.609210e+00
7.600461327822808e-02	1.651284e+00	1.609547e+00
7.600651069116809e-02	1.651277e+00	1.609868e+00
7.600905275610438e-02	1.651264e+00	1.610297e+00
7.601142556667752e-02	1.651251e+00	1.610698e+00
7.601435978850472e-02	1.651237e+00	1.611194e+00
7.601750101596512e-02	1.651224e+00	1.611724e+00
7.602294327635885e-02	1.651201e+00	1.612643e+00
7.602895459406987e-02	1.651175e+00	1.613657e+00
7.603583888741763e-02	1.651145e+00	1.614817e+00
7.627235603302951e-02	1.650136e+00	1.654098e+00
7.650000090000000e-02	1.649185e+00	1.691251e+00
7.650000190000000e-02	1.649185e+00	1.691251e+00
7.650016565999998e-02	1.649185e+00	1.691224e+00
7.650032949999996e-02	1.649184e+00	1.691196e+00
7.650065717999995e-02	1.649183e+00	1.691140e+00
7.650131253999988e-02	1.649181e+00	1.691030e+00
7.650423971819209e-02	1.649181e+00	1.690535e+00
7.650599411870550e-02	1.649187e+00	1.690238e+00
7.650820093915688e-02	1.649199e+00	1.689865e+00
7.651071215635316e-02	1.649212e+00	1.689441e+00
7.651347022393011e-02	1.649225e+00	1.688975e+00
7.651654184017678e-02	1.649239e+00	1.688456e+00
7.652066409249818e-02	1.649256e+00	1.687760e+00
7.652573215585834e-02	1.649278e+00	1.686905e+00
7.653160554128301e-02	1.649304e+00	1.685915e+00
7.654335231213234e-02	1.649355e+00	1.683936e+00
7.681677863319694e-02	1.650519e+00	1.638591e+00
7.699999990000000e-02	1.651281e+00	1.608767e+00
7.700000090000000e-02	1.651281e+00	1.608767e+00
7.700016465999998e-02	1.651282e+00	1.608795e+00
7.700032849999996e-02	1.651283e+00	1.608823e+00
7.700065617999993e-02	1.651284e+00	1.608878e+00
7.700131153999988e-02	1.651286e+00	1.608989e+00
7.700262225999975e-02	1.651287e+00	1.609211e+00
7.700461327485794e-02	1.651284e+00	1.609547e+00
7.700651068468863e-02	1.651277e+00	1.609868e+00
7.700905274276278e-02	1.651264e+00	1.610298e+00
7.701142554866981e-02	1.651251e+00	1.610698e+00
7.701435976024991e-02	1.651237e+00	1.611194e+00
7.701750097934094e-02	1.651224e+00	1.611724e+00
7.702294318376074e-02	1.651201e+00	1.612643e+00
7.702895454493300e-02	1.651175e+00	1.613657e+00
7.703583874192559e-02	1.651145e+00	1.614817e+00
7.735000027168147e-02	1.649808e+00	1.666890e+00
7.750000090000000e-02	1.649185e+00	1.691250e+00
7.750000190000000e-02	1.649185e+00	1.691250e+00
7.750016565999998e-02	1.649185e+00	1.691223e+00
7.750032949999996e-02	1.649184e+00	1.691195e+00
7.750065717999993e-02	1.649183e+00	1.691139e+00
7.750131253999988e-02	1.649181e+00	1.691029e+00
7.750424063705344e-02	1.649181e+00	1.690534e+00
7.750599376706328e-02	1.649187e+00	1.690237e+00
7.750819616058788e-02	1.649199e+00	1.689865e+00
7.751071911062778e-02	1.649212e+00	1.689439e+00
7.751348082850852e-02	1.649225e+00	1.688972e+00
7.751655802051366e-02	1.649239e+00	1.688452e+00
7.752067230626163e-02	1.649256e+00	1.687758e+00
7.752574476415361e-02	1.649278e+00	1.686902e+00
7.753161873036310e-02	1.649304e+00	1.685912e+00
7.754336666278207e-02	1.649355e+00	1.683932e+00
7.781651879542029e-02	1.650518e+00	1.638632e+00
7.799999990000001e-02	1.651281e+00	1.608766e+00
7.800000090000000e-02	1.651281e+00	1.608766e+00
7.800016465999998e-02	1.651282e+00	1.608794e+00
7.800032849999997e-02	1.651283e+00	1.608822e+00
7.800065617999993e-02	1.651284e+00	1.608877e+00
7.800131153999988e-02	1.651286e+00	1.608988e+00
7.800262225999975e-02	1.651287e+00	1.609210e+00
7.800461329105281e-02	1.651285e+00	1.609546e+00
7.800651071098735e-02	1.651277e+00	1.609867e+00
7.800905279909810e-02	1.651264e+00	1.610297e+00
7.801142562548846e-02	1.651251e+00	1.610698e+00
7.801435988273300e-02	1.651237e+00	1.611193e+00
7.801750113824168e-02	1.651224e+00	1.611724e+00
7.802294357074649e-02	1.651201e+00	1.612642e+00
7.802895475536528e-02	1.651175e+00	1.613656e+00
7.803583935569250e-02	1.651145e+00	1.614817e+00
7.827236776683888e-02	1.650136e+00	1.654099e+00
7.850000090000001e-02	1.649185e+00	1.691251e+00
7.850000190000000e-02	1.649185e+00	1.691251e+00
7.850016565999998e-02	1.649185e+00	1.691223e+00
7.850032949999997e-02	1.649184e+00	1.691195e+00
7.850065717999993e-02	1.649183e+00	1.691140e+00
7.850131253999988e-02	1.649181e+00	1.691029e+00
7.850423970015552e-02	1.649181e+00	1.690534e+00
7.850599411130486e-02	1.649187e+00	1.690237e+00
7.850820091857107e-02	1.649199e+00	1.689864e+00
7.851071214946116e-02	1.649212e+00	1.689440e+00
7.851347022134307e-02	1.649225e+00	1.688974e+00
7.851654184125632e-02	1.649239e+00	1.688455e+00
7.852066408060340e-02	1.649256e+00	1.687760e+00
7.852573214155355e-02	1.649278e+00	1.686904e+00
7.853160552147502e-02	1.649304e+00	1.685914e+00
7.854335228131797e-02	1.649355e+00	1.683935e+00
7.881677907296039e-02	1.650519e+00	1.638590e+00
7.899999990000001e-02	1.651281e+00	1.608767e+00
7.900000090000001e-02	1.651281e+00	1.608767e+00
7.900016465999998e-02	1.651282e+00	1.608794e+00
7.900032849999997e-02	1.651283e+00	1.608822e+00
7.900065617999993e-02	1.651284e+00	1.608878e+00
7.900131153999988e-02	1.651286e+00	1.608988e+00
7.900262225999975e-02	1.651287e+00	1.609210e+00
7.900461328740639e-02	1.651284e+00	1.609547e+00
7.900651070587242e-02	1.651277e+00	1.609867e+00
7.900905278873657e-02	1.651264e+00	1.610297e+00
7.901142561076409e-02	1.651251e+00	1.610698e+00
7.901435985733532e-02	1.651237e+00	1.611193e+00
7.901750110473663e-02	1.651224e+00	1.611724e+00
7.902294349791214e-02	1.651201e+00	1.612642e+00
7.902895471589730e-02	1.651175e+00	1.613656e+00
7.903583923834410e-02	1.651145e+00	1.614817e+00
7.927236458498331e-02	1.650136e+00	1.654099e+00
7.950000090000001e-02	1.649185e+00	1.691251e+00
7.950000190000001e-02	1.649185e+00	1.691251e+00
7.950016565999998e-02	1.649185e+00	1.691223e+00
7.950032949999997e-02	1.649184e+00	1.691195e+00
7.950065717999993e-02	1.649183e+00	1.691140e+00
7.950131253999988e-02	1.649181e+00	1.691029e+00
7.950423970684249e-02	1.649181e+00	1.690534e+00
7.950599411422511e-02	1.649187e+00	1.690238e+00
7.950820092670315e-02	1.649199e+00	1.689865e+00
7.951071215275519e-02	1.649212e+00	1.689440e+00
7.951347022283586e-02	1.649225e+00	1.688974e+00
7.951654184141813e-02	1.649239e+00	1.688456e+00
7.952066408650742e-02	1.649256e+00	1.687760e+00
7.952573214799306e-02	1.649278e+00	1.686905e+00
7.953160553049657e-02	1.649304e+00	1.685914e+00
7.954335229550359e-02	1.649355e+00	1.683935e+00
7.981677907223902e-02	1.650519e+00	1.638590e+00
7.999999989999999e-02	1.651281e+00	1.608767e+00
8.000000090000001e-02	1.651281e+00	1.608767e+00
8.000016465999998e-02	1.651282e+00	1.608795e+00
8.000032849999997e-02	1.651283e+00	1.608822e+00
8.000065617999993e-02	1.651284e+00	1.608878e+00
8.000131153999988e-02	1.651286e+00	1.608989e+00
8.000262225999975e-02	1.651287e+00	1.609210e+00
8.000461328295486e-02	1.651284e+00	1.609547e+00
8.000651069824924e-02	1.651277e+00	1.609868e+00
8.000905277228991e-02	1.651264e+00	1.610297e+00
8.001142558882966e-02	1.651251e+00	1.610698e+00
8.001435982286341e-02	1.651237e+00	1.611194e+00
8.001750106043365e-02	1.651224e+00	1.611724e+00
8.002294338024335e-02	1.651201e+00	1.612643e+00
8.002895464912596e-02	1.651175e+00	1.613657e+00
8.003583904936032e-02	1.651145e+00	1.614817e+00
8.027236039401561e-02	1.650136e+00	1.654099e+00
8.050000089999999e-02	1.649185e+00	1.691251e+00
8.050000190000001e-02	1.649185e+00	1.691251e+00
8.050016565999998e-02	1.649185e+00	1.691223e+00
8.050032949999997e-02	1.649184e+00	1.691196e+00
8.050065717999993e-02	1.649183e+00	1.691140e+00
8.050131253999988e-02	1.649181e+00	1.691029e+00
8.050423971234506e-02	1.649181e+00	1.690534e+00
8.050599411645910e-02	1.649187e+00	1.690238e+00
8.050820093232479e-02	1.649199e+00	1.689865e+00
8.051071215375497e-02	1.649212e+00	1.689440e+00
8.051347022351923e-02	1.649225e+00	1.688975e+00
8.051654184118016e-02	1.649239e+00	1.688456e+00
8.052066408965103e-02	1.649256e+00	1.687760e+00
8.052573215222826e-02	1.649278e+00	1.686905e+00
8.053160553689302e-02	1.649304e+00	1.685915e+00
8.054335230622257e-02	1.649355e+00	1.683935e+00
8.081677905273543e-02	1.650519e+00	1.638590e+00
8.099999989999999e-02	1.651281e+00	1.608767e+00
8.100000089999999e-02	1.651281e+00	1.608767e+00
8.100016465999998e-02	1.651282e+00	1.608795e+00
8.100032849999997e-02	1.651283e+00	1.608822e+00
8.100065617999994e-02	1.651284e+00	1.608878e+00
8.100131153999988e-02	1.651286e+00	1.608989e+00
8.100262225999975e-02	1.651287e+00	1.609210e+00
8.100461327753550e-02	1.651284e+00	1.609547e+00
8.100651069075128e-02	1.651277e+00	1.609868e+00
8.100905275532173e-02	1.651264e+00	1.610297e+00
8.101142556668214e-02	1.651251e+00	1.610698e+00
8.101435978912550e-02	1.651237e+00	1.611194e+00
8.101750101701119e-02	1.651224e+00	1.611724e+00
8.102294327499575e-02	1.651201e+00	1.612643e+00
8.102895459313483e-02	1.651175e+00	1.613657e+00
8.103583889000841e-02	1.651145e+00	1.614817e+00
8.127235701408202e-02	1.650136e+00	1.654098e+00
8.150000089999999e-02	1.649185e+00	1.691251e+00
8.150000189999999e-02	1.649185e+00	1.691251e+00
8.150016565999998e-02	1.649185e+00	1.691224e+00
8.150032949999997e-02	1.649184e+00	1.691196e+00
8.150065717999994e-02	1.649183e+00	1.691140e+00
8.150131253999988e-02	1.649181e+00	1.691030e+00
8.150423971737548e-02	1.649181e+00	1.690535e+00
8.150599411843328e-02	1.649187e+00	1.690238e+00
8.150820093821244e-02	1.649199e+00	1.689865e+00
8.151071215616652e-02	1.649212e+00	1.689441e+00
8.151347022400685e-02	1.649225e+00	1.688975e+00
8.151654184036924e-02	1.649239e+00	1.688456e+00
8.152066409251038e-02	1.649256e+00	1.687760e+00
8.152573215656811e-02	1.649278e+00	1.686905e+00
8.153160554364837e-02	1.649304e+00	1.685915e+00
8.154335231780888e-02	1.649355e+00	1.683936e+00
8.181677885340045e-02	1.650519e+00	1.638591e+00
8.199999990000000e-02	1.651281e+00	1.608767e+00
8.200000089999999e-02	1.651281e+00	1.608767e+00
8.200016465999999e-02	1.651282e+00	1.608795e+00
8.200032849999997e-02	1.651283e+00	1.608823e+00
8.200065617999994e-02	1.651284e+00	1.608878e+00
8.200131153999987e-02	1.651286e+00	1.608989e+00
8.200262225999976e-02	1.651287e+00	1.609211e+00
8.200461327434874e-02	1.651284e+00	1.609547e+00
8.200651068460472e-02	1.651277e+00	1.609868e+00
8.200905274212779e-02	1.651264e+00	1.610298e+00
8.201142554816601e-02	1.651251e+00	1.610698e+00
8.201435975933993e-02	1.651237e+00	1.611194e+00
8.201750097846421e-02	1.651224e+00	1.611724e+00
8.202294317885722e-02	1.651201e+00	1.612643e+00
8.202895453660786e-02	1.651175e+00	1.613657e+00
8.203583873092420e-02	1.651145e+00	1.614817e+00
8.235000027168148e-02	1.649808e+00	1.666890e+00
8.250000090000000e-02	1.649185e+00	1.691250e+00
8.250000189999999e-02	1.649185e+00	1.691250e+00
8.250016565999999e-02	1.649185e+00	1.691223e+00
8.250032949999997e-02	1.649184e+00	1.691195e+00
8.250065717999994e-02	1.649183e+00	1.691139e+00
8.250131253999987e-02	1.649181e+00	1.691029e+00
8.250424063636343e-02	1.649181e+00	1.690534e+00
8.250599376682111e-02	1.649187e+00	1.690237e+00
8.250819615977753e-02	1.649199e+00	1.689865e+00
8.251071911040984e-02	1.649212e+00	1.689439e+00
8.251348082910205e-02	1.649225e+00	1.688972e+00
8.251655802175004e-02	1.649239e+00	1.688452e+00
8.252067230646351e-02	1.649256e+00	1.687758e+00
8.252574476333926e-02	1.649278e+00	1.686902e+00
8.253161872871656e-02	1.649304e+00	1.685912e+00
8.254336665947117e-02	1.649355e+00	1.683932e+00
8.281651888163079e-02	1.650518e+00	1.638632e+00
8.299999990000000e-02	1.651281e+00	1.608766e+00
8.300000090000000e-02	1.651281e+00	1.608766e+00
8.300016465999999e-02	1.651282e+00	1.608794e+00
8.300032849999997e-02	1.651283e+00	1.608822e+00
8.300065617999994e-02	1.651284e+00	1.608877e+00
8.300131153999987e-02	1.651286e+00	1.608988e+00
8.300262225999976e-02	1.651287e+00	1.609210e+00
8.300461329130869e-02	1.651285e+00	1.609546e+00
8.300651071132494e-02	1.651277e+00	1.609867e+00
8.300905279936399e-02	1.651264e+00	1.610297e+00
8.301142562538440e-02	1.651251e+00	1.610698e+00
8.301435988144734e-02	1.651237e+00	1.611193e+00
8.301750113641064e-02	1.651224e+00	1.611724e+00
8.302294356845927e-02	1.651201e+00	1.612642e+00
8.302895474962076e-02	1.651175e+00	1.613656e+00
8.303583934535440e-02	1.651145e+00	1.614817e+00
8.327236680792661e-02	1.650136e+00	1.654099e+00
8.350000090000000e-02	1.649185e+00	1.691251e+00
8.350000190000000e-02	1.649185e+00	1.691251e+00
8.350016565999999e-02	1.649185e+00	1.691223e+00
8.350032949999997e-02	1.649184e+00	1.691195e+00
8.350065717999994e-02	1.649183e+00	1.691140e+00
8.350131253999987e-02	1.649181e+00	1.691029e+00
8.350423970039729e-02	1.649181e+00	1.690534e+00
8.350599411124164e-02	1.649187e+00	1.690237e+00
8.350820091925500e-02	1.649199e+00	1.689864e+00
8.351071215007844e-02	1.649212e+00	1.689440e+00
8.351347022142983e-02	1.649225e+00	1.688974e+00
8.351654184129466e-02	1.649239e+00	1.688455e+00
8.352066408071500e-02	1.649256e+00	1.687760e+00
8.352573214059458e-02	1.649278e+00	1.686904e+00
8.353160551919925e-02	1.649304e+00	1.685914e+00
8.354335227640858e-02	1.649355e+00	1.683935e+00
8.381677897995861e-02	1.650519e+00	1.638590e+00
8.399999990000000e-02	1.651281e+00	1.608767e+00
8.400000090000000e-02	1.651281e+00	1.608767e+00
8.400016465999999e-02	1.651282e+00	1.608794e+00
8.400032849999997e-02	1.651283e+00	1.608822e+00
8.400065617999994e-02	1.651284e+00	1.608878e+00
8.400131153999987e-02	1.651286e+00	1.608988e+00
8.400262225999976e-02	1.651287e+00	1.609210e+00
8.400461328798801e-02	1.651284e+00	1.609547e+00
8.400651070634760e-02	1.651277e+00	1.609867e+00
8.400905278939118e-02	1.651264e+00	1.610297e+00
8.401142561168565e-02	1.651251e+00	1.610698e+00
8.401435985933942e-02	1.651237e+00	1.611193e+00
8.401750110750551e-02	1.651224e+00	1.611724e+00
8.402294349978055e-02	1.651201e+00	1.612642e+00
8.402895471545811e-02	1.651175e+00	1.613656e+00
8.403583924154227e-02	1.651145e+00	1.614817e+00
8.427236551295927e-02	1.650136e+00	1.654099e+00
8.450000090000000e-02	1.649185e+00	1.691251e+00
8.450000190000000e-02	1.649185e+00	1.691251e+00
8.450016565999999e-02	1.649185e+00	1.691223e+00
8.450032949999997e-02	1.649184e+00	1.691195e+00
8.450065717999994e-02	1.649183e+00	1.691140e+00
8.450131253999987e-02	1.649181e+00	1.691029e+00
8.450423970667401e-02	1.649181e+00	1.690534e+00
8.450599411384067e-02	1.649187e+00	1.690238e+00
8.450820092617675e-02	1.649199e+00	1.689865e+00
8.451071215231958e-02	1.649212e+00	1.689440e+00
8.451347022277866e-02	1.649225e+00	1.688974e+00
8.451654184159227e-02	1.649239e+00	1.688456e+00
8.452066408612167e-02	1.649256e+00	1.687760e+00
8.452573214731748e-02	1.649278e+00	1.686905e+00
8.453160552823751e-02	1.649304e+00	1.685914e+00
8.454335229007756e-02	1.649355e+00	1.683935e+00
8.481677910774230e-02	1.650519e+00	1.638590e+00
8.499999990000000e-02	1.651281e+00	1.608767e+00
8.500000090000000e-02	1.651281e+00	1.608767e+00
8.500016465999995e-02	1.651282e+00	1.608795e+00
8.500032849999990e-02	1.651283e+00	1.608822e+00
8.500065617999980e-02	1.651284e+00	1.608878e+00
8.500131153999960e-02	1.651286e+00	1.608989e+00
8.500262225999919e-02	1.651287e+00	1.609210e+00
8.500461328348070e-02	1.651284e+00	1.609547e+00
8.500651069825674e-02	1.651277e+00	1.609868e+00
8.500905277199843e-02	1.651264e+00	1.610297e+00
8.501142558832314e-02	1.651251e+00	1.610698e+00
8.501435982238865e-02	1.651237e+00	1.611194e+00
8.501750105983448e-02	1.651224e+00	1.611724e+00
8.502294337864279e-02	1.651201e+00	1.612643e+00
8.502895464452329e-02	1.651175e+00	1.613657e+00
8.503583904875202e-02	1.651145e+00	1.614817e+00
8.527236052961354e-02	1.650136e+00	1.654099e+00
8.550000090000000e-02	1.649185e+00	1.691251e+00
8.550000190000000e-02	1.649185e+00	1.691251e+00
8.550016565999999e-02	1.649185e+00	1.691223e+00
8.550032949999997e-02	1.649184e+00	1.691196e+00
8.550065717999994e-02	1.649183e+00	1.691140e+00
8.550131253999987e-02	1.649181e+00	1.691029e+00
8.550423971221612e-02	1.649181e+00	1.690534e+00
8.550599411645023e-02	1.649187e+00	1.690238e+00
8.550820093240642e-02	1.649199e+00	1.689865e+00
8.551071215344226e-02	1.649212e+00	1.689440e+00
8.551347022289016e-02	1.649225e+00	1.688975e+00
8.551654184014877e-02	1.649239e+00	1.688456e+00
8.552066408985121e-02	1.649256e+00	1.687760e+00
8.552573215230584e-02	1.649278e+00	1.686905e+00
8.553160553732279e-02	1.649304e+00	1.685915e+00
8.554335230735673e-02	1.649355e+00	1.683935e+00
8.581677901143615e-02	1.650519e+00	1.638590e+00
8.599999990000000e-02	1.651281e+00	1.608767e+00
8.600000090000000e-02	1.651281e+00	1.608767e+00
8.600016465999999e-02	1.651282e+00	1.608795e+00
8.600032849999997e-02	1.651283e+00	1.608822e+00
8.600065617999994e-02	1.651284e+00	1.608878e+00
8.600131153999988e-02	1.651286e+00	1.608989e+00
8.600262225999976e-02	1.651287e+00	1.609210e+00
8.600461327810571e-02	1.651284e+00	1.609547e+00
8.600651069098518e-02	1.651277e+00	1.609868e+00
8.600905275588742e-02	1.651264e+00	1.610297e+00
8.601142556708634e-02	1.651251e+00	1.610698e+00
8.601435978884286e-02	1.651237e+00	1.611194e+00
8.601750101664216e-02	1.651224e+00	1.611724e+00
8.602294327280743e-02	1.651201e+00	1.612643e+00
8.602895458711152e-02	1.651175e+00	1.613657e+00
8.603583888231484e-02	1.651145e+00	1.614817e+00
8.627235695892481e-02	1.650136e+00	1.654098e+00
8.650000090000000e-02	1.649185e+00	1.691251e+00
8.650000190000000e-02	1.649185e+00	1.691251e+00
8.650016565999999e-02	1.649185e+00	1.691224e+00
8.650032949999997e-02	1.649184e+00	1.691196e+00
8.650065717999994e-02	1.649183e+00	1.691140e+00
8.650131253999988e-02	1.649181e+00	1.691030e+00
8.650423971771166e-02	1.649181e+00	1.690535e+00
8.650599411854590e-02	1.649187e+00	1.690238e+00
8.650820093846552e-02	1.649199e+00	1.689865e+00
8.651071215571139e-02	1.649212e+00	1.689441e+00
8.651347022367276e-02	1.649225e+00	1.688975e+00
8.651654183980913e-02	1.649239e+00	1.688456e+00
8.652066409252743e-02	1.649256e+00	1.687760e+00
8.652573215571638e-02	1.649278e+00	1.686905e+00
8.653160554227812e-02	1.649304e+00	1.685915e+00
8.654335231540163e-02	1.649355e+00	1.683936e+00
8.681677908495129e-02	1.650519e+00	1.638591e+00
8.699999990000000e-02	1.651281e+00	1.608767e+00
8.700000090000000e-02	1.651281e+00	1.608767e+00
8.700016465999999e-02	1.651282e+00	1.608795e+00
8.700032849999997e-02	1.651283e+00	1.608823e+00
8.700065617999994e-02	1.651284e+00	1.608878e+00
8.700131153999988e-02	1.651286e+00	1.608989e+00
8.700262225999976e-02	1.651287e+00	1.609211e+00
8.700461327436863e-02	1.651284e+00	1.609547e+00
8.700651068437913e-02	1.651277e+00	1.609868e+00
8.700905274256726e-02	1.651264e+00	1.610298e+00
8.701142554860150e-02	1.651251e+00	1.610698e+00
8.701435975925648e-02	1.651237e+00	1.611194e+00
8.701750097805219e-02	1.651224e+00	1.611724e+00
8.702294318102990e-02	1.651201e+00	1.612643e+00
8.702895453879796e-02	1.651175e+00	1.613657e+00
8.703583873688960e-02	1.651145e+00	1.614817e+00
8.735000027168147e-02	1.649808e+00	1.666890e+00
8.750000090000000e-02	1.649185e+00	1.691250e+00
8.750000190000000e-02	1.649185e+00	1.691250e+00
8.750016565999999e-02	1.649185e+00	1.691223e+00
8.750032949999997e-02	1.649184e+00	1.691195e+00
8.750065717999994e-02	1.649183e+00	1.691139e+00
8.750131253999988e-02	1.649181e+00	1.691029e+00
8.750424063694008e-02	1.649181e+00	1.690534e+00
8.750599376680214e-02	1.649187e+00	1.690237e+00
8.750819616019043e-02	1.649199e+00	1.689865e+00
8.751071911067550e-02	1.649212e+00	1.689439e+00
8.751348082903394e-02	1.649225e+00	1.688972e+00
8.751655802149327e-02	1.649239e+00	1.688452e+00
8.752067230649066e-02	1.649256e+00	1.687758e+00
8.752574476495395e-02	1.649278e+00	1.686902e+00
8.753161873199319e-02	1.649304e+00	1.685912e+00
8.754336666607165e-02	1.649355e+00	1.683932e+00
8.781651868721468e-02	1.650518e+00	1.638632e+00
8.799999990000000e-02	1.651281e+00	1.608766e+00
8.800000090000000e-02	1.651281e+00	1.608766e+00
8.800016465999999e-02	1.651282e+00	1.608794e+00
8.800032849999997e-02	1.651283e+00	1.608822e+00
8.800065617999994e-02	1.651284e+00	1.608877e+00
8.800131153999988e-02	1.651286e+00	1.608988e+00
8.800262225999976e-02	1.651287e+00	1.609210e+00
8.800461329083140e-02	1.651285e+00	1.609546e+00
8.800651071090949e-02	1.651277e+00	1.609867e+00
8.800905279946815e-02	1.651264e+00	1.610297e+00
8.801142562578518e-02	1.651251e+00	1.610698e+00
8.801435988175713e-02	1.651237e+00	1.611193e+00
8.801750113673079e-02	1.651224e+00	1.611724e+00
8.802294357034463e-02	1.651201e+00	1.612642e+00
8.802895475417070e-02	1.651175e+00	1.613656e+00
8.803583935107870e-02	1.651145e+00	1.614817e+00
8.827236769957997e-02	1.650136e+00	1.654099e+00
8.850000090000000e-02	1.649185e+00	1.691251e+00
8.850000190000000e-02	1.649185e+00	1.691251e+00
8.850016565999999e-02	1.649185e+00	1.691223e+00
8.850032949999997e-02	1.649184e+00	1.691195e+00
8.850065717999994e-02	1.649183e+00	1.691140e+00
8.850131253999988e-02	1.649181e+00	1.691029e+00
8.850423969973942e-02	1.649181e+00	1.690534e+00
8.850599411133483e-02	1.649187e+00	1.690237e+00
8.850820091822828e-02	1.649199e+00	1.689864e+00
8.851071214922956e-02	1.649212e+00	1.689440e+00
8.851347022165995e-02	1.649225e+00	1.688974e+00
8.851654184178874e-02	1.649239e+00	1.688455e+00
8.852066408136891e-02	1.649256e+00	1.687760e+00
8.852573214018655e-02	1.649278e+00	1.686904e+00
8.853160551895846e-02	1.649304e+00	1.685914e+00
8.854335227650227e-02	1.649355e+00	1.683935e+00
8.881677914733770e-02	1.650519e+00	1.638590e+00
8.899999990000000e-02	1.651281e+00	1.608767e+00
8.900000090000000e-02	1.651281e+00	1.608767e+00
8.900016465999999e-02	1.651282e+00	1.608794e+00
8.900032849999998e-02	1.651283e+00	1.608822e+00
8.900065617999994e-02	1.651284e+00	1.608878e+00
8.900131153999988e-02	1.651286e+00	1.608988e+00
8.900262225999976e-02	1.651287e+00	1.609210e+00
8.900461328794548e-02	1.651284e+00	1.609547e+00
8.900651070637229e-02	1.651277e+00	1.609867e+00
8.900905278916574e-02	1.651264e+00	1.610297e+00
8.901142561187074e-02	1.651251e+00	1.610698e+00
8.901435985985179e-02	1.651237e+00	1.611193e+00
8.901750110849535e-02	1.651224e+00	1.611724e+00
8.902294349408377e-02	1.651201e+00	1.612642e+00
8.902895471094295e-02	1.651175e+00	1.613656e+00
8.903583922657293e-02	1.651145e+00	1.614817e+00
8.927236476083543e-02	1.650136e+00	1.654099e+00
8.950000090000000e-02	1.649185e+00	1.691251e+00
8.950000190000000e-02	1.649185e+00	1.691251e+00
8.950016565999999e-02	1.649185e+00	1.691223e+00
8.950032949999998e-02	1.649184e+00	1.691195e+00
8.950065717999994e-02	1.649183e+00	1.691140e+00
8.950131253999988e-02	1.649181e+00	1.691029e+00
8.950423970609633e-02	1.649181e+00	1.690534e+00
8.950599411400430e-02	1.649187e+00	1.690238e+00
8.950820092541949e-02	1.649199e+00	1.689865e+00
8.951071215150590e-02	1.649212e+00	1.689440e+00
8.951347022190337e-02	1.649225e+00	1.688974e+00
8.951654184040560e-02	1.649239e+00	1.688456e+00
8.952066408515759e-02	1.649256e+00	1.687760e+00
8.952573214742728e-02	1.649278e+00	1.686905e+00
8.953160553048060e-02	1.649304e+00	1.685914e+00
8.954335229658725e-02	1.649355e+00	1.683935e+00
8.981677916337263e-02	1.650519e+00	1.638590e+00
8.999999990000000e-02	1.651281e+00	1.608767e+00
9.000000090000000e-02	1.651281e+00	1.608767e+00
9.000016465999998e-02	1.651282e+00	1.608795e+00
9.000032849999998e-02	1.651283e+00	1.608822e+00
9.000065617999994e-02	1.651284e+00	1.608878e+00
9.000131153999988e-02	1.651286e+00	1.608989e+00
9.000262225999976e-02	1.651287e+00	1.609210e+00
9.000461328225429e-02	1.651284e+00	1.609547e+00
9.000651069824518e-02	1.651277e+00	1.609868e+00
9.000905277112187e-02	1.651264e+00	1.610297e+00
9.001142558756639e-02	1.651251e+00	1.610698e+00
9.001435982161031e-02	1.651237e+00	1.611194e+00
9.001750105889625e-02	1.651224e+00	1.611724e+00
9.002294337853484e-02	1.651201e+00	1.612643e+00
9.002895464621249e-02	1.651175e+00	1.613657e+00
9.003583905099918e-02	1.651145e+00	1.614817e+00
9.027236084188248e-02	1.650136e+00	1.654099e+00
9.050000090000000e-02	1.649185e+00	1.691251e+00
9.050000190000000e-02	1.649185e+00	1.691251e+00
9.050016565999998e-02	1.649185e+00	1.691223e+00
9.050032949999998e-02	1.649184e+00	1.691196e+00
9.050065717999994e-02	1.649183e+00	1.691140e+00
9.050131253999988e-02	1.649181e+00	1.691029e+00
9.050423971236886e-02	1.649181e+00	1.690534e+00
9.050599411620361e-02	1.649187e+00	1.690238e+00
9.050820093280462e-02	1.649199e+00	1.689865e+00
9.051071215423229e-02	1.649212e+00	1.689440e+00
9.051347022243647e-02	1.649225e+00	1.688975e+00
9.051654183959022e-02	1.649239e+00	1.688456e+00
9.052066408801894e-02	1.649256e+00	1.687760e+00
9.052573215073574e-02	1.649278e+00	1.686905e+00
9.053160553458206e-02	1.649304e+00	1.685915e+00
9.054335230227470e-02	1.649355e+00	1.683935e+00
9.081677884733706e-02	1.650519e+00	1.638591e+00
9.099999990000000e-02	1.651281e+00	1.608767e+00
9.100000090000000e-02	1.651281e+00	1.608767e+00
9.100016465999998e-02	1.651282e+00	1.608795e+00
9.100032849999996e-02	1.651283e+00	1.608822e+00
9.100065617999994e-02	1.651284e+00	1.608878e+00
9.100131153999988e-02	1.651286e+00	1.608989e+00
9.100262225999976e-02	1.651287e+00	1.609210e+00
9.100461327784277e-02	1.651284e+00	1.609547e+00
9.100651069100402e-02	1.651277e+00	1.609868e+00
9.100905275572503e-02	1.651264e+00	1.610297e+00
9.101142556661072e-02	1.651251e+00	1.610698e+00
9.101435978873181e-02	1.651237e+00	1.611194e+00
9.101750101639160e-02	1.651224e+00	1.611724e+00
9.102294327464887e-02	1.651201e+00	1.612643e+00
9.102895459369684e-02	1.651175e+00	1.613657e+00
9.103583888554842e-02	1.651145e+00	1.614817e+00
9.127235600884620e-02	1.650136e+00	1.654098e+00
9.150000090000000e-02	1.649185e+00	1.691251e+00
9.150000190000000e-02	1.649185e+00	1.691251e+00
9.150016565999998e-02	1.649185e+00	1.691224e+00
9.150032949999996e-02	1.649184e+00	1.691196e+00
9.150065717999994e-02	1.649183e+00	1.691140e+00
9.150131253999988e-02	1.649181e+00	1.691030e+00
9.150423971738285e-02	1.649181e+00	1.690535e+00
9.150599411877816e-02	1.649187e+00	1.690238e+00
9.150820093810248e-02	1.649199e+00	1.689865e+00
9.151071215511301e-02	1.649212e+00	1.689441e+00
9.151347022292644e-02	1.649225e+00	1.688975e+00
9.151654183863714e-02	1.649239e+00	1.688456e+00
9.152066409170145e-02	1.649256e+00	1.687760e+00
9.152573215789632e-02	1.649278e+00	1.686905e+00
9.153160554711874e-02	1.649304e+00	1.685915e+00
9.154335232556360e-02	1.649355e+00	1.683936e+00
9.181677863318516e-02	1.650519e+00	1.638591e+00
9.199999990000000e-02	1.651281e+00	1.608767e+00
9.200000090000000e-02	1.651281e+00	1.608767e+00
9.200016465999998e-02	1.651282e+00	1.608795e+00
9.200032849999996e-02	1.651283e+00	1.608823e+00
9.200065617999995e-02	1.651284e+00	1.608878e+00
9.200131153999988e-02	1.651286e+00	1.608989e+00
9.200262225999975e-02	1.651287e+00	1.609211e+00
9.200461327428791e-02	1.651284e+00	1.609547e+00
9.200651068444318e-02	1.651277e+00	1.609868e+00
9.200905274209811e-02	1.651264e+00	1.610298e+00
9.201142554801225e-02	1.651251e+00	1.610698e+00
9.201435975846960e-02	1.651237e+00	1.611194e+00
9.201750097712526e-02	1.651224e+00	1.611724e+00
9.202294317941630e-02	1.651201e+00	1.612643e+00
9.202895453680851e-02	1.651175e+00	1.613657e+00
9.203583873380626e-02	1.651145e+00	1.614817e+00
9.235000027168147e-02	1.649808e+00	1.666890e+00
9.250000090000000e-02	1.649185e+00	1.691250e+00
9.250000190000000e-02	1.649185e+00	1.691250e+00
9.250016565999998e-02	1.649185e+00	1.691223e+00
9.250032949999996e-02	1.649184e+00	1.691195e+00
9.250065717999995e-02	1.649183e+00	1.691139e+00
9.250131253999988e-02	1.649181e+00	1.691029e+00
9.250424063684001e-02	1.649181e+00	1.690534e+00
9.250599376735116e-02	1.649187e+00	1.690237e+00
9.250819616028313e-02	1.649199e+00	1.689865e+00
9.251071911070169e-02	1.649212e+00	1.689439e+00
9.251348082990779e-02	1.649225e+00	1.688972e+00
9.251655802261372e-02	1.649239e+00	1.688452e+00
9.252067230861295e-02	1.649256e+00	1.687758e+00
9.252574476384445e-02	1.649278e+00	1.686902e+00
9.253161872916109e-02	1.649304e+00	1.685912e+00
9.254336665979436e-02	1.649355e+00	1.683932e+00
9.281651905724038e-02	1.650518e+00	1.638632e+00
9.299999990000000e-02	1.651281e+00	1.608766e+00
9.300000090000000e-02	1.651281e+00	1.608766e+00
9.300016465999998e-02	1.651282e+00	1.608794e+00
9.300032849999997e-02	1.651283e+00	1.608822e+00
9.300065617999993e-02	1.651284e+00	1.608877e+00
9.300131153999988e-02	1.651286e+00	1.608988e+00
9.300262225999975e-02	1.651287e+00	1.609210e+00
9.300461329091227e-02	1.651285e+00	1.609546e+00
9.300651071080024e-02	1.651277e+00	1.609867e+00
9.300905279935313e-02	1.651264e+00	1.610297e+00
9.301142562574546e-02	1.651251e+00	1.610698e+00
9.301435988257994e-02	1.651237e+00	1.611193e+00
9.301750113798235e-02	1.651224e+00	1.611724e+00
9.302294357275762e-02	1.651201e+00	1.612642e+00
9.302895475842005e-02	1.651175e+00	1.613656e+00
9.303583935668114e-02	1.651145e+00	1.614817e+00
9.327236686929251e-02	1.650136e+00	1.654099e+00
9.350000090000000e-02	1.649185e+00	1.691251e+00
9.350000190000000e-02	1.649185e+00	1.691251e+00
9.350016565999998e-02	1.649185e+00	1.691223e+00
9.350032949999997e-02	1.649184e+00	1.691195e+00
9.350065717999993e-02	1.649183e+00	1.691140e+00
9.350131253999988e-02	1.649181e+00	1.691029e+00
9.350423970046594e-02	1.649181e+00	1.690534e+00
9.350599411118980e-02	1.649187e+00	1.690237e+00
9.350820091899094e-02	1.649199e+00	1.689864e+00
9.351071215049027e-02	1.649212e+00	1.689440e+00
9.351347022269121e-02	1.649225e+00	1.688974e+00
9.351654184334805e-02	1.649239e+00	1.688455e+00
9.352066408126332e-02	1.649256e+00	1.687760e+00
9.352573213783057e-02	1.649278e+00	1.686904e+00
9.353160551304832e-02	1.649304e+00	1.685914e+00
9.354335226348383e-02	1.649355e+00	1.683935e+00
9.381677944806213e-02	1.650519e+00	1.638590e+00
9.399999990000001e-02	1.651281e+00	1.608767e+00
9.400000090000001e-02	1.651281e+00	1.608767e+00
9.400016465999998e-02	1.651282e+00	1.608794e+00
9.400032849999997e-02	1.651283e+00	1.608822e+00
9.400065617999993e-02	1.651284e+00	1.608878e+00
9.400131153999988e-02	1.651286e+00	1.608988e+00
9.400262225999975e-02	1.651287e+00	1.609210e+00
9.400461328794175e-02	1.651284e+00	1.609547e+00
9.400651070669039e-02	1.651277e+00	1.609867e+00
9.400905278903239e-02	1.651264e+00	1.610297e+00
9.401142561093909e-02	1.651251e+00	1.610698e+00
9.401435985802681e-02	1.651237e+00	1.611193e+00
9.401750110568415e-02	1.651224e+00	1.611724e+00
9.402294349682355e-02	1.651201e+00	1.612642e+00
9.402895471089562e-02	1.651175e+00	1.613656e+00
9.403583923511398e-02	1.651145e+00	1.614817e+00
9.427236507185498e-02	1.650136e+00	1.654099e+00
9.450000090000001e-02	1.649185e+00	1.691251e+00
9.450000190000001e-02	1.649185e+00	1.691251e+00
9.450016565999998e-02	1.649185e+00	1.691223e+00
9.450032949999997e-02	1.649184e+00	1.691195e+00
9.450065717999993e-02	1.649183e+00	1.691140e+00
9.450131253999988e-02	1.649181e+00	1.691029e+00
9.450423970648895e-02	1.649181e+00	1.690534e+00
9.450599411431757e-02	1.649187e+00	1.690238e+00
9.450820092611725e-02	1.649199e+00	1.689865e+00
9.451071215236975e-02	1.649212e+00	1.689440e+00
9.451347022308605e-02	1.649225e+00	1.688974e+00
9.451654184196738e-02	1.649239e+00	1.688456e+00
9.452066408619664e-02	1.649256e+00	1.687760e+00
9.452573214701128e-02	1.649278e+00	1.686905e+00
9.453160552820380e-02	1.649304e+00	1.685914e+00
9.454335229058887e-02	1.649355e+00	1.683935e+00
9.481677909668998e-02	1.650519e+00	1.638590e+00
9.499999990000001e-02	1.651281e+00	1.608767e+00
9.500000090000001e-02	1.651281e+00	1.608767e+00
9.500016465999996e-02	1.651282e+00	1.608795e+00
9.500032849999990e-02	1.651283e+00	1.608822e+00
9.500065617999980e-02	1.651284e+00	1.608878e+00
9.500131153999959e-02	1.651286e+00	1.608989e+00
9.500262225999918e-02	1.651287e+00	1.609210e+00
9.500461328232682e-02	1.651284e+00	1.609547e+00
9.500651069796510e-02	1.651277e+00	1.609868e+00
9.500905277065705e-02	1.651264e+00	1.610297e+00
9.501142558653337e-02	1.651251e+00	1.610698e+00
9.501435982113422e-02	1.651237e+00	1.611194e+00
9.501750105836167e-02	1.651224e+00	1.611724e+00
9.502294337910759e-02	1.651201e+00	1.612643e+00
9.502895464990865e-02	1.651175e+00	1.613657e+00
9.503583905147153e-02	1.651145e+00	1.614817e+00
9.527236051542343e-02	1.650136e+00	1.654099e+00
9.550000090000001e-02	1.649185e+00	1.691251e+00
9.550000190000001e-02	1.649185e+00	1.691251e+00
9.550016565999998e-02	1.649185e+00	1.691223e+00
9.550032949999997e-02	1.649184e+00	1.691196e+00
9.550065717999993e-02	1.649183e+00	1.691140e+00
9.550131253999988e-02	1.649181e+00	1.691029e+00
9.550423971222427e-02	1.649181e+00	1.690534e+00
9.550599411647621e-02	1.649187e+00	1.690238e+00
9.550820093247772e-02	1.649199e+00	1.689865e+00
9.551071215421710e-02	1.649212e+00	1.689440e+00
9.551347022319098e-02	1.649225e+00	1.688975e+00
9.551654184063271e-02	1.649239e+00	1.688456e+00
9.552066408957779e-02	1.649256e+00	1.687760e+00
9.552573215429612e-02	1.649278e+00	1.686905e+00
9.553160554065701e-02	1.649304e+00	1.685915e+00
9.554335231337879e-02	1.649355e+00	1.683935e+00
9.581677885799789e-02	1.650519e+00	1.638591e+00
9.599999989999999e-02	1.651281e+00	1.608767e+00
9.600000089999999e-02	1.651281e+00	1.608767e+00
9.600016465999998e-02	1.651282e+00	1.608795e+00
9.600032849999997e-02	1.651283e+00	1.608822e+00
9.600065617999994e-02	1.651284e+00	1.608878e+00
9.600131153999988e-02	1.651286e+00	1.608989e+00
9.600262225999975e-02	1.651287e+00	1.609210e+00
9.600461327860861e-02	1.651284e+00	1.609547e+00
9.600651069100613e-02	1.651277e+00	1.609868e+00
9.600905275652102e-02	1.651264e+00	1.610297e+00
9.601142556764346e-02	1.651251e+00	1.610698e+00
9.601435978995966e-02	1.651237e+00	1.611194e+00
9.601750101813361e-02	1.651224e+00	1.611724e+00
9.602294327533185e-02	1.651201e+00	1.612643e+00
9.602895459419537e-02	1.651175e+00	1.613657e+00
9.603583888616420e-02	1.651145e+00	1.614817e+00
9.627235672935784e-02	1.650136e+00	1.654098e+00
9.650000089999999e-02	1.649185e+00	1.691251e+00
9.650000189999999e-02	1.649185e+00	1.691251e+00
9.650016565999998e-02	1.649185e+00	1.691224e+00
9.650032949999997e-02	1.649184e+00	1.691196e+00
9.650065717999994e-02	1.649183e+00	1.691140e+00
9.650131253999988e-02	1.649181e+00	1.691030e+00
9.650423971760289e-02	1.649181e+00	1.690535e+00
9.650599411872540e-02	1.649187e+00	1.690238e+00
9.650820093816079e-02	1.649199e+00	1.689865e+00
9.651071215555267e-02	1.649212e+00	1.689441e+00
9.651347022419730e-02	1.649225e+00	1.688975e+00
9.651654184072705e-02	1.649239e+00	1.688456e+00
9.652066409281718e-02	1.649256e+00	1.687760e+00
9.652573215684136e-02	1.649278e+00	1.686905e+00
9.653160554283660e-02	1.649304e+00	1.685915e+00
9.654335231482709e-02	1.649355e+00	1.683936e+00
9.681677872552109e-02	1.650519e+00	1.638591e+00
9.699999989999999e-02	1.651281e+00	1.608767e+00
9.700000089999999e-02	1.651281e+00	1.608767e+00
9.700016465999999e-02	1.651282e+00	1.608795e+00
9.700032849999997e-02	1.651283e+00	1.608823e+00
9.700065617999994e-02	1.651284e+00	1.608878e+00
9.700131153999988e-02	1.651286e+00	1.608989e+00
9.700262225999975e-02	1.651287e+00	1.609211e+00
9.700461327413175e-02	1.651284e+00	1.609547e+00
9.700651068447136e-02	1.651277e+00	1.609868e+00
9.700905274244599e-02	1.651264e+00	1.610298e+00
9.701142554856257e-02	1.651251e+00	1.610698e+00
9.701435975881657e-02	1.651237e+00	1.611194e+00
9.701750097729579e-02	1.651224e+00	1.611724e+00
9.702294318174665e-02	1.651201e+00	1.612643e+00
9.702895453716501e-02	1.651175e+00	1.613657e+00
9.703583873939343e-02	1.651145e+00	1.614817e+00
9.735000027168147e-02	1.649808e+00	1.666890e+00
9.750000089999999e-02	1.649185e+00	1.691250e+00
9.750000189999999e-02	1.649185e+00	1.691250e+00
9.750016565999998e-02	1.649185e+00	1.691223e+00
9.750032949999997e-02	1.649184e+00	1.691195e+00
9.750065717999994e-02	1.649183e+00	1.691139e+00
9.750131253999988e-02	1.649181e+00	1.691029e+00
9.750424063693378e-02	1.649181e+00	1.690534e+00
9.750599376694812e-02	1.649187e+00	1.690237e+00
9.750819616014804e-02	1.649199e+00	1.689865e+00
9.751071911086628e-02	1.649212e+00	1.689439e+00
9.751348082990886e-02	1.649225e+00	1.688972e+00
9.751655802240257e-02	1.649239e+00	1.688452e+00
9.752067230906641e-02	1.649256e+00	1.687758e+00
9.752574476756101e-02	1.649278e+00	1.686902e+00
9.753161873578808e-02	1.649304e+00	1.685912e+00
9.754336667224220e-02	1.649355e+00	1.683932e+00
9.781651897535189e-02	1.650518e+00	1.638632e+00
9.799999990000000e-02	1.651281e+00	1.608766e+00
9.800000089999999e-02	1.651281e+00	1.608766e+00
9.800016465999999e-02	1.651282e+00	1.608794e+00
9.800032849999997e-02	1.651283e+00	1.608822e+00
9.800065617999994e-02	1.651284e+00	1.608877e+00
9.800131153999987e-02	1.651286e+00	1.608988e+00
9.800262225999976e-02	1.651287e+00	1.609210e+00
9.800461329114755e-02	1.651285e+00	1.609546e+00
9.800651071085831e-02	1.651277e+00	1.609867e+00
9.800905279942089e-02	1.651264e+00	1.610297e+00
9.801142562637181e-02	1.651251e+00	1.610698e+00
9.801435988316594e-02	1.651237e+00	1.611193e+00
9.801750113908581e-02	1.651224e+00	1.611724e+00
9.802294356822797e-02	1.651201e+00	1.612642e+00
9.802895475243359e-02	1.651175e+00	1.613656e+00
9.803583934890535e-02	1.651145e+00	1.614817e+00
9.827236734656467e-02	1.650136e+00	1.654099e+00
9.850000090000000e-02	1.649185e+00	1.691251e+00
9.850000189999999e-02	1.649185e+00	1.691251e+00
9.850016565999999e-02	1.649185e+00	1.691223e+00
9.850032949999997e-02	1.649184e+00	1.691195e+00
9.850065717999994e-02	1.649183e+00	1.691140e+00
9.850131253999987e-02	1.649181e+00	1.691029e+00
9.850423970052551e-02	1.649181e+00	1.690534e+00
9.850599411173351e-02	1.649187e+00	1.690237e+00
9.850820091874794e-02	1.649199e+00	1.689864e+00
9.851071214889928e-02	1.649212e+00	1.689440e+00
9.851347022038633e-02	1.649225e+00	1.688974e+00
9.851654183998182e-02	1.649239e+00	1.688455e+00
9.852066407796564e-02	1.649256e+00	1.687760e+00
9.852573213470829e-02	1.649278e+00	1.686904e+00
9.853160550977523e-02	1.649304e+00	1.685914e+00
9.854335225990909e-02	1.649355e+00	1.683935e+00
9.881677931909898e-02	1.650519e+00	1.638590e+00
9.899999990000000e-02	1.651281e+00	1.608767e+00
9.900000090000000e-02	1.651281e+00	1.608767e+00
9.900016465999999e-02	1.651282e+00	1.608794e+00
9.900032849999997e-02	1.651283e+00	1.608822e+00
9.900065617999994e-02	1.651284e+00	1.608878e+00
9.900131153999987e-02	1.651286e+00	1.608988e+00
9.900262225999976e-02	1.651287e+00	1.609210e+00
9.900461328845178e-02	1.651284e+00	1.609547e+00
9.900651070661495e-02	1.651277e+00	1.609867e+00
9.900905279001478e-02	1.651264e+00	1.610297e+00
9.901142561240997e-02	1.651251e+00	1.610698e+00
9.901435986005877e-02	1.651237e+00	1.611193e+00
9.901750110810793e-02	1.651224e+00	1.611724e+00
9.902294350181685e-02	1.651201e+00	1.612642e+00
9.902895471978579e-02	1.651175e+00	1.613656e+00
9.903583924190758e-02	1.651145e+00	1.614817e+00
9.927236436481199e-02	1.650136e+00	1.654099e+00
9.950000090000000e-02	1.649185e+00	1.691251e+00
9.950000190000000e-02	1.649185e+00	1.691251e+00
9.950016565999999e-02	1.649185e+00	1.691223e+00
9.950032949999997e-02	1.649184e+00	1.691195e+00
9.950065717999994e-02	1.649183e+00	1.691140e+00
9.950131253999987e-02	1.649181e+00	1.691029e+00
9.950423970643085e-02	1.649181e+00	1.690534e+00
9.950599411404951e-02	1.649187e+00	1.690238e+00
9.950820092598023e-02	1.649199e+00	1.689865e+00
9.951071215198665e-02	1.649212e+00	1.689440e+00
9.951347022331797e-02	1.649225e+00	1.688974e+00
9.951654184250298e-02	1.649239e+00	1.688456e+00
9.952066408678212e-02	1.649256e+00	1.687760e+00
9.952573214762236e-02	1.649278e+00	1.686905e+00
9.953160552898696e-02	1.649304e+00	1.685914e+00
9.954335229171614e-02	1.649355e+00	1.683935e+00
9.981677907362758e-02	1.650519e+00	1.638590e+00
9.999999990000000e-02	1.651281e+00	1.608767e+00