0.000000000e+00 0.000000000e+00
1.000000000e-12 3.300000000e+00
1.000000000e-10 3.300000000e+00
1.010000000e-10 0.000000000e+00
1.000000000e-06 0.000000000e+00
1.000001000e-06 3.300000000e+00
1.002099600e-06 3.300000000e+00
1.002100600e-06 0.000000000e+00
2.000000000e-06 0.000000000e+00
2.000001000e-06 3.300000000e+00
2.004099200e-06 3.300000000e+00
2.004100200e-06 0.000000000e+00
3.000000000e-06 0.000000000e+00
3.000001000e-06 3.300000000e+00
3.006098800e-06 3.300000000e+00
3.006099800e-06 0.000000000e+00
4.000000000e-06 0.000000000e+00
4.000001000e-06 3.300000000e+00
4.008098400e-06 3.300000000e+00
4.008099400e-06 0.000000000e+00
5.000000000e-06 0.000000000e+00
5.000001000e-06 3.300000000e+00
5.010098000e-06 3.300000000e+00
5.010099000e-06 0.000000000e+00
6.000000000e-06 0.000000000e+00
6.000001000e-06 3.300000000e+00
6.012097600e-06 3.300000000e+00
6.012098600e-06 0.000000000e+00
7.000000000e-06 0.000000000e+00
7.000001000e-06 3.300000000e+00
7.014097200e-06 3.300000000e+00
7.014098200e-06 0.000000000e+00
8.000000000e-06 0.000000000e+00
8.000001000e-06 3.300000000e+00
8.016096800e-06 3.300000000e+00
8.016097800e-06 0.000000000e+00
9.000000000e-06 0.000000000e+00
9.000001000e-06 3.300000000e+00
9.018096400e-06 3.300000000e+00
9.018097400e-06 0.000000000e+00
1.000000000e-05 0.000000000e+00
1.000000100e-05 3.300000000e+00
1.002009600e-05 3.300000000e+00
1.002009700e-05 0.000000000e+00
1.100000000e-05 0.000000000e+00
1.100000100e-05 3.300000000e+00
1.102209560e-05 3.300000000e+00
1.102209660e-05 0.000000000e+00
1.200000000e-05 0.000000000e+00
1.200000100e-05 3.300000000e+00
1.202409520e-05 3.300000000e+00
1.202409620e-05 0.000000000e+00
1.300000000e-05 0.000000000e+00
1.300000100e-05 3.300000000e+00
1.302609480e-05 3.300000000e+00
1.302609580e-05 0.000000000e+00
1.400000000e-05 0.000000000e+00
1.400000100e-05 3.300000000e+00
1.402809440e-05 3.300000000e+00
1.402809540e-05 0.000000000e+00
1.500000000e-05 0.000000000e+00
1.500000100e-05 3.300000000e+00
1.503009400e-05 3.300000000e+00
1.503009500e-05 0.000000000e+00
1.600000000e-05 0.000000000e+00
1.600000100e-05 3.300000000e+00
1.603209360e-05 3.300000000e+00
1.603209460e-05 0.000000000e+00
1.700000000e-05 0.000000000e+00
1.700000100e-05 3.300000000e+00
1.703409320e-05 3.300000000e+00
1.703409420e-05 0.000000000e+00
1.800000000e-05 0.000000000e+00
1.800000100e-05 3.300000000e+00
1.803609280e-05 3.300000000e+00
1.803609380e-05 0.000000000e+00
1.900000000e-05 0.000000000e+00
1.900000100e-05 3.300000000e+00
1.903809240e-05 3.300000000e+00
1.903809340e-05 0.000000000e+00
2.000000000e-05 0.000000000e+00
2.000000100e-05 3.300000000e+00
2.004009200e-05 3.300000000e+00
2.004009300e-05 0.000000000e+00
2.100000000e-05 0.000000000e+00
2.100000100e-05 3.300000000e+00
2.104209160e-05 3.300000000e+00
2.104209260e-05 0.000000000e+00
2.200000000e-05 0.000000000e+00
2.200000100e-05 3.300000000e+00
2.204409120e-05 3.300000000e+00
2.204409220e-05 0.000000000e+00
2.300000000e-05 0.000000000e+00
2.300000100e-05 3.300000000e+00
2.304609080e-05 3.300000000e+00
2.304609180e-05 0.000000000e+00
2.400000000e-05 0.000000000e+00
2.400000100e-05 3.300000000e+00
2.404809040e-05 3.300000000e+00
2.404809140e-05 0.000000000e+00
2.500000000e-05 0.000000000e+00
2.500000100e-05 3.300000000e+00
2.505009000e-05 3.300000000e+00
2.505009100e-05 0.000000000e+00
2.600000000e-05 0.000000000e+00
2.600000100e-05 3.300000000e+00
2.605208960e-05 3.300000000e+00
2.605209060e-05 0.000000000e+00
2.700000000e-05 0.000000000e+00
2.700000100e-05 3.300000000e+00
2.705408920e-05 3.300000000e+00
2.705409020e-05 0.000000000e+00
2.800000000e-05 0.000000000e+00
2.800000100e-05 3.300000000e+00
2.805608880e-05 3.300000000e+00
2.805608980e-05 0.000000000e+00
2.900000000e-05 0.000000000e+00
2.900000100e-05 3.300000000e+00
2.905808840e-05 3.300000000e+00
2.905808940e-05 0.000000000e+00
3.000000000e-05 0.000000000e+00
3.000000100e-05 3.300000000e+00
3.006008800e-05 3.300000000e+00
3.006008900e-05 0.000000000e+00
3.100000000e-05 0.000000000e+00
3.100000100e-05 3.300000000e+00
3.106208760e-05 3.300000000e+00
3.106208860e-05 0.000000000e+00
3.200000000e-05 0.000000000e+00
3.200000100e-05 3.300000000e+00
3.206408720e-05 3.300000000e+00
3.206408820e-05 0.000000000e+00
3.300000000e-05 0.000000000e+00
3.300000100e-05 3.300000000e+00
3.306608680e-05 3.300000000e+00
3.306608780e-05 0.000000000e+00
3.400000000e-05 0.000000000e+00
3.400000100e-05 3.300000000e+00
3.406808640e-05 3.300000000e+00
3.406808740e-05 0.000000000e+00
3.500000000e-05 0.000000000e+00
3.500000100e-05 3.300000000e+00
3.507008600e-05 3.300000000e+00
3.507008700e-05 0.000000000e+00
3.600000000e-05 0.000000000e+00
3.600000100e-05 3.300000000e+00
3.607208560e-05 3.300000000e+00
3.607208660e-05 0.000000000e+00
3.700000000e-05 0.000000000e+00
3.700000100e-05 3.300000000e+00
3.707408520e-05 3.300000000e+00
3.707408620e-05 0.000000000e+00
3.800000000e-05 0.000000000e+00
3.800000100e-05 3.300000000e+00
3.807608480e-05 3.300000000e+00
3.807608580e-05 0.000000000e+00
3.900000000e-05 0.000000000e+00
3.900000100e-05 3.300000000e+00
3.907808440e-05 3.300000000e+00
3.907808540e-05 0.000000000e+00
4.000000000e-05 0.000000000e+00
4.000000100e-05 3.300000000e+00
4.008008400e-05 3.300000000e+00
4.008008500e-05 0.000000000e+00
4.100000000e-05 0.000000000e+00
4.100000100e-05 3.300000000e+00
4.108208360e-05 3.300000000e+00
4.108208460e-05 0.000000000e+00
4.200000000e-05 0.000000000e+00
4.200000100e-05 3.300000000e+00
4.208408320e-05 3.300000000e+00
4.208408420e-05 0.000000000e+00
4.300000000e-05 0.000000000e+00
4.300000100e-05 3.300000000e+00
4.308608280e-05 3.300000000e+00
4.308608380e-05 0.000000000e+00
4.400000000e-05 0.000000000e+00
4.400000100e-05 3.300000000e+00
4.408808240e-05 3.300000000e+00
4.408808340e-05 0.000000000e+00
4.500000000e-05 0.000000000e+00
4.500000100e-05 3.300000000e+00
4.509008200e-05 3.300000000e+00
4.509008300e-05 0.000000000e+00
4.600000000e-05 0.000000000e+00
4.600000100e-05 3.300000000e+00
4.609208160e-05 3.300000000e+00
4.609208260e-05 0.000000000e+00
4.700000000e-05 0.000000000e+00
4.700000100e-05 3.300000000e+00
4.709408120e-05 3.300000000e+00
4.709408220e-05 0.000000000e+00
4.800000000e-05 0.000000000e+00
4.800000100e-05 3.300000000e+00
4.809608080e-05 3.300000000e+00
4.809608180e-05 0.000000000e+00
4.900000000e-05 0.000000000e+00
4.900000100e-05 3.300000000e+00
4.909808040e-05 3.300000000e+00
4.909808140e-05 0.000000000e+00
5.000000000e-05 0.000000000e+00
5.000000100e-05 3.300000000e+00
5.010008000e-05 3.300000000e+00
5.010008100e-05 0.000000000e+00
5.100000000e-05 0.000000000e+00
5.100000100e-05 3.300000000e+00
5.110207960e-05 3.300000000e+00
5.110208060e-05 0.000000000e+00
5.200000000e-05 0.000000000e+00
5.200000100e-05 3.300000000e+00
5.210407920e-05 3.300000000e+00
5.210408020e-05 0.000000000e+00
5.300000000e-05 0.000000000e+00
5.300000100e-05 3.300000000e+00
5.310607880e-05 3.300000000e+00
5.310607980e-05 0.000000000e+00
5.400000000e-05 0.000000000e+00
5.400000100e-05 3.300000000e+00
5.410807840e-05 3.300000000e+00
5.410807940e-05 0.000000000e+00
5.500000000e-05 0.000000000e+00
5.500000100e-05 3.300000000e+00
5.511007800e-05 3.300000000e+00
5.511007900e-05 0.000000000e+00
5.600000000e-05 0.000000000e+00
5.600000100e-05 3.300000000e+00
5.611207760e-05 3.300000000e+00
5.611207860e-05 0.000000000e+00
5.700000000e-05 0.000000000e+00
5.700000100e-05 3.300000000e+00
5.711407720e-05 3.300000000e+00
5.711407820e-05 0.000000000e+00
5.800000000e-05 0.000000000e+00
5.800000100e-05 3.300000000e+00
5.811607680e-05 3.300000000e+00
5.811607780e-05 0.000000000e+00
5.900000000e-05 0.000000000e+00
5.900000100e-05 3.300000000e+00
5.911807640e-05 3.300000000e+00
5.911807740e-05 0.000000000e+00
6.000000000e-05 0.000000000e+00
6.000000100e-05 3.300000000e+00
6.012007600e-05 3.300000000e+00
6.012007700e-05 0.000000000e+00
6.100000000e-05 0.000000000e+00
6.100000100e-05 3.300000000e+00
6.112207560e-05 3.300000000e+00
6.112207660e-05 0.000000000e+00
6.200000000e-05 0.000000000e+00
6.200000100e-05 3.300000000e+00
6.212407520e-05 3.300000000e+00
6.212407620e-05 0.000000000e+00
6.300000000e-05 0.000000000e+00
6.300000100e-05 3.300000000e+00
6.312607480e-05 3.300000000e+00
6.312607580e-05 0.000000000e+00
6.400000000e-05 0.000000000e+00
6.400000100e-05 3.300000000e+00
6.412807440e-05 3.300000000e+00
6.412807540e-05 0.000000000e+00
6.500000000e-05 0.000000000e+00
6.500000100e-05 3.300000000e+00
6.513007400e-05 3.300000000e+00
6.513007500e-05 0.000000000e+00
6.600000000e-05 0.000000000e+00
6.600000100e-05 3.300000000e+00
6.613207360e-05 3.300000000e+00
6.613207460e-05 0.000000000e+00
6.700000000e-05 0.000000000e+00
6.700000100e-05 3.300000000e+00
6.713407320e-05 3.300000000e+00
6.713407420e-05 0.000000000e+00
6.800000000e-05 0.000000000e+00
6.800000100e-05 3.300000000e+00
6.813607280e-05 3.300000000e+00
6.813607380e-05 0.000000000e+00
6.900000000e-05 0.000000000e+00
6.900000100e-05 3.300000000e+00
6.913807240e-05 3.300000000e+00
6.913807340e-05 0.000000000e+00
7.000000000e-05 0.000000000e+00
7.000000100e-05 3.300000000e+00
7.014007200e-05 3.300000000e+00
7.014007300e-05 0.000000000e+00
7.100000000e-05 0.000000000e+00
7.100000100e-05 3.300000000e+00
7.114207160e-05 3.300000000e+00
7.114207260e-05 0.000000000e+00
7.200000000e-05 0.000000000e+00
7.200000100e-05 3.300000000e+00
7.214407120e-05 3.300000000e+00
7.214407220e-05 0.000000000e+00
7.300000000e-05 0.000000000e+00
7.300000100e-05 3.300000000e+00
7.314607080e-05 3.300000000e+00
7.314607180e-05 0.000000000e+00
7.400000000e-05 0.000000000e+00
7.400000100e-05 3.300000000e+00
7.414807040e-05 3.300000000e+00
7.414807140e-05 0.000000000e+00
7.500000000e-05 0.000000000e+00
7.500000100e-05 3.300000000e+00
7.515007000e-05 3.300000000e+00
7.515007100e-05 0.000000000e+00
7.600000000e-05 0.000000000e+00
7.600000100e-05 3.300000000e+00
7.615206960e-05 3.300000000e+00
7.615207060e-05 0.000000000e+00
7.700000000e-05 0.000000000e+00
7.700000100e-05 3.300000000e+00
7.715406920e-05 3.300000000e+00
7.715407020e-05 0.000000000e+00
7.800000000e-05 0.000000000e+00
7.800000100e-05 3.300000000e+00
7.815606880e-05 3.300000000e+00
7.815606980e-05 0.000000000e+00
7.900000000e-05 0.000000000e+00
7.900000100e-05 3.300000000e+00
7.915806840e-05 3.300000000e+00
7.915806940e-05 0.000000000e+00
8.000000000e-05 0.000000000e+00
8.000000100e-05 3.300000000e+00
8.016006800e-05 3.300000000e+00
8.016006900e-05 0.000000000e+00
8.100000000e-05 0.000000000e+00
8.100000100e-05 3.300000000e+00
8.116206760e-05 3.300000000e+00
8.116206860e-05 0.000000000e+00
8.200000000e-05 0.000000000e+00
8.200000100e-05 3.300000000e+00
8.216406720e-05 3.300000000e+00
8.216406820e-05 0.000000000e+00
8.300000000e-05 0.000000000e+00
8.300000100e-05 3.300000000e+00
8.316606680e-05 3.300000000e+00
8.316606780e-05 0.000000000e+00
8.400000000e-05 0.000000000e+00
8.400000100e-05 3.300000000e+00
8.416806640e-05 3.300000000e+00
8.416806740e-05 0.000000000e+00
8.500000000e-05 0.000000000e+00
8.500000100e-05 3.300000000e+00
8.517006600e-05 3.300000000e+00
8.517006700e-05 0.000000000e+00
8.600000000e-05 0.000000000e+00
8.600000100e-05 3.300000000e+00
8.617206560e-05 3.300000000e+00
8.617206660e-05 0.000000000e+00
8.700000000e-05 0.000000000e+00
8.700000100e-05 3.300000000e+00
8.717406520e-05 3.300000000e+00
8.717406620e-05 0.000000000e+00
8.800000000e-05 0.000000000e+00
8.800000100e-05 3.300000000e+00
8.817606480e-05 3.300000000e+00
8.817606580e-05 0.000000000e+00
8.900000000e-05 0.000000000e+00
8.900000100e-05 3.300000000e+00
8.917806440e-05 3.300000000e+00
8.917806540e-05 0.000000000e+00
9.000000000e-05 0.000000000e+00
9.000000100e-05 3.300000000e+00
9.018006400e-05 3.300000000e+00
9.018006500e-05 0.000000000e+00
9.100000000e-05 0.000000000e+00
9.100000100e-05 3.300000000e+00
9.118206360e-05 3.300000000e+00
9.118206460e-05 0.000000000e+00
9.200000000e-05 0.000000000e+00
9.200000100e-05 3.300000000e+00
9.218406320e-05 3.300000000e+00
9.218406420e-05 0.000000000e+00
9.300000000e-05 0.000000000e+00
9.300000100e-05 3.300000000e+00
9.318606280e-05 3.300000000e+00
9.318606380e-05 0.000000000e+00
9.400000000e-05 0.000000000e+00
9.400000100e-05 3.300000000e+00
9.418806240e-05 3.300000000e+00
9.418806340e-05 0.000000000e+00
9.500000000e-05 0.000000000e+00
9.500000100e-05 3.300000000e+00
9.519006200e-05 3.300000000e+00
9.519006300e-05 0.000000000e+00
9.600000000e-05 0.000000000e+00
9.600000100e-05 3.300000000e+00
9.619206160e-05 3.300000000e+00
9.619206260e-05 0.000000000e+00
9.700000000e-05 0.000000000e+00
9.700000100e-05 3.300000000e+00
9.719406120e-05 3.300000000e+00
9.719406220e-05 0.000000000e+00
9.800000000e-05 0.000000000e+00
9.800000100e-05 3.300000000e+00
9.819606080e-05 3.300000000e+00
9.819606180e-05 0.000000000e+00
9.900000000e-05 0.000000000e+00
9.900000100e-05 3.300000000e+00
9.919806040e-05 3.300000000e+00
9.919806140e-05 0.000000000e+00
1.000000000e-04 0.000000000e+00
1.000000010e-04 3.300000000e+00
1.002000600e-04 3.300000000e+00
1.002000610e-04 0.000000000e+00
1.010000000e-04 0.000000000e+00
1.010000010e-04 3.300000000e+00
1.012020596e-04 3.300000000e+00
1.012020606e-04 0.000000000e+00
1.020000000e-04 0.000000000e+00
1.020000010e-04 3.300000000e+00
1.022040592e-04 3.300000000e+00
1.022040602e-04 0.000000000e+00
1.030000000e-04 0.000000000e+00
1.030000010e-04 3.300000000e+00
1.032060588e-04 3.300000000e+00
1.032060598e-04 0.000000000e+00
1.040000000e-04 0.000000000e+00
1.040000010e-04 3.300000000e+00
1.042080584e-04 3.300000000e+00
1.042080594e-04 0.000000000e+00
1.050000000e-04 0.000000000e+00
1.050000010e-04 3.300000000e+00
1.052100580e-04 3.300000000e+00
1.052100590e-04 0.000000000e+00
1.060000000e-04 0.000000000e+00
1.060000010e-04 3.300000000e+00
1.062120576e-04 3.300000000e+00
1.062120586e-04 0.000000000e+00
1.070000000e-04 0.000000000e+00
1.070000010e-04 3.300000000e+00
1.072140572e-04 3.300000000e+00
1.072140582e-04 0.000000000e+00
1.080000000e-04 0.000000000e+00
1.080000010e-04 3.300000000e+00
1.082160568e-04 3.300000000e+00
1.082160578e-04 0.000000000e+00
1.090000000e-04 0.000000000e+00
1.090000010e-04 3.300000000e+00
1.092180564e-04 3.300000000e+00
1.092180574e-04 0.000000000e+00
1.100000000e-04 0.000000000e+00
1.100000010e-04 3.300000000e+00
1.102200560e-04 3.300000000e+00
1.102200570e-04 0.000000000e+00
1.110000000e-04 0.000000000e+00
1.110000010e-04 3.300000000e+00
1.112220556e-04 3.300000000e+00
1.112220566e-04 0.000000000e+00
1.120000000e-04 0.000000000e+00
1.120000010e-04 3.300000000e+00
1.122240552e-04 3.300000000e+00
1.122240562e-04 0.000000000e+00
1.130000000e-04 0.000000000e+00
1.130000010e-04 3.300000000e+00
1.132260548e-04 3.300000000e+00
1.132260558e-04 0.000000000e+00
1.140000000e-04 0.000000000e+00
1.140000010e-04 3.300000000e+00
1.142280544e-04 3.300000000e+00
1.142280554e-04 0.000000000e+00
1.150000000e-04 0.000000000e+00
1.150000010e-04 3.300000000e+00
1.152300540e-04 3.300000000e+00
1.152300550e-04 0.000000000e+00
1.160000000e-04 0.000000000e+00
1.160000010e-04 3.300000000e+00
1.162320536e-04 3.300000000e+00
1.162320546e-04 0.000000000e+00
1.170000000e-04 0.000000000e+00
1.170000010e-04 3.300000000e+00
1.172340532e-04 3.300000000e+00
1.172340542e-04 0.000000000e+00
1.180000000e-04 0.000000000e+00
1.180000010e-04 3.300000000e+00
1.182360528e-04 3.300000000e+00
1.182360538e-04 0.000000000e+00
1.190000000e-04 0.000000000e+00
1.190000010e-04 3.300000000e+00
1.192380524e-04 3.300000000e+00
1.192380534e-04 0.000000000e+00
1.200000000e-04 0.000000000e+00
1.200000010e-04 3.300000000e+00
1.202400520e-04 3.300000000e+00
1.202400530e-04 0.000000000e+00
1.210000000e-04 0.000000000e+00
1.210000010e-04 3.300000000e+00
1.212420516e-04 3.300000000e+00
1.212420526e-04 0.000000000e+00
1.220000000e-04 0.000000000e+00
1.220000010e-04 3.300000000e+00
1.222440512e-04 3.300000000e+00
1.222440522e-04 0.000000000e+00
1.230000000e-04 0.000000000e+00
1.230000010e-04 3.300000000e+00
1.232460508e-04 3.300000000e+00
1.232460518e-04 0.000000000e+00
1.240000000e-04 0.000000000e+00
1.240000010e-04 3.300000000e+00
1.242480504e-04 3.300000000e+00
1.242480514e-04 0.000000000e+00
1.250000000e-04 0.000000000e+00
1.250000010e-04 3.300000000e+00
1.252500500e-04 3.300000000e+00
1.252500510e-04 0.000000000e+00
1.260000000e-04 0.000000000e+00
1.260000010e-04 3.300000000e+00
1.262520496e-04 3.300000000e+00
1.262520506e-04 0.000000000e+00
1.270000000e-04 0.000000000e+00
1.270000010e-04 3.300000000e+00
1.272540492e-04 3.300000000e+00
1.272540502e-04 0.000000000e+00
1.280000000e-04 0.000000000e+00
1.280000010e-04 3.300000000e+00
1.282560488e-04 3.300000000e+00
1.282560498e-04 0.000000000e+00
1.290000000e-04 0.000000000e+00
1.290000010e-04 3.300000000e+00
1.292580484e-04 3.300000000e+00
1.292580494e-04 0.000000000e+00
1.300000000e-04 0.000000000e+00
1.300000010e-04 3.300000000e+00
1.302600480e-04 3.300000000e+00
1.302600490e-04 0.000000000e+00
1.310000000e-04 0.000000000e+00
1.310000010e-04 3.300000000e+00
1.312620476e-04 3.300000000e+00
1.312620486e-04 0.000000000e+00
1.320000000e-04 0.000000000e+00
1.320000010e-04 3.300000000e+00
1.322640472e-04 3.300000000e+00
1.322640482e-04 0.000000000e+00
1.330000000e-04 0.000000000e+00
1.330000010e-04 3.300000000e+00
1.332660468e-04 3.300000000e+00
1.332660478e-04 0.000000000e+00
1.340000000e-04 0.000000000e+00
1.340000010e-04 3.300000000e+00
1.342680464e-04 3.300000000e+00
1.342680474e-04 0.000000000e+00
1.350000000e-04 0.000000000e+00
1.350000010e-04 3.300000000e+00
1.352700460e-04 3.300000000e+00
1.352700470e-04 0.000000000e+00
1.360000000e-04 0.000000000e+00
1.360000010e-04 3.300000000e+00
1.362720456e-04 3.300000000e+00
1.362720466e-04 0.000000000e+00
1.370000000e-04 0.000000000e+00
1.370000010e-04 3.300000000e+00
1.372740452e-04 3.300000000e+00
1.372740462e-04 0.000000000e+00
1.380000000e-04 0.000000000e+00
1.380000010e-04 3.300000000e+00
1.382760448e-04 3.300000000e+00
1.382760458e-04 0.000000000e+00
1.390000000e-04 0.000000000e+00
1.390000010e-04 3.300000000e+00
1.392780444e-04 3.300000000e+00
1.392780454e-04 0.000000000e+00
1.400000000e-04 0.000000000e+00
1.400000010e-04 3.300000000e+00
1.402800440e-04 3.300000000e+00
1.402800450e-04 0.000000000e+00
1.410000000e-04 0.000000000e+00
1.410000010e-04 3.300000000e+00
1.412820436e-04 3.300000000e+00
1.412820446e-04 0.000000000e+00
1.420000000e-04 0.000000000e+00
1.420000010e-04 3.300000000e+00
1.422840432e-04 3.300000000e+00
1.422840442e-04 0.000000000e+00
1.430000000e-04 0.000000000e+00
1.430000010e-04 3.300000000e+00
1.432860428e-04 3.300000000e+00
1.432860438e-04 0.000000000e+00
1.440000000e-04 0.000000000e+00
1.440000010e-04 3.300000000e+00
1.442880424e-04 3.300000000e+00
1.442880434e-04 0.000000000e+00
1.450000000e-04 0.000000000e+00
1.450000010e-04 3.300000000e+00
1.452900420e-04 3.300000000e+00
1.452900430e-04 0.000000000e+00
1.460000000e-04 0.000000000e+00
1.460000010e-04 3.300000000e+00
1.462920416e-04 3.300000000e+00
1.462920426e-04 0.000000000e+00
1.470000000e-04 0.000000000e+00
1.470000010e-04 3.300000000e+00
1.472940412e-04 3.300000000e+00
1.472940422e-04 0.000000000e+00
1.480000000e-04 0.000000000e+00
1.480000010e-04 3.300000000e+00
1.482960408e-04 3.300000000e+00
1.482960418e-04 0.000000000e+00
1.490000000e-04 0.000000000e+00
1.490000010e-04 3.300000000e+00
1.492980404e-04 3.300000000e+00
1.492980414e-04 0.000000000e+00
1.500000000e-04 0.000000000e+00
1.500000010e-04 3.300000000e+00
1.503000400e-04 3.300000000e+00
1.503000410e-04 0.000000000e+00
1.510000000e-04 0.000000000e+00
1.510000010e-04 3.300000000e+00
1.513020396e-04 3.300000000e+00
1.513020406e-04 0.000000000e+00
1.520000000e-04 0.000000000e+00
1.520000010e-04 3.300000000e+00
1.523040392e-04 3.300000000e+00
1.523040402e-04 0.000000000e+00
1.530000000e-04 0.000000000e+00
1.530000010e-04 3.300000000e+00
1.533060388e-04 3.300000000e+00
1.533060398e-04 0.000000000e+00
1.540000000e-04 0.000000000e+00
1.540000010e-04 3.300000000e+00
1.543080384e-04 3.300000000e+00
1.543080394e-04 0.000000000e+00
1.550000000e-04 0.000000000e+00
1.550000010e-04 3.300000000e+00
1.553100380e-04 3.300000000e+00
1.553100390e-04 0.000000000e+00
1.560000000e-04 0.000000000e+00
1.560000010e-04 3.300000000e+00
1.563120376e-04 3.300000000e+00
1.563120386e-04 0.000000000e+00
1.570000000e-04 0.000000000e+00
1.570000010e-04 3.300000000e+00
1.573140372e-04 3.300000000e+00
1.573140382e-04 0.000000000e+00
1.580000000e-04 0.000000000e+00
1.580000010e-04 3.300000000e+00
1.583160368e-04 3.300000000e+00
1.583160378e-04 0.000000000e+00
1.590000000e-04 0.000000000e+00
1.590000010e-04 3.300000000e+00
1.593180364e-04 3.300000000e+00
1.593180374e-04 0.000000000e+00
1.600000000e-04 0.000000000e+00
1.600000010e-04 3.300000000e+00
1.603200360e-04 3.300000000e+00
1.603200370e-04 0.000000000e+00
1.610000000e-04 0.000000000e+00
1.610000010e-04 3.300000000e+00
1.613220356e-04 3.300000000e+00
1.613220366e-04 0.000000000e+00
1.620000000e-04 0.000000000e+00
1.620000010e-04 3.300000000e+00
1.623240352e-04 3.300000000e+00
1.623240362e-04 0.000000000e+00
1.630000000e-04 0.000000000e+00
1.630000010e-04 3.300000000e+00
1.633260348e-04 3.300000000e+00
1.633260358e-04 0.000000000e+00
1.640000000e-04 0.000000000e+00
1.640000010e-04 3.300000000e+00
1.643280344e-04 3.300000000e+00
1.643280354e-04 0.000000000e+00
1.650000000e-04 0.000000000e+00
1.650000010e-04 3.300000000e+00
1.653300340e-04 3.300000000e+00
1.653300350e-04 0.000000000e+00
1.660000000e-04 0.000000000e+00
1.660000010e-04 3.300000000e+00
1.663320336e-04 3.300000000e+00
1.663320346e-04 0.000000000e+00
1.670000000e-04 0.000000000e+00
1.670000010e-04 3.300000000e+00
1.673340332e-04 3.300000000e+00
1.673340342e-04 0.000000000e+00
1.680000000e-04 0.000000000e+00
1.680000010e-04 3.300000000e+00
1.683360328e-04 3.300000000e+00
1.683360338e-04 0.000000000e+00
1.690000000e-04 0.000000000e+00
1.690000010e-04 3.300000000e+00
1.693380324e-04 3.300000000e+00
1.693380334e-04 0.000000000e+00
1.700000000e-04 0.000000000e+00
1.700000010e-04 3.300000000e+00
1.703400320e-04 3.300000000e+00
1.703400330e-04 0.000000000e+00
1.710000000e-04 0.000000000e+00
1.710000010e-04 3.300000000e+00
1.713420316e-04 3.300000000e+00
1.713420326e-04 0.000000000e+00
1.720000000e-04 0.000000000e+00
1.720000010e-04 3.300000000e+00
1.723440312e-04 3.300000000e+00
1.723440322e-04 0.000000000e+00
1.730000000e-04 0.000000000e+00
1.730000010e-04 3.300000000e+00
1.733460308e-04 3.300000000e+00
1.733460318e-04 0.000000000e+00
1.740000000e-04 0.000000000e+00
1.740000010e-04 3.300000000e+00
1.743480304e-04 3.300000000e+00
1.743480314e-04 0.000000000e+00
1.750000000e-04 0.000000000e+00
1.750000010e-04 3.300000000e+00
1.753500300e-04 3.300000000e+00
1.753500310e-04 0.000000000e+00
1.760000000e-04 0.000000000e+00
1.760000010e-04 3.300000000e+00
1.763520296e-04 3.300000000e+00
1.763520306e-04 0.000000000e+00
1.770000000e-04 0.000000000e+00
1.770000010e-04 3.300000000e+00
1.773540292e-04 3.300000000e+00
1.773540302e-04 0.000000000e+00
1.780000000e-04 0.000000000e+00
1.780000010e-04 3.300000000e+00
1.783560288e-04 3.300000000e+00
1.783560298e-04 0.000000000e+00
1.790000000e-04 0.000000000e+00
1.790000010e-04 3.300000000e+00
1.793580284e-04 3.300000000e+00
1.793580294e-04 0.000000000e+00
1.800000000e-04 0.000000000e+00
1.800000010e-04 3.300000000e+00
1.803600280e-04 3.300000000e+00
1.803600290e-04 0.000000000e+00
1.810000000e-04 0.000000000e+00
1.810000010e-04 3.300000000e+00
1.813620276e-04 3.300000000e+00
1.813620286e-04 0.000000000e+00
1.820000000e-04 0.000000000e+00
1.820000010e-04 3.300000000e+00
1.823640272e-04 3.300000000e+00
1.823640282e-04 0.000000000e+00
1.830000000e-04 0.000000000e+00
1.830000010e-04 3.300000000e+00
1.833660268e-04 3.300000000e+00
1.833660278e-04 0.000000000e+00
1.840000000e-04 0.000000000e+00
1.840000010e-04 3.300000000e+00
1.843680264e-04 3.300000000e+00
1.843680274e-04 0.000000000e+00
1.850000000e-04 0.000000000e+00
1.850000010e-04 3.300000000e+00
1.853700260e-04 3.300000000e+00
1.853700270e-04 0.000000000e+00
1.860000000e-04 0.000000000e+00
1.860000010e-04 3.300000000e+00
1.863720256e-04 3.300000000e+00
1.863720266e-04 0.000000000e+00
1.870000000e-04 0.000000000e+00
1.870000010e-04 3.300000000e+00
1.873740252e-04 3.300000000e+00
1.873740262e-04 0.000000000e+00
1.880000000e-04 0.000000000e+00
1.880000010e-04 3.300000000e+00
1.883760248e-04 3.300000000e+00
1.883760258e-04 0.000000000e+00
1.890000000e-04 0.000000000e+00
1.890000010e-04 3.300000000e+00
1.893780244e-04 3.300000000e+00
1.893780254e-04 0.000000000e+00
1.900000000e-04 0.000000000e+00
1.900000010e-04 3.300000000e+00
1.903800240e-04 3.300000000e+00
1.903800250e-04 0.000000000e+00
1.910000000e-04 0.000000000e+00
1.910000010e-04 3.300000000e+00
1.913820236e-04 3.300000000e+00
1.913820246e-04 0.000000000e+00
1.920000000e-04 0.000000000e+00
1.920000010e-04 3.300000000e+00
1.923840232e-04 3.300000000e+00
1.923840242e-04 0.000000000e+00
1.930000000e-04 0.000000000e+00
1.930000010e-04 3.300000000e+00
1.933860228e-04 3.300000000e+00
1.933860238e-04 0.000000000e+00
1.940000000e-04 0.000000000e+00
1.940000010e-04 3.300000000e+00
1.943880224e-04 3.300000000e+00
1.943880234e-04 0.000000000e+00
1.950000000e-04 0.000000000e+00
1.950000010e-04 3.300000000e+00
1.953900220e-04 3.300000000e+00
1.953900230e-04 0.000000000e+00
1.960000000e-04 0.000000000e+00
1.960000010e-04 3.300000000e+00
1.963920216e-04 3.300000000e+00
1.963920226e-04 0.000000000e+00
1.970000000e-04 0.000000000e+00
1.970000010e-04 3.300000000e+00
1.973940212e-04 3.300000000e+00
1.973940222e-04 0.000000000e+00
1.980000000e-04 0.000000000e+00
1.980000010e-04 3.300000000e+00
1.983960208e-04 3.300000000e+00
1.983960218e-04 0.000000000e+00
1.990000000e-04 0.000000000e+00
1.990000010e-04 3.300000000e+00
1.993980204e-04 3.300000000e+00
1.993980214e-04 0.000000000e+00
2.000000000e-04 0.000000000e+00
2.000000010e-04 3.300000000e+00
2.004000200e-04 3.300000000e+00
2.004000210e-04 0.000000000e+00
2.010000000e-04 0.000000000e+00
2.010000010e-04 3.300000000e+00
2.014020196e-04 3.300000000e+00
2.014020206e-04 0.000000000e+00
2.020000000e-04 0.000000000e+00
2.020000010e-04 3.300000000e+00
2.024040192e-04 3.300000000e+00
2.024040202e-04 0.000000000e+00
2.030000000e-04 0.000000000e+00
2.030000010e-04 3.300000000e+00
2.034060188e-04 3.300000000e+00
2.034060198e-04 0.000000000e+00
2.040000000e-04 0.000000000e+00
2.040000010e-04 3.300000000e+00
2.044080184e-04 3.300000000e+00
2.044080194e-04 0.000000000e+00
2.050000000e-04 0.000000000e+00
2.050000010e-04 3.300000000e+00
2.054100180e-04 3.300000000e+00
2.054100190e-04 0.000000000e+00
2.060000000e-04 0.000000000e+00
2.060000010e-04 3.300000000e+00
2.064120176e-04 3.300000000e+00
2.064120186e-04 0.000000000e+00
2.070000000e-04 0.000000000e+00
2.070000010e-04 3.300000000e+00
2.074140172e-04 3.300000000e+00
2.074140182e-04 0.000000000e+00
2.080000000e-04 0.000000000e+00
2.080000010e-04 3.300000000e+00
2.084160168e-04 3.300000000e+00
2.084160178e-04 0.000000000e+00
2.090000000e-04 0.000000000e+00
2.090000010e-04 3.300000000e+00
2.094180164e-04 3.300000000e+00
2.094180174e-04 0.000000000e+00
2.100000000e-04 0.000000000e+00
2.100000010e-04 3.300000000e+00
2.104200160e-04 3.300000000e+00
2.104200170e-04 0.000000000e+00
2.110000000e-04 0.000000000e+00
2.110000010e-04 3.300000000e+00
2.114220156e-04 3.300000000e+00
2.114220166e-04 0.000000000e+00
2.120000000e-04 0.000000000e+00
2.120000010e-04 3.300000000e+00
2.124240152e-04 3.300000000e+00
2.124240162e-04 0.000000000e+00
2.130000000e-04 0.000000000e+00
2.130000010e-04 3.300000000e+00
2.134260148e-04 3.300000000e+00
2.134260158e-04 0.000000000e+00
2.140000000e-04 0.000000000e+00
2.140000010e-04 3.300000000e+00
2.144280144e-04 3.300000000e+00
2.144280154e-04 0.000000000e+00
2.150000000e-04 0.000000000e+00
2.150000010e-04 3.300000000e+00
2.154300140e-04 3.300000000e+00
2.154300150e-04 0.000000000e+00
2.160000000e-04 0.000000000e+00
2.160000010e-04 3.300000000e+00
2.164320136e-04 3.300000000e+00
2.164320146e-04 0.000000000e+00
2.170000000e-04 0.000000000e+00
2.170000010e-04 3.300000000e+00
2.174340132e-04 3.300000000e+00
2.174340142e-04 0.000000000e+00
2.180000000e-04 0.000000000e+00
2.180000010e-04 3.300000000e+00
2.184360128e-04 3.300000000e+00
2.184360138e-04 0.000000000e+00
2.190000000e-04 0.000000000e+00
2.190000010e-04 3.300000000e+00
2.194380124e-04 3.300000000e+00
2.194380134e-04 0.000000000e+00
2.200000000e-04 0.000000000e+00
2.200000010e-04 3.300000000e+00
2.204400120e-04 3.300000000e+00
2.204400130e-04 0.000000000e+00
2.210000000e-04 0.000000000e+00
2.210000010e-04 3.300000000e+00
2.214420116e-04 3.300000000e+00
2.214420126e-04 0.000000000e+00
2.220000000e-04 0.000000000e+00
2.220000010e-04 3.300000000e+00
2.224440112e-04 3.300000000e+00
2.224440122e-04 0.000000000e+00
2.230000000e-04 0.000000000e+00
2.230000010e-04 3.300000000e+00
2.234460108e-04 3.300000000e+00
2.234460118e-04 0.000000000e+00
2.240000000e-04 0.000000000e+00
2.240000010e-04 3.300000000e+00
2.244480104e-04 3.300000000e+00
2.244480114e-04 0.000000000e+00
2.250000000e-04 0.000000000e+00
2.250000010e-04 3.300000000e+00
2.254500100e-04 3.300000000e+00
2.254500110e-04 0.000000000e+00
2.260000000e-04 0.000000000e+00
2.260000010e-04 3.300000000e+00
2.264520096e-04 3.300000000e+00
2.264520106e-04 0.000000000e+00
2.270000000e-04 0.000000000e+00
2.270000010e-04 3.300000000e+00
2.274540092e-04 3.300000000e+00
2.274540102e-04 0.000000000e+00
2.280000000e-04 0.000000000e+00
2.280000010e-04 3.300000000e+00
2.284560088e-04 3.300000000e+00
2.284560098e-04 0.000000000e+00
2.290000000e-04 0.000000000e+00
2.290000010e-04 3.300000000e+00
2.294580084e-04 3.300000000e+00
2.294580094e-04 0.000000000e+00
2.300000000e-04 0.000000000e+00
2.300000010e-04 3.300000000e+00
2.304600080e-04 3.300000000e+00
2.304600090e-04 0.000000000e+00
2.310000000e-04 0.000000000e+00
2.310000010e-04 3.300000000e+00
2.314620076e-04 3.300000000e+00
2.314620086e-04 0.000000000e+00
2.320000000e-04 0.000000000e+00
2.320000010e-04 3.300000000e+00
2.324640072e-04 3.300000000e+00
2.324640082e-04 0.000000000e+00
2.330000000e-04 0.000000000e+00
2.330000010e-04 3.300000000e+00
2.334660068e-04 3.300000000e+00
2.334660078e-04 0.000000000e+00
2.340000000e-04 0.000000000e+00
2.340000010e-04 3.300000000e+00
2.344680064e-04 3.300000000e+00
2.344680074e-04 0.000000000e+00
2.350000000e-04 0.000000000e+00
2.350000010e-04 3.300000000e+00
2.354700060e-04 3.300000000e+00
2.354700070e-04 0.000000000e+00
2.360000000e-04 0.000000000e+00
2.360000010e-04 3.300000000e+00
2.364720056e-04 3.300000000e+00
2.364720066e-04 0.000000000e+00
2.370000000e-04 0.000000000e+00
2.370000010e-04 3.300000000e+00
2.374740052e-04 3.300000000e+00
2.374740062e-04 0.000000000e+00
2.380000000e-04 0.000000000e+00
2.380000010e-04 3.300000000e+00
2.384760048e-04 3.300000000e+00
2.384760058e-04 0.000000000e+00
2.390000000e-04 0.000000000e+00
2.390000010e-04 3.300000000e+00
2.394780044e-04 3.300000000e+00
2.394780054e-04 0.000000000e+00
2.400000000e-04 0.000000000e+00
2.400000010e-04 3.300000000e+00
2.404800040e-04 3.300000000e+00
2.404800050e-04 0.000000000e+00
2.410000000e-04 0.000000000e+00
2.410000010e-04 3.300000000e+00
2.414820036e-04 3.300000000e+00
2.414820046e-04 0.000000000e+00
2.420000000e-04 0.000000000e+00
2.420000010e-04 3.300000000e+00
2.424840032e-04 3.300000000e+00
2.424840042e-04 0.000000000e+00
2.430000000e-04 0.000000000e+00
2.430000010e-04 3.300000000e+00
2.434860028e-04 3.300000000e+00
2.434860038e-04 0.000000000e+00
2.440000000e-04 0.000000000e+00
2.440000010e-04 3.300000000e+00
2.444880024e-04 3.300000000e+00
2.444880034e-04 0.000000000e+00
2.450000000e-04 0.000000000e+00
2.450000010e-04 3.300000000e+00
2.454900020e-04 3.300000000e+00
2.454900030e-04 0.000000000e+00
2.460000000e-04 0.000000000e+00
2.460000010e-04 3.300000000e+00
2.464920016e-04 3.300000000e+00
2.464920026e-04 0.000000000e+00
2.470000000e-04 0.000000000e+00
2.470000010e-04 3.300000000e+00
2.474940012e-04 3.300000000e+00
2.474940022e-04 0.000000000e+00
2.480000000e-04 0.000000000e+00
2.480000010e-04 3.300000000e+00
2.484960008e-04 3.300000000e+00
2.484960018e-04 0.000000000e+00
2.490000000e-04 0.000000000e+00
2.490000010e-04 3.300000000e+00
2.494980004e-04 3.300000000e+00
2.494980014e-04 0.000000000e+00
2.500000000e-04 0.000000000e+00
2.500000010e-04 3.300000000e+00
2.505000000e-04 3.300000000e+00
2.505000010e-04 0.000000000e+00
2.510000000e-04 0.000000000e+00
2.510000010e-04 3.300000000e+00
2.515019996e-04 3.300000000e+00
2.515020006e-04 0.000000000e+00
2.520000000e-04 0.000000000e+00
2.520000010e-04 3.300000000e+00
2.525039992e-04 3.300000000e+00
2.525040002e-04 0.000000000e+00
2.530000000e-04 0.000000000e+00
2.530000010e-04 3.300000000e+00
2.535059988e-04 3.300000000e+00
2.535059998e-04 0.000000000e+00
2.540000000e-04 0.000000000e+00
2.540000010e-04 3.300000000e+00
2.545079984e-04 3.300000000e+00
2.545079994e-04 0.000000000e+00
2.550000000e-04 0.000000000e+00
2.550000010e-04 3.300000000e+00
2.555099980e-04 3.300000000e+00
2.555099990e-04 0.000000000e+00
2.560000000e-04 0.000000000e+00
2.560000010e-04 3.300000000e+00
2.565119976e-04 3.300000000e+00
2.565119986e-04 0.000000000e+00
2.570000000e-04 0.000000000e+00
2.570000010e-04 3.300000000e+00
2.575139972e-04 3.300000000e+00
2.575139982e-04 0.000000000e+00
2.580000000e-04 0.000000000e+00
2.580000010e-04 3.300000000e+00
2.585159968e-04 3.300000000e+00
2.585159978e-04 0.000000000e+00
2.590000000e-04 0.000000000e+00
2.590000010e-04 3.300000000e+00
2.595179964e-04 3.300000000e+00
2.595179974e-04 0.000000000e+00
2.600000000e-04 0.000000000e+00
2.600000010e-04 3.300000000e+00
2.605199960e-04 3.300000000e+00
2.605199970e-04 0.000000000e+00
2.610000000e-04 0.000000000e+00
2.610000010e-04 3.300000000e+00
2.615219956e-04 3.300000000e+00
2.615219966e-04 0.000000000e+00
2.620000000e-04 0.000000000e+00
2.620000010e-04 3.300000000e+00
2.625239952e-04 3.300000000e+00
2.625239962e-04 0.000000000e+00
2.630000000e-04 0.000000000e+00
2.630000010e-04 3.300000000e+00
2.635259948e-04 3.300000000e+00
2.635259958e-04 0.000000000e+00
2.640000000e-04 0.000000000e+00
2.640000010e-04 3.300000000e+00
2.645279944e-04 3.300000000e+00
2.645279954e-04 0.000000000e+00
2.650000000e-04 0.000000000e+00
2.650000010e-04 3.300000000e+00
2.655299940e-04 3.300000000e+00
2.655299950e-04 0.000000000e+00
2.660000000e-04 0.000000000e+00
2.660000010e-04 3.300000000e+00
2.665319936e-04 3.300000000e+00
2.665319946e-04 0.000000000e+00
2.670000000e-04 0.000000000e+00
2.670000010e-04 3.300000000e+00
2.675339932e-04 3.300000000e+00
2.675339942e-04 0.000000000e+00
2.680000000e-04 0.000000000e+00
2.680000010e-04 3.300000000e+00
2.685359928e-04 3.300000000e+00
2.685359938e-04 0.000000000e+00
2.690000000e-04 0.000000000e+00
2.690000010e-04 3.300000000e+00
2.695379924e-04 3.300000000e+00
2.695379934e-04 0.000000000e+00
2.700000000e-04 0.000000000e+00
2.700000010e-04 3.300000000e+00
2.705399920e-04 3.300000000e+00
2.705399930e-04 0.000000000e+00
2.710000000e-04 0.000000000e+00
2.710000010e-04 3.300000000e+00
2.715419916e-04 3.300000000e+00
2.715419926e-04 0.000000000e+00
2.720000000e-04 0.000000000e+00
2.720000010e-04 3.300000000e+00
2.725439912e-04 3.300000000e+00
2.725439922e-04 0.000000000e+00
2.730000000e-04 0.000000000e+00
2.730000010e-04 3.300000000e+00
2.735459908e-04 3.300000000e+00
2.735459918e-04 0.000000000e+00
2.740000000e-04 0.000000000e+00
2.740000010e-04 3.300000000e+00
2.745479904e-04 3.300000000e+00
2.745479914e-04 0.000000000e+00
2.750000000e-04 0.000000000e+00
2.750000010e-04 3.300000000e+00
2.755499900e-04 3.300000000e+00
2.755499910e-04 0.000000000e+00
2.760000000e-04 0.000000000e+00
2.760000010e-04 3.300000000e+00
2.765519896e-04 3.300000000e+00
2.765519906e-04 0.000000000e+00
2.770000000e-04 0.000000000e+00
2.770000010e-04 3.300000000e+00
2.775539892e-04 3.300000000e+00
2.775539902e-04 0.000000000e+00
2.780000000e-04 0.000000000e+00
2.780000010e-04 3.300000000e+00
2.785559888e-04 3.300000000e+00
2.785559898e-04 0.000000000e+00
2.790000000e-04 0.000000000e+00
2.790000010e-04 3.300000000e+00
2.795579884e-04 3.300000000e+00
2.795579894e-04 0.000000000e+00
2.800000000e-04 0.000000000e+00
2.800000010e-04 3.300000000e+00
2.805599880e-04 3.300000000e+00
2.805599890e-04 0.000000000e+00
2.810000000e-04 0.000000000e+00
2.810000010e-04 3.300000000e+00
2.815619876e-04 3.300000000e+00
2.815619886e-04 0.000000000e+00
2.820000000e-04 0.000000000e+00
2.820000010e-04 3.300000000e+00
2.825639872e-04 3.300000000e+00
2.825639882e-04 0.000000000e+00
2.830000000e-04 0.000000000e+00
2.830000010e-04 3.300000000e+00
2.835659868e-04 3.300000000e+00
2.835659878e-04 0.000000000e+00
2.840000000e-04 0.000000000e+00
2.840000010e-04 3.300000000e+00
2.845679864e-04 3.300000000e+00
2.845679874e-04 0.000000000e+00
2.850000000e-04 0.000000000e+00
2.850000010e-04 3.300000000e+00
2.855699860e-04 3.300000000e+00
2.855699870e-04 0.000000000e+00
2.860000000e-04 0.000000000e+00
2.860000010e-04 3.300000000e+00
2.865719856e-04 3.300000000e+00
2.865719866e-04 0.000000000e+00
2.870000000e-04 0.000000000e+00
2.870000010e-04 3.300000000e+00
2.875739852e-04 3.300000000e+00
2.875739862e-04 0.000000000e+00
2.880000000e-04 0.000000000e+00
2.880000010e-04 3.300000000e+00
2.885759848e-04 3.300000000e+00
2.885759858e-04 0.000000000e+00
2.890000000e-04 0.000000000e+00
2.890000010e-04 3.300000000e+00
2.895779844e-04 3.300000000e+00
2.895779854e-04 0.000000000e+00
2.900000000e-04 0.000000000e+00
2.900000010e-04 3.300000000e+00
2.905799840e-04 3.300000000e+00
2.905799850e-04 0.000000000e+00
2.910000000e-04 0.000000000e+00
2.910000010e-04 3.300000000e+00
2.915819836e-04 3.300000000e+00
2.915819846e-04 0.000000000e+00
2.920000000e-04 0.000000000e+00
2.920000010e-04 3.300000000e+00
2.925839832e-04 3.300000000e+00
2.925839842e-04 0.000000000e+00
2.930000000e-04 0.000000000e+00
2.930000010e-04 3.300000000e+00
2.935859828e-04 3.300000000e+00
2.935859838e-04 0.000000000e+00
2.940000000e-04 0.000000000e+00
2.940000010e-04 3.300000000e+00
2.945879824e-04 3.300000000e+00
2.945879834e-04 0.000000000e+00
2.950000000e-04 0.000000000e+00
2.950000010e-04 3.300000000e+00
2.955899820e-04 3.300000000e+00
2.955899830e-04 0.000000000e+00
2.960000000e-04 0.000000000e+00
2.960000010e-04 3.300000000e+00
2.965919816e-04 3.300000000e+00
2.965919826e-04 0.000000000e+00
2.970000000e-04 0.000000000e+00
2.970000010e-04 3.300000000e+00
2.975939812e-04 3.300000000e+00
2.975939822e-04 0.000000000e+00
2.980000000e-04 0.000000000e+00
2.980000010e-04 3.300000000e+00
2.985959808e-04 3.300000000e+00
2.985959818e-04 0.000000000e+00
2.990000000e-04 0.000000000e+00
2.990000010e-04 3.300000000e+00
2.995979804e-04 3.300000000e+00
2.995979814e-04 0.000000000e+00
3.000000000e-04 0.000000000e+00
3.000000010e-04 3.300000000e+00
3.005999800e-04 3.300000000e+00
3.005999810e-04 0.000000000e+00
3.010000000e-04 0.000000000e+00
3.010000010e-04 3.300000000e+00
3.016019796e-04 3.300000000e+00
3.016019806e-04 0.000000000e+00
3.020000000e-04 0.000000000e+00
3.020000010e-04 3.300000000e+00
3.026039792e-04 3.300000000e+00
3.026039802e-04 0.000000000e+00
3.030000000e-04 0.000000000e+00
3.030000010e-04 3.300000000e+00
3.036059788e-04 3.300000000e+00
3.036059798e-04 0.000000000e+00
3.040000000e-04 0.000000000e+00
3.040000010e-04 3.300000000e+00
3.046079784e-04 3.300000000e+00
3.046079794e-04 0.000000000e+00
3.050000000e-04 0.000000000e+00
3.050000010e-04 3.300000000e+00
3.056099780e-04 3.300000000e+00
3.056099790e-04 0.000000000e+00
3.060000000e-04 0.000000000e+00
3.060000010e-04 3.300000000e+00
3.066119776e-04 3.300000000e+00
3.066119786e-04 0.000000000e+00
3.070000000e-04 0.000000000e+00
3.070000010e-04 3.300000000e+00
3.076139772e-04 3.300000000e+00
3.076139782e-04 0.000000000e+00
3.080000000e-04 0.000000000e+00
3.080000010e-04 3.300000000e+00
3.086159768e-04 3.300000000e+00
3.086159778e-04 0.000000000e+00
3.090000000e-04 0.000000000e+00
3.090000010e-04 3.300000000e+00
3.096179764e-04 3.300000000e+00
3.096179774e-04 0.000000000e+00
3.100000000e-04 0.000000000e+00
3.100000010e-04 3.300000000e+00
3.106199760e-04 3.300000000e+00
3.106199770e-04 0.000000000e+00
3.110000000e-04 0.000000000e+00
3.110000010e-04 3.300000000e+00
3.116219756e-04 3.300000000e+00
3.116219766e-04 0.000000000e+00
3.120000000e-04 0.000000000e+00
3.120000010e-04 3.300000000e+00
3.126239752e-04 3.300000000e+00
3.126239762e-04 0.000000000e+00
3.130000000e-04 0.000000000e+00
3.130000010e-04 3.300000000e+00
3.136259748e-04 3.300000000e+00
3.136259758e-04 0.000000000e+00
3.140000000e-04 0.000000000e+00
3.140000010e-04 3.300000000e+00
3.146279744e-04 3.300000000e+00
3.146279754e-04 0.000000000e+00
3.150000000e-04 0.000000000e+00
3.150000010e-04 3.300000000e+00
3.156299740e-04 3.300000000e+00
3.156299750e-04 0.000000000e+00
3.160000000e-04 0.000000000e+00
3.160000010e-04 3.300000000e+00
3.166319736e-04 3.300000000e+00
3.166319746e-04 0.000000000e+00
3.170000000e-04 0.000000000e+00
3.170000010e-04 3.300000000e+00
3.176339732e-04 3.300000000e+00
3.176339742e-04 0.000000000e+00
3.180000000e-04 0.000000000e+00
3.180000010e-04 3.300000000e+00
3.186359728e-04 3.300000000e+00
3.186359738e-04 0.000000000e+00
3.190000000e-04 0.000000000e+00
3.190000010e-04 3.300000000e+00
3.196379724e-04 3.300000000e+00
3.196379734e-04 0.000000000e+00
3.200000000e-04 0.000000000e+00
3.200000010e-04 3.300000000e+00
3.206399720e-04 3.300000000e+00
3.206399730e-04 0.000000000e+00
3.210000000e-04 0.000000000e+00
3.210000010e-04 3.300000000e+00
3.216419716e-04 3.300000000e+00
3.216419726e-04 0.000000000e+00
3.220000000e-04 0.000000000e+00
3.220000010e-04 3.300000000e+00
3.226439712e-04 3.300000000e+00
3.226439722e-04 0.000000000e+00
3.230000000e-04 0.000000000e+00
3.230000010e-04 3.300000000e+00
3.236459708e-04 3.300000000e+00
3.236459718e-04 0.000000000e+00
3.240000000e-04 0.000000000e+00
3.240000010e-04 3.300000000e+00
3.246479704e-04 3.300000000e+00
3.246479714e-04 0.000000000e+00
3.250000000e-04 0.000000000e+00
3.250000010e-04 3.300000000e+00
3.256499700e-04 3.300000000e+00
3.256499710e-04 0.000000000e+00
3.260000000e-04 0.000000000e+00
3.260000010e-04 3.300000000e+00
3.266519696e-04 3.300000000e+00
3.266519706e-04 0.000000000e+00
3.270000000e-04 0.000000000e+00
3.270000010e-04 3.300000000e+00
3.276539692e-04 3.300000000e+00
3.276539702e-04 0.000000000e+00
3.280000000e-04 0.000000000e+00
3.280000010e-04 3.300000000e+00
3.286559688e-04 3.300000000e+00
3.286559698e-04 0.000000000e+00
3.290000000e-04 0.000000000e+00
3.290000010e-04 3.300000000e+00
3.296579684e-04 3.300000000e+00
3.296579694e-04 0.000000000e+00
3.300000000e-04 0.000000000e+00
3.300000010e-04 3.300000000e+00
3.306599680e-04 3.300000000e+00
3.306599690e-04 0.000000000e+00
3.310000000e-04 0.000000000e+00
3.310000010e-04 3.300000000e+00
3.316619676e-04 3.300000000e+00
3.316619686e-04 0.000000000e+00
3.320000000e-04 0.000000000e+00
3.320000010e-04 3.300000000e+00
3.326639672e-04 3.300000000e+00
3.326639682e-04 0.000000000e+00
3.330000000e-04 0.000000000e+00
3.330000010e-04 3.300000000e+00
3.336659668e-04 3.300000000e+00
3.336659678e-04 0.000000000e+00
3.340000000e-04 0.000000000e+00
3.340000010e-04 3.300000000e+00
3.346679664e-04 3.300000000e+00
3.346679674e-04 0.000000000e+00
3.350000000e-04 0.000000000e+00
3.350000010e-04 3.300000000e+00
3.356699660e-04 3.300000000e+00
3.356699670e-04 0.000000000e+00
3.360000000e-04 0.000000000e+00
3.360000010e-04 3.300000000e+00
3.366719656e-04 3.300000000e+00
3.366719666e-04 0.000000000e+00
3.370000000e-04 0.000000000e+00
3.370000010e-04 3.300000000e+00
3.376739652e-04 3.300000000e+00
3.376739662e-04 0.000000000e+00
3.380000000e-04 0.000000000e+00
3.380000010e-04 3.300000000e+00
3.386759648e-04 3.300000000e+00
3.386759658e-04 0.000000000e+00
3.390000000e-04 0.000000000e+00
3.390000010e-04 3.300000000e+00
3.396779644e-04 3.300000000e+00
3.396779654e-04 0.000000000e+00
3.400000000e-04 0.000000000e+00
3.400000010e-04 3.300000000e+00
3.406799640e-04 3.300000000e+00
3.406799650e-04 0.000000000e+00
3.410000000e-04 0.000000000e+00
3.410000010e-04 3.300000000e+00
3.416819636e-04 3.300000000e+00
3.416819646e-04 0.000000000e+00
3.420000000e-04 0.000000000e+00
3.420000010e-04 3.300000000e+00
3.426839632e-04 3.300000000e+00
3.426839642e-04 0.000000000e+00
3.430000000e-04 0.000000000e+00
3.430000010e-04 3.300000000e+00
3.436859628e-04 3.300000000e+00
3.436859638e-04 0.000000000e+00
3.440000000e-04 0.000000000e+00
3.440000010e-04 3.300000000e+00
3.446879624e-04 3.300000000e+00
3.446879634e-04 0.000000000e+00
3.450000000e-04 0.000000000e+00
3.450000010e-04 3.300000000e+00
3.456899620e-04 3.300000000e+00
3.456899630e-04 0.000000000e+00
3.460000000e-04 0.000000000e+00
3.460000010e-04 3.300000000e+00
3.466919616e-04 3.300000000e+00
3.466919626e-04 0.000000000e+00
3.470000000e-04 0.000000000e+00
3.470000010e-04 3.300000000e+00
3.476939612e-04 3.300000000e+00
3.476939622e-04 0.000000000e+00
3.480000000e-04 0.000000000e+00
3.480000010e-04 3.300000000e+00
3.486959608e-04 3.300000000e+00
3.486959618e-04 0.000000000e+00
3.490000000e-04 0.000000000e+00
3.490000010e-04 3.300000000e+00
3.496979604e-04 3.300000000e+00
3.496979614e-04 0.000000000e+00
3.500000000e-04 0.000000000e+00
3.500000010e-04 3.300000000e+00
3.506999600e-04 3.300000000e+00
3.506999610e-04 0.000000000e+00
3.510000000e-04 0.000000000e+00
3.510000010e-04 3.300000000e+00
3.517019596e-04 3.300000000e+00
3.517019606e-04 0.000000000e+00
3.520000000e-04 0.000000000e+00
3.520000010e-04 3.300000000e+00
3.527039592e-04 3.300000000e+00
3.527039602e-04 0.000000000e+00
3.530000000e-04 0.000000000e+00
3.530000010e-04 3.300000000e+00
3.537059588e-04 3.300000000e+00
3.537059598e-04 0.000000000e+00
3.540000000e-04 0.000000000e+00
3.540000010e-04 3.300000000e+00
3.547079584e-04 3.300000000e+00
3.547079594e-04 0.000000000e+00
3.550000000e-04 0.000000000e+00
3.550000010e-04 3.300000000e+00
3.557099580e-04 3.300000000e+00
3.557099590e-04 0.000000000e+00
3.560000000e-04 0.000000000e+00
3.560000010e-04 3.300000000e+00
3.567119576e-04 3.300000000e+00
3.567119586e-04 0.000000000e+00
3.570000000e-04 0.000000000e+00
3.570000010e-04 3.300000000e+00
3.577139572e-04 3.300000000e+00
3.577139582e-04 0.000000000e+00
3.580000000e-04 0.000000000e+00
3.580000010e-04 3.300000000e+00
3.587159568e-04 3.300000000e+00
3.587159578e-04 0.000000000e+00
3.590000000e-04 0.000000000e+00
3.590000010e-04 3.300000000e+00
3.597179564e-04 3.300000000e+00
3.597179574e-04 0.000000000e+00
3.600000000e-04 0.000000000e+00
3.600000010e-04 3.300000000e+00
3.607199560e-04 3.300000000e+00
3.607199570e-04 0.000000000e+00
3.610000000e-04 0.000000000e+00
3.610000010e-04 3.300000000e+00
3.617219556e-04 3.300000000e+00
3.617219566e-04 0.000000000e+00
3.620000000e-04 0.000000000e+00
3.620000010e-04 3.300000000e+00
3.627239552e-04 3.300000000e+00
3.627239562e-04 0.000000000e+00
3.630000000e-04 0.000000000e+00
3.630000010e-04 3.300000000e+00
3.637259548e-04 3.300000000e+00
3.637259558e-04 0.000000000e+00
3.640000000e-04 0.000000000e+00
3.640000010e-04 3.300000000e+00
3.647279544e-04 3.300000000e+00
3.647279554e-04 0.000000000e+00
3.650000000e-04 0.000000000e+00
3.650000010e-04 3.300000000e+00
3.657299540e-04 3.300000000e+00
3.657299550e-04 0.000000000e+00
3.660000000e-04 0.000000000e+00
3.660000010e-04 3.300000000e+00
3.667319536e-04 3.300000000e+00
3.667319546e-04 0.000000000e+00
3.670000000e-04 0.000000000e+00
3.670000010e-04 3.300000000e+00
3.677339532e-04 3.300000000e+00
3.677339542e-04 0.000000000e+00
3.680000000e-04 0.000000000e+00
3.680000010e-04 3.300000000e+00
3.687359528e-04 3.300000000e+00
3.687359538e-04 0.000000000e+00
3.690000000e-04 0.000000000e+00
3.690000010e-04 3.300000000e+00
3.697379524e-04 3.300000000e+00
3.697379534e-04 0.000000000e+00
3.700000000e-04 0.000000000e+00
3.700000010e-04 3.300000000e+00
3.707399520e-04 3.300000000e+00
3.707399530e-04 0.000000000e+00
3.710000000e-04 0.000000000e+00
3.710000010e-04 3.300000000e+00
3.717419516e-04 3.300000000e+00
3.717419526e-04 0.000000000e+00
3.720000000e-04 0.000000000e+00
3.720000010e-04 3.300000000e+00
3.727439512e-04 3.300000000e+00
3.727439522e-04 0.000000000e+00
3.730000000e-04 0.000000000e+00
3.730000010e-04 3.300000000e+00
3.737459508e-04 3.300000000e+00
3.737459518e-04 0.000000000e+00
3.740000000e-04 0.000000000e+00
3.740000010e-04 3.300000000e+00
3.747479504e-04 3.300000000e+00
3.747479514e-04 0.000000000e+00
3.750000000e-04 0.000000000e+00
3.750000010e-04 3.300000000e+00
3.757499500e-04 3.300000000e+00
3.757499510e-04 0.000000000e+00
3.760000000e-04 0.000000000e+00
3.760000010e-04 3.300000000e+00
3.767519496e-04 3.300000000e+00
3.767519506e-04 0.000000000e+00
3.770000000e-04 0.000000000e+00
3.770000010e-04 3.300000000e+00
3.777539492e-04 3.300000000e+00
3.777539502e-04 0.000000000e+00
3.780000000e-04 0.000000000e+00
3.780000010e-04 3.300000000e+00
3.787559488e-04 3.300000000e+00
3.787559498e-04 0.000000000e+00
3.790000000e-04 0.000000000e+00
3.790000010e-04 3.300000000e+00
3.797579484e-04 3.300000000e+00
3.797579494e-04 0.000000000e+00
3.800000000e-04 0.000000000e+00
3.800000010e-04 3.300000000e+00
3.807599480e-04 3.300000000e+00
3.807599490e-04 0.000000000e+00
3.810000000e-04 0.000000000e+00
3.810000010e-04 3.300000000e+00
3.817619476e-04 3.300000000e+00
3.817619486e-04 0.000000000e+00
3.820000000e-04 0.000000000e+00
3.820000010e-04 3.300000000e+00
3.827639472e-04 3.300000000e+00
3.827639482e-04 0.000000000e+00
3.830000000e-04 0.000000000e+00
3.830000010e-04 3.300000000e+00
3.837659468e-04 3.300000000e+00
3.837659478e-04 0.000000000e+00
3.840000000e-04 0.000000000e+00
3.840000010e-04 3.300000000e+00
3.847679464e-04 3.300000000e+00
3.847679474e-04 0.000000000e+00
3.850000000e-04 0.000000000e+00
3.850000010e-04 3.300000000e+00
3.857699460e-04 3.300000000e+00
3.857699470e-04 0.000000000e+00
3.860000000e-04 0.000000000e+00
3.860000010e-04 3.300000000e+00
3.867719456e-04 3.300000000e+00
3.867719466e-04 0.000000000e+00
3.870000000e-04 0.000000000e+00
3.870000010e-04 3.300000000e+00
3.877739452e-04 3.300000000e+00
3.877739462e-04 0.000000000e+00
3.880000000e-04 0.000000000e+00
3.880000010e-04 3.300000000e+00
3.887759448e-04 3.300000000e+00
3.887759458e-04 0.000000000e+00
3.890000000e-04 0.000000000e+00
3.890000010e-04 3.300000000e+00
3.897779444e-04 3.300000000e+00
3.897779454e-04 0.000000000e+00
3.900000000e-04 0.000000000e+00
3.900000010e-04 3.300000000e+00
3.907799440e-04 3.300000000e+00
3.907799450e-04 0.000000000e+00
3.910000000e-04 0.000000000e+00
3.910000010e-04 3.300000000e+00
3.917819436e-04 3.300000000e+00
3.917819446e-04 0.000000000e+00
3.920000000e-04 0.000000000e+00
3.920000010e-04 3.300000000e+00
3.927839432e-04 3.300000000e+00
3.927839442e-04 0.000000000e+00
3.930000000e-04 0.000000000e+00
3.930000010e-04 3.300000000e+00
3.937859428e-04 3.300000000e+00
3.937859438e-04 0.000000000e+00
3.940000000e-04 0.000000000e+00
3.940000010e-04 3.300000000e+00
3.947879424e-04 3.300000000e+00
3.947879434e-04 0.000000000e+00
3.950000000e-04 0.000000000e+00
3.950000010e-04 3.300000000e+00
3.957899420e-04 3.300000000e+00
3.957899430e-04 0.000000000e+00
3.960000000e-04 0.000000000e+00
3.960000010e-04 3.300000000e+00
3.967919416e-04 3.300000000e+00
3.967919426e-04 0.000000000e+00
3.970000000e-04 0.000000000e+00
3.970000010e-04 3.300000000e+00
3.977939412e-04 3.300000000e+00
3.977939422e-04 0.000000000e+00
3.980000000e-04 0.000000000e+00
3.980000010e-04 3.300000000e+00
3.987959408e-04 3.300000000e+00
3.987959418e-04 0.000000000e+00
3.990000000e-04 0.000000000e+00
3.990000010e-04 3.300000000e+00
3.997979404e-04 3.300000000e+00
3.997979414e-04 0.000000000e+00
4.000000000e-04 0.000000000e+00
4.000000010e-04 3.300000000e+00
4.007999400e-04 3.300000000e+00
4.007999410e-04 0.000000000e+00
4.010000000e-04 0.000000000e+00
4.010000010e-04 3.300000000e+00
4.018019396e-04 3.300000000e+00
4.018019406e-04 0.000000000e+00
4.020000000e-04 0.000000000e+00
4.020000010e-04 3.300000000e+00
4.028039392e-04 3.300000000e+00
4.028039402e-04 0.000000000e+00
4.030000000e-04 0.000000000e+00
4.030000010e-04 3.300000000e+00
4.038059388e-04 3.300000000e+00
4.038059398e-04 0.000000000e+00
4.040000000e-04 0.000000000e+00
4.040000010e-04 3.300000000e+00
4.048079384e-04 3.300000000e+00
4.048079394e-04 0.000000000e+00
4.050000000e-04 0.000000000e+00
4.050000010e-04 3.300000000e+00
4.058099380e-04 3.300000000e+00
4.058099390e-04 0.000000000e+00
4.060000000e-04 0.000000000e+00
4.060000010e-04 3.300000000e+00
4.068119376e-04 3.300000000e+00
4.068119386e-04 0.000000000e+00
4.070000000e-04 0.000000000e+00
4.070000010e-04 3.300000000e+00
4.078139372e-04 3.300000000e+00
4.078139382e-04 0.000000000e+00
4.080000000e-04 0.000000000e+00
4.080000010e-04 3.300000000e+00
4.088159368e-04 3.300000000e+00
4.088159378e-04 0.000000000e+00
4.090000000e-04 0.000000000e+00
4.090000010e-04 3.300000000e+00
4.098179364e-04 3.300000000e+00
4.098179374e-04 0.000000000e+00
4.100000000e-04 0.000000000e+00
4.100000010e-04 3.300000000e+00
4.108199360e-04 3.300000000e+00
4.108199370e-04 0.000000000e+00
4.110000000e-04 0.000000000e+00
4.110000010e-04 3.300000000e+00
4.118219356e-04 3.300000000e+00
4.118219366e-04 0.000000000e+00
4.120000000e-04 0.000000000e+00
4.120000010e-04 3.300000000e+00
4.128239352e-04 3.300000000e+00
4.128239362e-04 0.000000000e+00
4.130000000e-04 0.000000000e+00
4.130000010e-04 3.300000000e+00
4.138259348e-04 3.300000000e+00
4.138259358e-04 0.000000000e+00
4.140000000e-04 0.000000000e+00
4.140000010e-04 3.300000000e+00
4.148279344e-04 3.300000000e+00
4.148279354e-04 0.000000000e+00
4.150000000e-04 0.000000000e+00
4.150000010e-04 3.300000000e+00
4.158299340e-04 3.300000000e+00
4.158299350e-04 0.000000000e+00
4.160000000e-04 0.000000000e+00
4.160000010e-04 3.300000000e+00
4.168319336e-04 3.300000000e+00
4.168319346e-04 0.000000000e+00
4.170000000e-04 0.000000000e+00
4.170000010e-04 3.300000000e+00
4.178339332e-04 3.300000000e+00
4.178339342e-04 0.000000000e+00
4.180000000e-04 0.000000000e+00
4.180000010e-04 3.300000000e+00
4.188359328e-04 3.300000000e+00
4.188359338e-04 0.000000000e+00
4.190000000e-04 0.000000000e+00
4.190000010e-04 3.300000000e+00
4.198379324e-04 3.300000000e+00
4.198379334e-04 0.000000000e+00
4.200000000e-04 0.000000000e+00
4.200000010e-04 3.300000000e+00
4.208399320e-04 3.300000000e+00
4.208399330e-04 0.000000000e+00
4.210000000e-04 0.000000000e+00
4.210000010e-04 3.300000000e+00
4.218419316e-04 3.300000000e+00
4.218419326e-04 0.000000000e+00
4.220000000e-04 0.000000000e+00
4.220000010e-04 3.300000000e+00
4.228439312e-04 3.300000000e+00
4.228439322e-04 0.000000000e+00
4.230000000e-04 0.000000000e+00
4.230000010e-04 3.300000000e+00
4.238459308e-04 3.300000000e+00
4.238459318e-04 0.000000000e+00
4.240000000e-04 0.000000000e+00
4.240000010e-04 3.300000000e+00
4.248479304e-04 3.300000000e+00
4.248479314e-04 0.000000000e+00
4.250000000e-04 0.000000000e+00
4.250000010e-04 3.300000000e+00
4.258499300e-04 3.300000000e+00
4.258499310e-04 0.000000000e+00
4.260000000e-04 0.000000000e+00
4.260000010e-04 3.300000000e+00
4.268519296e-04 3.300000000e+00
4.268519306e-04 0.000000000e+00
4.270000000e-04 0.000000000e+00
4.270000010e-04 3.300000000e+00
4.278539292e-04 3.300000000e+00
4.278539302e-04 0.000000000e+00
4.280000000e-04 0.000000000e+00
4.280000010e-04 3.300000000e+00
4.288559288e-04 3.300000000e+00
4.288559298e-04 0.000000000e+00
4.290000000e-04 0.000000000e+00
4.290000010e-04 3.300000000e+00
4.298579284e-04 3.300000000e+00
4.298579294e-04 0.000000000e+00
4.300000000e-04 0.000000000e+00
4.300000010e-04 3.300000000e+00
4.308599280e-04 3.300000000e+00
4.308599290e-04 0.000000000e+00
4.310000000e-04 0.000000000e+00
4.310000010e-04 3.300000000e+00
4.318619276e-04 3.300000000e+00
4.318619286e-04 0.000000000e+00
4.320000000e-04 0.000000000e+00
4.320000010e-04 3.300000000e+00
4.328639272e-04 3.300000000e+00
4.328639282e-04 0.000000000e+00
4.330000000e-04 0.000000000e+00
4.330000010e-04 3.300000000e+00
4.338659268e-04 3.300000000e+00
4.338659278e-04 0.000000000e+00
4.340000000e-04 0.000000000e+00
4.340000010e-04 3.300000000e+00
4.348679264e-04 3.300000000e+00
4.348679274e-04 0.000000000e+00
4.350000000e-04 0.000000000e+00
4.350000010e-04 3.300000000e+00
4.358699260e-04 3.300000000e+00
4.358699270e-04 0.000000000e+00
4.360000000e-04 0.000000000e+00
4.360000010e-04 3.300000000e+00
4.368719256e-04 3.300000000e+00
4.368719266e-04 0.000000000e+00
4.370000000e-04 0.000000000e+00
4.370000010e-04 3.300000000e+00
4.378739252e-04 3.300000000e+00
4.378739262e-04 0.000000000e+00
4.380000000e-04 0.000000000e+00
4.380000010e-04 3.300000000e+00
4.388759248e-04 3.300000000e+00
4.388759258e-04 0.000000000e+00
4.390000000e-04 0.000000000e+00
4.390000010e-04 3.300000000e+00
4.398779244e-04 3.300000000e+00
4.398779254e-04 0.000000000e+00
4.400000000e-04 0.000000000e+00
4.400000010e-04 3.300000000e+00
4.408799240e-04 3.300000000e+00
4.408799250e-04 0.000000000e+00
4.410000000e-04 0.000000000e+00
4.410000010e-04 3.300000000e+00
4.418819236e-04 3.300000000e+00
4.418819246e-04 0.000000000e+00
4.420000000e-04 0.000000000e+00
4.420000010e-04 3.300000000e+00
4.428839232e-04 3.300000000e+00
4.428839242e-04 0.000000000e+00
4.430000000e-04 0.000000000e+00
4.430000010e-04 3.300000000e+00
4.438859228e-04 3.300000000e+00
4.438859238e-04 0.000000000e+00
4.440000000e-04 0.000000000e+00
4.440000010e-04 3.300000000e+00
4.448879224e-04 3.300000000e+00
4.448879234e-04 0.000000000e+00
4.450000000e-04 0.000000000e+00
4.450000010e-04 3.300000000e+00
4.458899220e-04 3.300000000e+00
4.458899230e-04 0.000000000e+00
4.460000000e-04 0.000000000e+00
4.460000010e-04 3.300000000e+00
4.468919216e-04 3.300000000e+00
4.468919226e-04 0.000000000e+00
4.470000000e-04 0.000000000e+00
4.470000010e-04 3.300000000e+00
4.478939212e-04 3.300000000e+00
4.478939222e-04 0.000000000e+00
4.480000000e-04 0.000000000e+00
4.480000010e-04 3.300000000e+00
4.488959208e-04 3.300000000e+00
4.488959218e-04 0.000000000e+00
4.490000000e-04 0.000000000e+00
4.490000010e-04 3.300000000e+00
4.498979204e-04 3.300000000e+00
4.498979214e-04 0.000000000e+00
4.500000000e-04 0.000000000e+00
4.500000010e-04 3.300000000e+00
4.508999200e-04 3.300000000e+00
4.508999210e-04 0.000000000e+00
4.510000000e-04 0.000000000e+00
4.510000010e-04 3.300000000e+00
4.519019196e-04 3.300000000e+00
4.519019206e-04 0.000000000e+00
4.520000000e-04 0.000000000e+00
4.520000010e-04 3.300000000e+00
4.529039192e-04 3.300000000e+00
4.529039202e-04 0.000000000e+00
4.530000000e-04 0.000000000e+00
4.530000010e-04 3.300000000e+00
4.539059188e-04 3.300000000e+00
4.539059198e-04 0.000000000e+00
4.540000000e-04 0.000000000e+00
4.540000010e-04 3.300000000e+00
4.549079184e-04 3.300000000e+00
4.549079194e-04 0.000000000e+00
4.550000000e-04 0.000000000e+00
4.550000010e-04 3.300000000e+00
4.559099180e-04 3.300000000e+00
4.559099190e-04 0.000000000e+00
4.560000000e-04 0.000000000e+00
4.560000010e-04 3.300000000e+00
4.569119176e-04 3.300000000e+00
4.569119186e-04 0.000000000e+00
4.570000000e-04 0.000000000e+00
4.570000010e-04 3.300000000e+00
4.579139172e-04 3.300000000e+00
4.579139182e-04 0.000000000e+00
4.580000000e-04 0.000000000e+00
4.580000010e-04 3.300000000e+00
4.589159168e-04 3.300000000e+00
4.589159178e-04 0.000000000e+00
4.590000000e-04 0.000000000e+00
4.590000010e-04 3.300000000e+00
4.599179164e-04 3.300000000e+00
4.599179174e-04 0.000000000e+00
4.600000000e-04 0.000000000e+00
4.600000010e-04 3.300000000e+00
4.609199160e-04 3.300000000e+00
4.609199170e-04 0.000000000e+00
4.610000000e-04 0.000000000e+00
4.610000010e-04 3.300000000e+00
4.619219156e-04 3.300000000e+00
4.619219166e-04 0.000000000e+00
4.620000000e-04 0.000000000e+00
4.620000010e-04 3.300000000e+00
4.629239152e-04 3.300000000e+00
4.629239162e-04 0.000000000e+00
4.630000000e-04 0.000000000e+00
4.630000010e-04 3.300000000e+00
4.639259148e-04 3.300000000e+00
4.639259158e-04 0.000000000e+00
4.640000000e-04 0.000000000e+00
4.640000010e-04 3.300000000e+00
4.649279144e-04 3.300000000e+00
4.649279154e-04 0.000000000e+00
4.650000000e-04 0.000000000e+00
4.650000010e-04 3.300000000e+00
4.659299140e-04 3.300000000e+00
4.659299150e-04 0.000000000e+00
4.660000000e-04 0.000000000e+00
4.660000010e-04 3.300000000e+00
4.669319136e-04 3.300000000e+00
4.669319146e-04 0.000000000e+00
4.670000000e-04 0.000000000e+00
4.670000010e-04 3.300000000e+00
4.679339132e-04 3.300000000e+00
4.679339142e-04 0.000000000e+00
4.680000000e-04 0.000000000e+00
4.680000010e-04 3.300000000e+00
4.689359128e-04 3.300000000e+00
4.689359138e-04 0.000000000e+00
4.690000000e-04 0.000000000e+00
4.690000010e-04 3.300000000e+00
4.699379124e-04 3.300000000e+00
4.699379134e-04 0.000000000e+00
4.700000000e-04 0.000000000e+00
4.700000010e-04 3.300000000e+00
4.709399120e-04 3.300000000e+00
4.709399130e-04 0.000000000e+00
4.710000000e-04 0.000000000e+00
4.710000010e-04 3.300000000e+00
4.719419116e-04 3.300000000e+00
4.719419126e-04 0.000000000e+00
4.720000000e-04 0.000000000e+00
4.720000010e-04 3.300000000e+00
4.729439112e-04 3.300000000e+00
4.729439122e-04 0.000000000e+00
4.730000000e-04 0.000000000e+00
4.730000010e-04 3.300000000e+00
4.739459108e-04 3.300000000e+00
4.739459118e-04 0.000000000e+00
4.740000000e-04 0.000000000e+00
4.740000010e-04 3.300000000e+00
4.749479104e-04 3.300000000e+00
4.749479114e-04 0.000000000e+00
4.750000000e-04 0.000000000e+00
4.750000010e-04 3.300000000e+00
4.759499100e-04 3.300000000e+00
4.759499110e-04 0.000000000e+00
4.760000000e-04 0.000000000e+00
4.760000010e-04 3.300000000e+00
4.769519096e-04 3.300000000e+00
4.769519106e-04 0.000000000e+00
4.770000000e-04 0.000000000e+00
4.770000010e-04 3.300000000e+00
4.779539092e-04 3.300000000e+00
4.779539102e-04 0.000000000e+00
4.780000000e-04 0.000000000e+00
4.780000010e-04 3.300000000e+00
4.789559088e-04 3.300000000e+00
4.789559098e-04 0.000000000e+00
4.790000000e-04 0.000000000e+00
4.790000010e-04 3.300000000e+00
4.799579084e-04 3.300000000e+00
4.799579094e-04 0.000000000e+00
4.800000000e-04 0.000000000e+00
4.800000010e-04 3.300000000e+00
4.809599080e-04 3.300000000e+00
4.809599090e-04 0.000000000e+00
4.810000000e-04 0.000000000e+00
4.810000010e-04 3.300000000e+00
4.819619076e-04 3.300000000e+00
4.819619086e-04 0.000000000e+00
4.820000000e-04 0.000000000e+00
4.820000010e-04 3.300000000e+00
4.829639072e-04 3.300000000e+00
4.829639082e-04 0.000000000e+00
4.830000000e-04 0.000000000e+00
4.830000010e-04 3.300000000e+00
4.839659068e-04 3.300000000e+00
4.839659078e-04 0.000000000e+00
4.840000000e-04 0.000000000e+00
4.840000010e-04 3.300000000e+00
4.849679064e-04 3.300000000e+00
4.849679074e-04 0.000000000e+00
4.850000000e-04 0.000000000e+00
4.850000010e-04 3.300000000e+00
4.859699060e-04 3.300000000e+00
4.859699070e-04 0.000000000e+00
4.860000000e-04 0.000000000e+00
4.860000010e-04 3.300000000e+00
4.869719056e-04 3.300000000e+00
4.869719066e-04 0.000000000e+00
4.870000000e-04 0.000000000e+00
4.870000010e-04 3.300000000e+00
4.879739052e-04 3.300000000e+00
4.879739062e-04 0.000000000e+00
4.880000000e-04 0.000000000e+00
4.880000010e-04 3.300000000e+00
4.889759048e-04 3.300000000e+00
4.889759058e-04 0.000000000e+00
4.890000000e-04 0.000000000e+00
4.890000010e-04 3.300000000e+00
4.899779044e-04 3.300000000e+00
4.899779054e-04 0.000000000e+00
4.900000000e-04 0.000000000e+00
4.900000010e-04 3.300000000e+00
4.909799040e-04 3.300000000e+00
4.909799050e-04 0.000000000e+00
4.910000000e-04 0.000000000e+00
4.910000010e-04 3.300000000e+00
4.919819036e-04 3.300000000e+00
4.919819046e-04 0.000000000e+00
4.920000000e-04 0.000000000e+00
4.920000010e-04 3.300000000e+00
4.929839032e-04 3.300000000e+00
4.929839042e-04 0.000000000e+00
4.930000000e-04 0.000000000e+00
4.930000010e-04 3.300000000e+00
4.939859028e-04 3.300000000e+00
4.939859038e-04 0.000000000e+00
4.940000000e-04 0.000000000e+00
4.940000010e-04 3.300000000e+00
4.949879024e-04 3.300000000e+00
4.949879034e-04 0.000000000e+00
4.950000000e-04 0.000000000e+00
4.950000010e-04 3.300000000e+00
4.959899020e-04 3.300000000e+00
4.959899030e-04 0.000000000e+00
4.960000000e-04 0.000000000e+00
4.960000010e-04 3.300000000e+00
4.969919016e-04 3.300000000e+00
4.969919026e-04 0.000000000e+00
4.970000000e-04 0.000000000e+00
4.970000010e-04 3.300000000e+00
4.979939012e-04 3.300000000e+00
4.979939022e-04 0.000000000e+00
4.980000000e-04 0.000000000e+00
4.980000010e-04 3.300000000e+00
4.989959008e-04 3.300000000e+00
4.989959018e-04 0.000000000e+00
4.990000000e-04 0.000000000e+00
4.990000010e-04 3.300000000e+00
4.999979004e-04 3.300000000e+00
4.999979014e-04 0.000000000e+00
5.000000000e-04 0.000000000e+00
5.000000010e-04 3.300000000e+00
5.009999000e-04 3.300000000e+00
5.009999010e-04 0.000000000e+00
5.010000000e-04 0.000000000e+00
5.010000010e-04 3.300000000e+00
5.019979004e-04 3.300000000e+00
5.019979014e-04 0.000000000e+00
5.020000000e-04 0.000000000e+00
5.020000010e-04 3.300000000e+00
5.029959008e-04 3.300000000e+00
5.029959018e-04 0.000000000e+00
5.030000000e-04 0.000000000e+00
5.030000010e-04 3.300000000e+00
5.039939012e-04 3.300000000e+00
5.039939022e-04 0.000000000e+00
5.040000000e-04 0.000000000e+00
5.040000010e-04 3.300000000e+00
5.049919016e-04 3.300000000e+00
5.049919026e-04 0.000000000e+00
5.050000000e-04 0.000000000e+00
5.050000010e-04 3.300000000e+00
5.059899020e-04 3.300000000e+00
5.059899030e-04 0.000000000e+00
5.060000000e-04 0.000000000e+00
5.060000010e-04 3.300000000e+00
5.069879024e-04 3.300000000e+00
5.069879034e-04 0.000000000e+00
5.070000000e-04 0.000000000e+00
5.070000010e-04 3.300000000e+00
5.079859028e-04 3.300000000e+00
5.079859038e-04 0.000000000e+00
5.080000000e-04 0.000000000e+00
5.080000010e-04 3.300000000e+00
5.089839032e-04 3.300000000e+00
5.089839042e-04 0.000000000e+00
5.090000000e-04 0.000000000e+00
5.090000010e-04 3.300000000e+00
5.099819036e-04 3.300000000e+00
5.099819046e-04 0.000000000e+00
5.100000000e-04 0.000000000e+00
5.100000010e-04 3.300000000e+00
5.109799040e-04 3.300000000e+00
5.109799050e-04 0.000000000e+00
5.110000000e-04 0.000000000e+00
5.110000010e-04 3.300000000e+00
5.119779044e-04 3.300000000e+00
5.119779054e-04 0.000000000e+00
5.120000000e-04 0.000000000e+00
5.120000010e-04 3.300000000e+00
5.129759048e-04 3.300000000e+00
5.129759058e-04 0.000000000e+00
5.130000000e-04 0.000000000e+00
5.130000010e-04 3.300000000e+00
5.139739052e-04 3.300000000e+00
5.139739062e-04 0.000000000e+00
5.140000000e-04 0.000000000e+00
5.140000010e-04 3.300000000e+00
5.149719056e-04 3.300000000e+00
5.149719066e-04 0.000000000e+00
5.150000000e-04 0.000000000e+00
5.150000010e-04 3.300000000e+00
5.159699060e-04 3.300000000e+00
5.159699070e-04 0.000000000e+00
5.160000000e-04 0.000000000e+00
5.160000010e-04 3.300000000e+00
5.169679064e-04 3.300000000e+00
5.169679074e-04 0.000000000e+00
5.170000000e-04 0.000000000e+00
5.170000010e-04 3.300000000e+00
5.179659068e-04 3.300000000e+00
5.179659078e-04 0.000000000e+00
5.180000000e-04 0.000000000e+00
5.180000010e-04 3.300000000e+00
5.189639072e-04 3.300000000e+00
5.189639082e-04 0.000000000e+00
5.190000000e-04 0.000000000e+00
5.190000010e-04 3.300000000e+00
5.199619076e-04 3.300000000e+00
5.199619086e-04 0.000000000e+00
5.200000000e-04 0.000000000e+00
5.200000010e-04 3.300000000e+00
5.209599080e-04 3.300000000e+00
5.209599090e-04 0.000000000e+00
5.210000000e-04 0.000000000e+00
5.210000010e-04 3.300000000e+00
5.219579084e-04 3.300000000e+00
5.219579094e-04 0.000000000e+00
5.220000000e-04 0.000000000e+00
5.220000010e-04 3.300000000e+00
5.229559088e-04 3.300000000e+00
5.229559098e-04 0.000000000e+00
5.230000000e-04 0.000000000e+00
5.230000010e-04 3.300000000e+00
5.239539092e-04 3.300000000e+00
5.239539102e-04 0.000000000e+00
5.240000000e-04 0.000000000e+00
5.240000010e-04 3.300000000e+00
5.249519096e-04 3.300000000e+00
5.249519106e-04 0.000000000e+00
5.250000000e-04 0.000000000e+00
5.250000010e-04 3.300000000e+00
5.259499100e-04 3.300000000e+00
5.259499110e-04 0.000000000e+00
5.260000000e-04 0.000000000e+00
5.260000010e-04 3.300000000e+00
5.269479104e-04 3.300000000e+00
5.269479114e-04 0.000000000e+00
5.270000000e-04 0.000000000e+00
5.270000010e-04 3.300000000e+00
5.279459108e-04 3.300000000e+00
5.279459118e-04 0.000000000e+00
5.280000000e-04 0.000000000e+00
5.280000010e-04 3.300000000e+00
5.289439112e-04 3.300000000e+00
5.289439122e-04 0.000000000e+00
5.290000000e-04 0.000000000e+00
5.290000010e-04 3.300000000e+00
5.299419116e-04 3.300000000e+00
5.299419126e-04 0.000000000e+00
5.300000000e-04 0.000000000e+00
5.300000010e-04 3.300000000e+00
5.309399120e-04 3.300000000e+00
5.309399130e-04 0.000000000e+00
5.310000000e-04 0.000000000e+00
5.310000010e-04 3.300000000e+00
5.319379124e-04 3.300000000e+00
5.319379134e-04 0.000000000e+00
5.320000000e-04 0.000000000e+00
5.320000010e-04 3.300000000e+00
5.329359128e-04 3.300000000e+00
5.329359138e-04 0.000000000e+00
5.330000000e-04 0.000000000e+00
5.330000010e-04 3.300000000e+00
5.339339132e-04 3.300000000e+00
5.339339142e-04 0.000000000e+00
5.340000000e-04 0.000000000e+00
5.340000010e-04 3.300000000e+00
5.349319136e-04 3.300000000e+00
5.349319146e-04 0.000000000e+00
5.350000000e-04 0.000000000e+00
5.350000010e-04 3.300000000e+00
5.359299140e-04 3.300000000e+00
5.359299150e-04 0.000000000e+00
5.360000000e-04 0.000000000e+00
5.360000010e-04 3.300000000e+00
5.369279144e-04 3.300000000e+00
5.369279154e-04 0.000000000e+00
5.370000000e-04 0.000000000e+00
5.370000010e-04 3.300000000e+00
5.379259148e-04 3.300000000e+00
5.379259158e-04 0.000000000e+00
5.380000000e-04 0.000000000e+00
5.380000010e-04 3.300000000e+00
5.389239152e-04 3.300000000e+00
5.389239162e-04 0.000000000e+00
5.390000000e-04 0.000000000e+00
5.390000010e-04 3.300000000e+00
5.399219156e-04 3.300000000e+00
5.399219166e-04 0.000000000e+00
5.400000000e-04 0.000000000e+00
5.400000010e-04 3.300000000e+00
5.409199160e-04 3.300000000e+00
5.409199170e-04 0.000000000e+00
5.410000000e-04 0.000000000e+00
5.410000010e-04 3.300000000e+00
5.419179164e-04 3.300000000e+00
5.419179174e-04 0.000000000e+00
5.420000000e-04 0.000000000e+00
5.420000010e-04 3.300000000e+00
5.429159168e-04 3.300000000e+00
5.429159178e-04 0.000000000e+00
5.430000000e-04 0.000000000e+00
5.430000010e-04 3.300000000e+00
5.439139172e-04 3.300000000e+00
5.439139182e-04 0.000000000e+00
5.440000000e-04 0.000000000e+00
5.440000010e-04 3.300000000e+00
5.449119176e-04 3.300000000e+00
5.449119186e-04 0.000000000e+00
5.450000000e-04 0.000000000e+00
5.450000010e-04 3.300000000e+00
5.459099180e-04 3.300000000e+00
5.459099190e-04 0.000000000e+00
5.460000000e-04 0.000000000e+00
5.460000010e-04 3.300000000e+00
5.469079184e-04 3.300000000e+00
5.469079194e-04 0.000000000e+00
5.470000000e-04 0.000000000e+00
5.470000010e-04 3.300000000e+00
5.479059188e-04 3.300000000e+00
5.479059198e-04 0.000000000e+00
5.480000000e-04 0.000000000e+00
5.480000010e-04 3.300000000e+00
5.489039192e-04 3.300000000e+00
5.489039202e-04 0.000000000e+00
5.490000000e-04 0.000000000e+00
5.490000010e-04 3.300000000e+00
5.499019196e-04 3.300000000e+00
5.499019206e-04 0.000000000e+00
5.500000000e-04 0.000000000e+00
5.500000010e-04 3.300000000e+00
5.508999200e-04 3.300000000e+00
5.508999210e-04 0.000000000e+00
5.510000000e-04 0.000000000e+00
5.510000010e-04 3.300000000e+00
5.518979204e-04 3.300000000e+00
5.518979214e-04 0.000000000e+00
5.520000000e-04 0.000000000e+00
5.520000010e-04 3.300000000e+00
5.528959208e-04 3.300000000e+00
5.528959218e-04 0.000000000e+00
5.530000000e-04 0.000000000e+00
5.530000010e-04 3.300000000e+00
5.538939212e-04 3.300000000e+00
5.538939222e-04 0.000000000e+00
5.540000000e-04 0.000000000e+00
5.540000010e-04 3.300000000e+00
5.548919216e-04 3.300000000e+00
5.548919226e-04 0.000000000e+00
5.550000000e-04 0.000000000e+00
5.550000010e-04 3.300000000e+00
5.558899220e-04 3.300000000e+00
5.558899230e-04 0.000000000e+00
5.560000000e-04 0.000000000e+00
5.560000010e-04 3.300000000e+00
5.568879224e-04 3.300000000e+00
5.568879234e-04 0.000000000e+00
5.570000000e-04 0.000000000e+00
5.570000010e-04 3.300000000e+00
5.578859228e-04 3.300000000e+00
5.578859238e-04 0.000000000e+00
5.580000000e-04 0.000000000e+00
5.580000010e-04 3.300000000e+00
5.588839232e-04 3.300000000e+00
5.588839242e-04 0.000000000e+00
5.590000000e-04 0.000000000e+00
5.590000010e-04 3.300000000e+00
5.598819236e-04 3.300000000e+00
5.598819246e-04 0.000000000e+00
5.600000000e-04 0.000000000e+00
5.600000010e-04 3.300000000e+00
5.608799240e-04 3.300000000e+00
5.608799250e-04 0.000000000e+00
5.610000000e-04 0.000000000e+00
5.610000010e-04 3.300000000e+00
5.618779244e-04 3.300000000e+00
5.618779254e-04 0.000000000e+00
5.620000000e-04 0.000000000e+00
5.620000010e-04 3.300000000e+00
5.628759248e-04 3.300000000e+00
5.628759258e-04 0.000000000e+00
5.630000000e-04 0.000000000e+00
5.630000010e-04 3.300000000e+00
5.638739252e-04 3.300000000e+00
5.638739262e-04 0.000000000e+00
5.640000000e-04 0.000000000e+00
5.640000010e-04 3.300000000e+00
5.648719256e-04 3.300000000e+00
5.648719266e-04 0.000000000e+00
5.650000000e-04 0.000000000e+00
5.650000010e-04 3.300000000e+00
5.658699260e-04 3.300000000e+00
5.658699270e-04 0.000000000e+00
5.660000000e-04 0.000000000e+00
5.660000010e-04 3.300000000e+00
5.668679264e-04 3.300000000e+00
5.668679274e-04 0.000000000e+00
5.670000000e-04 0.000000000e+00
5.670000010e-04 3.300000000e+00
5.678659268e-04 3.300000000e+00
5.678659278e-04 0.000000000e+00
5.680000000e-04 0.000000000e+00
5.680000010e-04 3.300000000e+00
5.688639272e-04 3.300000000e+00
5.688639282e-04 0.000000000e+00
5.690000000e-04 0.000000000e+00
5.690000010e-04 3.300000000e+00
5.698619276e-04 3.300000000e+00
5.698619286e-04 0.000000000e+00
5.700000000e-04 0.000000000e+00
5.700000010e-04 3.300000000e+00
5.708599280e-04 3.300000000e+00
5.708599290e-04 0.000000000e+00
5.710000000e-04 0.000000000e+00
5.710000010e-04 3.300000000e+00
5.718579284e-04 3.300000000e+00
5.718579294e-04 0.000000000e+00
5.720000000e-04 0.000000000e+00
5.720000010e-04 3.300000000e+00
5.728559288e-04 3.300000000e+00
5.728559298e-04 0.000000000e+00
5.730000000e-04 0.000000000e+00
5.730000010e-04 3.300000000e+00
5.738539292e-04 3.300000000e+00
5.738539302e-04 0.000000000e+00
5.740000000e-04 0.000000000e+00
5.740000010e-04 3.300000000e+00
5.748519296e-04 3.300000000e+00
5.748519306e-04 0.000000000e+00
5.750000000e-04 0.000000000e+00
5.750000010e-04 3.300000000e+00
5.758499300e-04 3.300000000e+00
5.758499310e-04 0.000000000e+00
5.760000000e-04 0.000000000e+00
5.760000010e-04 3.300000000e+00
5.768479304e-04 3.300000000e+00
5.768479314e-04 0.000000000e+00
5.770000000e-04 0.000000000e+00
5.770000010e-04 3.300000000e+00
5.778459308e-04 3.300000000e+00
5.778459318e-04 0.000000000e+00
5.780000000e-04 0.000000000e+00
5.780000010e-04 3.300000000e+00
5.788439312e-04 3.300000000e+00
5.788439322e-04 0.000000000e+00
5.790000000e-04 0.000000000e+00
5.790000010e-04 3.300000000e+00
5.798419316e-04 3.300000000e+00
5.798419326e-04 0.000000000e+00
5.800000000e-04 0.000000000e+00
5.800000010e-04 3.300000000e+00
5.808399320e-04 3.300000000e+00
5.808399330e-04 0.000000000e+00
5.810000000e-04 0.000000000e+00
5.810000010e-04 3.300000000e+00
5.818379324e-04 3.300000000e+00
5.818379334e-04 0.000000000e+00
5.820000000e-04 0.000000000e+00
5.820000010e-04 3.300000000e+00
5.828359328e-04 3.300000000e+00
5.828359338e-04 0.000000000e+00
5.830000000e-04 0.000000000e+00
5.830000010e-04 3.300000000e+00
5.838339332e-04 3.300000000e+00
5.838339342e-04 0.000000000e+00
5.840000000e-04 0.000000000e+00
5.840000010e-04 3.300000000e+00
5.848319336e-04 3.300000000e+00
5.848319346e-04 0.000000000e+00
5.850000000e-04 0.000000000e+00
5.850000010e-04 3.300000000e+00
5.858299340e-04 3.300000000e+00
5.858299350e-04 0.000000000e+00
5.860000000e-04 0.000000000e+00
5.860000010e-04 3.300000000e+00
5.868279344e-04 3.300000000e+00
5.868279354e-04 0.000000000e+00
5.870000000e-04 0.000000000e+00
5.870000010e-04 3.300000000e+00
5.878259348e-04 3.300000000e+00
5.878259358e-04 0.000000000e+00
5.880000000e-04 0.000000000e+00
5.880000010e-04 3.300000000e+00
5.888239352e-04 3.300000000e+00
5.888239362e-04 0.000000000e+00
5.890000000e-04 0.000000000e+00
5.890000010e-04 3.300000000e+00
5.898219356e-04 3.300000000e+00
5.898219366e-04 0.000000000e+00
5.900000000e-04 0.000000000e+00
5.900000010e-04 3.300000000e+00
5.908199360e-04 3.300000000e+00
5.908199370e-04 0.000000000e+00
5.910000000e-04 0.000000000e+00
5.910000010e-04 3.300000000e+00
5.918179364e-04 3.300000000e+00
5.918179374e-04 0.000000000e+00
5.920000000e-04 0.000000000e+00
5.920000010e-04 3.300000000e+00
5.928159368e-04 3.300000000e+00
5.928159378e-04 0.000000000e+00
5.930000000e-04 0.000000000e+00
5.930000010e-04 3.300000000e+00
5.938139372e-04 3.300000000e+00
5.938139382e-04 0.000000000e+00
5.940000000e-04 0.000000000e+00
5.940000010e-04 3.300000000e+00
5.948119376e-04 3.300000000e+00
5.948119386e-04 0.000000000e+00
5.950000000e-04 0.000000000e+00
5.950000010e-04 3.300000000e+00
5.958099380e-04 3.300000000e+00
5.958099390e-04 0.000000000e+00
5.960000000e-04 0.000000000e+00
5.960000010e-04 3.300000000e+00
5.968079384e-04 3.300000000e+00
5.968079394e-04 0.000000000e+00
5.970000000e-04 0.000000000e+00
5.970000010e-04 3.300000000e+00
5.978059388e-04 3.300000000e+00
5.978059398e-04 0.000000000e+00
5.980000000e-04 0.000000000e+00
5.980000010e-04 3.300000000e+00
5.988039392e-04 3.300000000e+00
5.988039402e-04 0.000000000e+00
5.990000000e-04 0.000000000e+00
5.990000010e-04 3.300000000e+00
5.998019396e-04 3.300000000e+00
5.998019406e-04 0.000000000e+00
6.000000000e-04 0.000000000e+00
6.000000010e-04 3.300000000e+00
6.007999400e-04 3.300000000e+00
6.007999410e-04 0.000000000e+00
6.010000000e-04 0.000000000e+00
6.010000010e-04 3.300000000e+00
6.017979404e-04 3.300000000e+00
6.017979414e-04 0.000000000e+00
6.020000000e-04 0.000000000e+00
6.020000010e-04 3.300000000e+00
6.027959408e-04 3.300000000e+00
6.027959418e-04 0.000000000e+00
6.030000000e-04 0.000000000e+00
6.030000010e-04 3.300000000e+00
6.037939412e-04 3.300000000e+00
6.037939422e-04 0.000000000e+00
6.040000000e-04 0.000000000e+00
6.040000010e-04 3.300000000e+00
6.047919416e-04 3.300000000e+00
6.047919426e-04 0.000000000e+00
6.050000000e-04 0.000000000e+00
6.050000010e-04 3.300000000e+00
6.057899420e-04 3.300000000e+00
6.057899430e-04 0.000000000e+00
6.060000000e-04 0.000000000e+00
6.060000010e-04 3.300000000e+00
6.067879424e-04 3.300000000e+00
6.067879434e-04 0.000000000e+00
6.070000000e-04 0.000000000e+00
6.070000010e-04 3.300000000e+00
6.077859428e-04 3.300000000e+00
6.077859438e-04 0.000000000e+00
6.080000000e-04 0.000000000e+00
6.080000010e-04 3.300000000e+00
6.087839432e-04 3.300000000e+00
6.087839442e-04 0.000000000e+00
6.090000000e-04 0.000000000e+00
6.090000010e-04 3.300000000e+00
6.097819436e-04 3.300000000e+00
6.097819446e-04 0.000000000e+00
6.100000000e-04 0.000000000e+00
6.100000010e-04 3.300000000e+00
6.107799440e-04 3.300000000e+00
6.107799450e-04 0.000000000e+00
6.110000000e-04 0.000000000e+00
6.110000010e-04 3.300000000e+00
6.117779444e-04 3.300000000e+00
6.117779454e-04 0.000000000e+00
6.120000000e-04 0.000000000e+00
6.120000010e-04 3.300000000e+00
6.127759448e-04 3.300000000e+00
6.127759458e-04 0.000000000e+00
6.130000000e-04 0.000000000e+00
6.130000010e-04 3.300000000e+00
6.137739452e-04 3.300000000e+00
6.137739462e-04 0.000000000e+00
6.140000000e-04 0.000000000e+00
6.140000010e-04 3.300000000e+00
6.147719456e-04 3.300000000e+00
6.147719466e-04 0.000000000e+00
6.150000000e-04 0.000000000e+00
6.150000010e-04 3.300000000e+00
6.157699460e-04 3.300000000e+00
6.157699470e-04 0.000000000e+00
6.160000000e-04 0.000000000e+00
6.160000010e-04 3.300000000e+00
6.167679464e-04 3.300000000e+00
6.167679474e-04 0.000000000e+00
6.170000000e-04 0.000000000e+00
6.170000010e-04 3.300000000e+00
6.177659468e-04 3.300000000e+00
6.177659478e-04 0.000000000e+00
6.180000000e-04 0.000000000e+00
6.180000010e-04 3.300000000e+00
6.187639472e-04 3.300000000e+00
6.187639482e-04 0.000000000e+00
6.190000000e-04 0.000000000e+00
6.190000010e-04 3.300000000e+00
6.197619476e-04 3.300000000e+00
6.197619486e-04 0.000000000e+00
6.200000000e-04 0.000000000e+00
6.200000010e-04 3.300000000e+00
6.207599480e-04 3.300000000e+00
6.207599490e-04 0.000000000e+00
6.210000000e-04 0.000000000e+00
6.210000010e-04 3.300000000e+00
6.217579484e-04 3.300000000e+00
6.217579494e-04 0.000000000e+00
6.220000000e-04 0.000000000e+00
6.220000010e-04 3.300000000e+00
6.227559488e-04 3.300000000e+00
6.227559498e-04 0.000000000e+00
6.230000000e-04 0.000000000e+00
6.230000010e-04 3.300000000e+00
6.237539492e-04 3.300000000e+00
6.237539502e-04 0.000000000e+00
6.240000000e-04 0.000000000e+00
6.240000010e-04 3.300000000e+00
6.247519496e-04 3.300000000e+00
6.247519506e-04 0.000000000e+00
6.250000000e-04 0.000000000e+00
6.250000010e-04 3.300000000e+00
6.257499500e-04 3.300000000e+00
6.257499510e-04 0.000000000e+00
6.260000000e-04 0.000000000e+00
6.260000010e-04 3.300000000e+00
6.267479504e-04 3.300000000e+00
6.267479514e-04 0.000000000e+00
6.270000000e-04 0.000000000e+00
6.270000010e-04 3.300000000e+00
6.277459508e-04 3.300000000e+00
6.277459518e-04 0.000000000e+00
6.280000000e-04 0.000000000e+00
6.280000010e-04 3.300000000e+00
6.287439512e-04 3.300000000e+00
6.287439522e-04 0.000000000e+00
6.290000000e-04 0.000000000e+00
6.290000010e-04 3.300000000e+00
6.297419516e-04 3.300000000e+00
6.297419526e-04 0.000000000e+00
6.300000000e-04 0.000000000e+00
6.300000010e-04 3.300000000e+00
6.307399520e-04 3.300000000e+00
6.307399530e-04 0.000000000e+00
6.310000000e-04 0.000000000e+00
6.310000010e-04 3.300000000e+00
6.317379524e-04 3.300000000e+00
6.317379534e-04 0.000000000e+00
6.320000000e-04 0.000000000e+00
6.320000010e-04 3.300000000e+00
6.327359528e-04 3.300000000e+00
6.327359538e-04 0.000000000e+00
6.330000000e-04 0.000000000e+00
6.330000010e-04 3.300000000e+00
6.337339532e-04 3.300000000e+00
6.337339542e-04 0.000000000e+00
6.340000000e-04 0.000000000e+00
6.340000010e-04 3.300000000e+00
6.347319536e-04 3.300000000e+00
6.347319546e-04 0.000000000e+00
6.350000000e-04 0.000000000e+00
6.350000010e-04 3.300000000e+00
6.357299540e-04 3.300000000e+00
6.357299550e-04 0.000000000e+00
6.360000000e-04 0.000000000e+00
6.360000010e-04 3.300000000e+00
6.367279544e-04 3.300000000e+00
6.367279554e-04 0.000000000e+00
6.370000000e-04 0.000000000e+00
6.370000010e-04 3.300000000e+00
6.377259548e-04 3.300000000e+00
6.377259558e-04 0.000000000e+00
6.380000000e-04 0.000000000e+00
6.380000010e-04 3.300000000e+00
6.387239552e-04 3.300000000e+00
6.387239562e-04 0.000000000e+00
6.390000000e-04 0.000000000e+00
6.390000010e-04 3.300000000e+00
6.397219556e-04 3.300000000e+00
6.397219566e-04 0.000000000e+00
6.400000000e-04 0.000000000e+00
6.400000010e-04 3.300000000e+00
6.407199560e-04 3.300000000e+00
6.407199570e-04 0.000000000e+00
6.410000000e-04 0.000000000e+00
6.410000010e-04 3.300000000e+00
6.417179564e-04 3.300000000e+00
6.417179574e-04 0.000000000e+00
6.420000000e-04 0.000000000e+00
6.420000010e-04 3.300000000e+00
6.427159568e-04 3.300000000e+00
6.427159578e-04 0.000000000e+00
6.430000000e-04 0.000000000e+00
6.430000010e-04 3.300000000e+00
6.437139572e-04 3.300000000e+00
6.437139582e-04 0.000000000e+00
6.440000000e-04 0.000000000e+00
6.440000010e-04 3.300000000e+00
6.447119576e-04 3.300000000e+00
6.447119586e-04 0.000000000e+00
6.450000000e-04 0.000000000e+00
6.450000010e-04 3.300000000e+00
6.457099580e-04 3.300000000e+00
6.457099590e-04 0.000000000e+00
6.460000000e-04 0.000000000e+00
6.460000010e-04 3.300000000e+00
6.467079584e-04 3.300000000e+00
6.467079594e-04 0.000000000e+00
6.470000000e-04 0.000000000e+00
6.470000010e-04 3.300000000e+00
6.477059588e-04 3.300000000e+00
6.477059598e-04 0.000000000e+00
6.480000000e-04 0.000000000e+00
6.480000010e-04 3.300000000e+00
6.487039592e-04 3.300000000e+00
6.487039602e-04 0.000000000e+00
6.490000000e-04 0.000000000e+00
6.490000010e-04 3.300000000e+00
6.497019596e-04 3.300000000e+00
6.497019606e-04 0.000000000e+00
6.500000000e-04 0.000000000e+00
6.500000010e-04 3.300000000e+00
6.506999600e-04 3.300000000e+00
6.506999610e-04 0.000000000e+00
6.510000000e-04 0.000000000e+00
6.510000010e-04 3.300000000e+00
6.516979604e-04 3.300000000e+00
6.516979614e-04 0.000000000e+00
6.520000000e-04 0.000000000e+00
6.520000010e-04 3.300000000e+00
6.526959608e-04 3.300000000e+00
6.526959618e-04 0.000000000e+00
6.530000000e-04 0.000000000e+00
6.530000010e-04 3.300000000e+00
6.536939612e-04 3.300000000e+00
6.536939622e-04 0.000000000e+00
6.540000000e-04 0.000000000e+00
6.540000010e-04 3.300000000e+00
6.546919616e-04 3.300000000e+00
6.546919626e-04 0.000000000e+00
6.550000000e-04 0.000000000e+00
6.550000010e-04 3.300000000e+00
6.556899620e-04 3.300000000e+00
6.556899630e-04 0.000000000e+00
6.560000000e-04 0.000000000e+00
6.560000010e-04 3.300000000e+00
6.566879624e-04 3.300000000e+00
6.566879634e-04 0.000000000e+00
6.570000000e-04 0.000000000e+00
6.570000010e-04 3.300000000e+00
6.576859628e-04 3.300000000e+00
6.576859638e-04 0.000000000e+00
6.580000000e-04 0.000000000e+00
6.580000010e-04 3.300000000e+00
6.586839632e-04 3.300000000e+00
6.586839642e-04 0.000000000e+00
6.590000000e-04 0.000000000e+00
6.590000010e-04 3.300000000e+00
6.596819636e-04 3.300000000e+00
6.596819646e-04 0.000000000e+00
6.600000000e-04 0.000000000e+00
6.600000010e-04 3.300000000e+00
6.606799640e-04 3.300000000e+00
6.606799650e-04 0.000000000e+00
6.610000000e-04 0.000000000e+00
6.610000010e-04 3.300000000e+00
6.616779644e-04 3.300000000e+00
6.616779654e-04 0.000000000e+00
6.620000000e-04 0.000000000e+00
6.620000010e-04 3.300000000e+00
6.626759648e-04 3.300000000e+00
6.626759658e-04 0.000000000e+00
6.630000000e-04 0.000000000e+00
6.630000010e-04 3.300000000e+00
6.636739652e-04 3.300000000e+00
6.636739662e-04 0.000000000e+00
6.640000000e-04 0.000000000e+00
6.640000010e-04 3.300000000e+00
6.646719656e-04 3.300000000e+00
6.646719666e-04 0.000000000e+00
6.650000000e-04 0.000000000e+00
6.650000010e-04 3.300000000e+00
6.656699660e-04 3.300000000e+00
6.656699670e-04 0.000000000e+00
6.660000000e-04 0.000000000e+00
6.660000010e-04 3.300000000e+00
6.666679664e-04 3.300000000e+00
6.666679674e-04 0.000000000e+00
6.670000000e-04 0.000000000e+00
6.670000010e-04 3.300000000e+00
6.676659668e-04 3.300000000e+00
6.676659678e-04 0.000000000e+00
6.680000000e-04 0.000000000e+00
6.680000010e-04 3.300000000e+00
6.686639672e-04 3.300000000e+00
6.686639682e-04 0.000000000e+00
6.690000000e-04 0.000000000e+00
6.690000010e-04 3.300000000e+00
6.696619676e-04 3.300000000e+00
6.696619686e-04 0.000000000e+00
6.700000000e-04 0.000000000e+00
6.700000010e-04 3.300000000e+00
6.706599680e-04 3.300000000e+00
6.706599690e-04 0.000000000e+00
6.710000000e-04 0.000000000e+00
6.710000010e-04 3.300000000e+00
6.716579684e-04 3.300000000e+00
6.716579694e-04 0.000000000e+00
6.720000000e-04 0.000000000e+00
6.720000010e-04 3.300000000e+00
6.726559688e-04 3.300000000e+00
6.726559698e-04 0.000000000e+00
6.730000000e-04 0.000000000e+00
6.730000010e-04 3.300000000e+00
6.736539692e-04 3.300000000e+00
6.736539702e-04 0.000000000e+00
6.740000000e-04 0.000000000e+00
6.740000010e-04 3.300000000e+00
6.746519696e-04 3.300000000e+00
6.746519706e-04 0.000000000e+00
6.750000000e-04 0.000000000e+00
6.750000010e-04 3.300000000e+00
6.756499700e-04 3.300000000e+00
6.756499710e-04 0.000000000e+00
6.760000000e-04 0.000000000e+00
6.760000010e-04 3.300000000e+00
6.766479704e-04 3.300000000e+00
6.766479714e-04 0.000000000e+00
6.770000000e-04 0.000000000e+00
6.770000010e-04 3.300000000e+00
6.776459708e-04 3.300000000e+00
6.776459718e-04 0.000000000e+00
6.780000000e-04 0.000000000e+00
6.780000010e-04 3.300000000e+00
6.786439712e-04 3.300000000e+00
6.786439722e-04 0.000000000e+00
6.790000000e-04 0.000000000e+00
6.790000010e-04 3.300000000e+00
6.796419716e-04 3.300000000e+00
6.796419726e-04 0.000000000e+00
6.800000000e-04 0.000000000e+00
6.800000010e-04 3.300000000e+00
6.806399720e-04 3.300000000e+00
6.806399730e-04 0.000000000e+00
6.810000000e-04 0.000000000e+00
6.810000010e-04 3.300000000e+00
6.816379724e-04 3.300000000e+00
6.816379734e-04 0.000000000e+00
6.820000000e-04 0.000000000e+00
6.820000010e-04 3.300000000e+00
6.826359728e-04 3.300000000e+00
6.826359738e-04 0.000000000e+00
6.830000000e-04 0.000000000e+00
6.830000010e-04 3.300000000e+00
6.836339732e-04 3.300000000e+00
6.836339742e-04 0.000000000e+00
6.840000000e-04 0.000000000e+00
6.840000010e-04 3.300000000e+00
6.846319736e-04 3.300000000e+00
6.846319746e-04 0.000000000e+00
6.850000000e-04 0.000000000e+00
6.850000010e-04 3.300000000e+00
6.856299740e-04 3.300000000e+00
6.856299750e-04 0.000000000e+00
6.860000000e-04 0.000000000e+00
6.860000010e-04 3.300000000e+00
6.866279744e-04 3.300000000e+00
6.866279754e-04 0.000000000e+00
6.870000000e-04 0.000000000e+00
6.870000010e-04 3.300000000e+00
6.876259748e-04 3.300000000e+00
6.876259758e-04 0.000000000e+00
6.880000000e-04 0.000000000e+00
6.880000010e-04 3.300000000e+00
6.886239752e-04 3.300000000e+00
6.886239762e-04 0.000000000e+00
6.890000000e-04 0.000000000e+00
6.890000010e-04 3.300000000e+00
6.896219756e-04 3.300000000e+00
6.896219766e-04 0.000000000e+00
6.900000000e-04 0.000000000e+00
6.900000010e-04 3.300000000e+00
6.906199760e-04 3.300000000e+00
6.906199770e-04 0.000000000e+00
6.910000000e-04 0.000000000e+00
6.910000010e-04 3.300000000e+00
6.916179764e-04 3.300000000e+00
6.916179774e-04 0.000000000e+00
6.920000000e-04 0.000000000e+00
6.920000010e-04 3.300000000e+00
6.926159768e-04 3.300000000e+00
6.926159778e-04 0.000000000e+00
6.930000000e-04 0.000000000e+00
6.930000010e-04 3.300000000e+00
6.936139772e-04 3.300000000e+00
6.936139782e-04 0.000000000e+00
6.940000000e-04 0.000000000e+00
6.940000010e-04 3.300000000e+00
6.946119776e-04 3.300000000e+00
6.946119786e-04 0.000000000e+00
6.950000000e-04 0.000000000e+00
6.950000010e-04 3.300000000e+00
6.956099780e-04 3.300000000e+00
6.956099790e-04 0.000000000e+00
6.960000000e-04 0.000000000e+00
6.960000010e-04 3.300000000e+00
6.966079784e-04 3.300000000e+00
6.966079794e-04 0.000000000e+00
6.970000000e-04 0.000000000e+00
6.970000010e-04 3.300000000e+00
6.976059788e-04 3.300000000e+00
6.976059798e-04 0.000000000e+00
6.980000000e-04 0.000000000e+00
6.980000010e-04 3.300000000e+00
6.986039792e-04 3.300000000e+00
6.986039802e-04 0.000000000e+00
6.990000000e-04 0.000000000e+00
6.990000010e-04 3.300000000e+00
6.996019796e-04 3.300000000e+00
6.996019806e-04 0.000000000e+00
7.000000000e-04 0.000000000e+00
7.000000010e-04 3.300000000e+00
7.005999800e-04 3.300000000e+00
7.005999810e-04 0.000000000e+00
7.010000000e-04 0.000000000e+00
7.010000010e-04 3.300000000e+00
7.015979804e-04 3.300000000e+00
7.015979814e-04 0.000000000e+00
7.020000000e-04 0.000000000e+00
7.020000010e-04 3.300000000e+00
7.025959808e-04 3.300000000e+00
7.025959818e-04 0.000000000e+00
7.030000000e-04 0.000000000e+00
7.030000010e-04 3.300000000e+00
7.035939812e-04 3.300000000e+00
7.035939822e-04 0.000000000e+00
7.040000000e-04 0.000000000e+00
7.040000010e-04 3.300000000e+00
7.045919816e-04 3.300000000e+00
7.045919826e-04 0.000000000e+00
7.050000000e-04 0.000000000e+00
7.050000010e-04 3.300000000e+00
7.055899820e-04 3.300000000e+00
7.055899830e-04 0.000000000e+00
7.060000000e-04 0.000000000e+00
7.060000010e-04 3.300000000e+00
7.065879824e-04 3.300000000e+00
7.065879834e-04 0.000000000e+00
7.070000000e-04 0.000000000e+00
7.070000010e-04 3.300000000e+00
7.075859828e-04 3.300000000e+00
7.075859838e-04 0.000000000e+00
7.080000000e-04 0.000000000e+00
7.080000010e-04 3.300000000e+00
7.085839832e-04 3.300000000e+00
7.085839842e-04 0.000000000e+00
7.090000000e-04 0.000000000e+00
7.090000010e-04 3.300000000e+00
7.095819836e-04 3.300000000e+00
7.095819846e-04 0.000000000e+00
7.100000000e-04 0.000000000e+00
7.100000010e-04 3.300000000e+00
7.105799840e-04 3.300000000e+00
7.105799850e-04 0.000000000e+00
7.110000000e-04 0.000000000e+00
7.110000010e-04 3.300000000e+00
7.115779844e-04 3.300000000e+00
7.115779854e-04 0.000000000e+00
7.120000000e-04 0.000000000e+00
7.120000010e-04 3.300000000e+00
7.125759848e-04 3.300000000e+00
7.125759858e-04 0.000000000e+00
7.130000000e-04 0.000000000e+00
7.130000010e-04 3.300000000e+00
7.135739852e-04 3.300000000e+00
7.135739862e-04 0.000000000e+00
7.140000000e-04 0.000000000e+00
7.140000010e-04 3.300000000e+00
7.145719856e-04 3.300000000e+00
7.145719866e-04 0.000000000e+00
7.150000000e-04 0.000000000e+00
7.150000010e-04 3.300000000e+00
7.155699860e-04 3.300000000e+00
7.155699870e-04 0.000000000e+00
7.160000000e-04 0.000000000e+00
7.160000010e-04 3.300000000e+00
7.165679864e-04 3.300000000e+00
7.165679874e-04 0.000000000e+00
7.170000000e-04 0.000000000e+00
7.170000010e-04 3.300000000e+00
7.175659868e-04 3.300000000e+00
7.175659878e-04 0.000000000e+00
7.180000000e-04 0.000000000e+00
7.180000010e-04 3.300000000e+00
7.185639872e-04 3.300000000e+00
7.185639882e-04 0.000000000e+00
7.190000000e-04 0.000000000e+00
7.190000010e-04 3.300000000e+00
7.195619876e-04 3.300000000e+00
7.195619886e-04 0.000000000e+00
7.200000000e-04 0.000000000e+00
7.200000010e-04 3.300000000e+00
7.205599880e-04 3.300000000e+00
7.205599890e-04 0.000000000e+00
7.210000000e-04 0.000000000e+00
7.210000010e-04 3.300000000e+00
7.215579884e-04 3.300000000e+00
7.215579894e-04 0.000000000e+00
7.220000000e-04 0.000000000e+00
7.220000010e-04 3.300000000e+00
7.225559888e-04 3.300000000e+00
7.225559898e-04 0.000000000e+00
7.230000000e-04 0.000000000e+00
7.230000010e-04 3.300000000e+00
7.235539892e-04 3.300000000e+00
7.235539902e-04 0.000000000e+00
7.240000000e-04 0.000000000e+00
7.240000010e-04 3.300000000e+00
7.245519896e-04 3.300000000e+00
7.245519906e-04 0.000000000e+00
7.250000000e-04 0.000000000e+00
7.250000010e-04 3.300000000e+00
7.255499900e-04 3.300000000e+00
7.255499910e-04 0.000000000e+00
7.260000000e-04 0.000000000e+00
7.260000010e-04 3.300000000e+00
7.265479904e-04 3.300000000e+00
7.265479914e-04 0.000000000e+00
7.270000000e-04 0.000000000e+00
7.270000010e-04 3.300000000e+00
7.275459908e-04 3.300000000e+00
7.275459918e-04 0.000000000e+00
7.280000000e-04 0.000000000e+00
7.280000010e-04 3.300000000e+00
7.285439912e-04 3.300000000e+00
7.285439922e-04 0.000000000e+00
7.290000000e-04 0.000000000e+00
7.290000010e-04 3.300000000e+00
7.295419916e-04 3.300000000e+00
7.295419926e-04 0.000000000e+00
7.300000000e-04 0.000000000e+00
7.300000010e-04 3.300000000e+00
7.305399920e-04 3.300000000e+00
7.305399930e-04 0.000000000e+00
7.310000000e-04 0.000000000e+00
7.310000010e-04 3.300000000e+00
7.315379924e-04 3.300000000e+00
7.315379934e-04 0.000000000e+00
7.320000000e-04 0.000000000e+00
7.320000010e-04 3.300000000e+00
7.325359928e-04 3.300000000e+00
7.325359938e-04 0.000000000e+00
7.330000000e-04 0.000000000e+00
7.330000010e-04 3.300000000e+00
7.335339932e-04 3.300000000e+00
7.335339942e-04 0.000000000e+00
7.340000000e-04 0.000000000e+00
7.340000010e-04 3.300000000e+00
7.345319936e-04 3.300000000e+00
7.345319946e-04 0.000000000e+00
7.350000000e-04 0.000000000e+00
7.350000010e-04 3.300000000e+00
7.355299940e-04 3.300000000e+00
7.355299950e-04 0.000000000e+00
7.360000000e-04 0.000000000e+00
7.360000010e-04 3.300000000e+00
7.365279944e-04 3.300000000e+00
7.365279954e-04 0.000000000e+00
7.370000000e-04 0.000000000e+00
7.370000010e-04 3.300000000e+00
7.375259948e-04 3.300000000e+00
7.375259958e-04 0.000000000e+00
7.380000000e-04 0.000000000e+00
7.380000010e-04 3.300000000e+00
7.385239952e-04 3.300000000e+00
7.385239962e-04 0.000000000e+00
7.390000000e-04 0.000000000e+00
7.390000010e-04 3.300000000e+00
7.395219956e-04 3.300000000e+00
7.395219966e-04 0.000000000e+00
7.400000000e-04 0.000000000e+00
7.400000010e-04 3.300000000e+00
7.405199960e-04 3.300000000e+00
7.405199970e-04 0.000000000e+00
7.410000000e-04 0.000000000e+00
7.410000010e-04 3.300000000e+00
7.415179964e-04 3.300000000e+00
7.415179974e-04 0.000000000e+00
7.420000000e-04 0.000000000e+00
7.420000010e-04 3.300000000e+00
7.425159968e-04 3.300000000e+00
7.425159978e-04 0.000000000e+00
7.430000000e-04 0.000000000e+00
7.430000010e-04 3.300000000e+00
7.435139972e-04 3.300000000e+00
7.435139982e-04 0.000000000e+00
7.440000000e-04 0.000000000e+00
7.440000010e-04 3.300000000e+00
7.445119976e-04 3.300000000e+00
7.445119986e-04 0.000000000e+00
7.450000000e-04 0.000000000e+00
7.450000010e-04 3.300000000e+00
7.455099980e-04 3.300000000e+00
7.455099990e-04 0.000000000e+00
7.460000000e-04 0.000000000e+00
7.460000010e-04 3.300000000e+00
7.465079984e-04 3.300000000e+00
7.465079994e-04 0.000000000e+00
7.470000000e-04 0.000000000e+00
7.470000010e-04 3.300000000e+00
7.475059988e-04 3.300000000e+00
7.475059998e-04 0.000000000e+00
7.480000000e-04 0.000000000e+00
7.480000010e-04 3.300000000e+00
7.485039992e-04 3.300000000e+00
7.485040002e-04 0.000000000e+00
7.490000000e-04 0.000000000e+00
7.490000010e-04 3.300000000e+00
7.495019996e-04 3.300000000e+00
7.495020006e-04 0.000000000e+00
7.500000000e-04 0.000000000e+00
7.500000010e-04 3.300000000e+00
7.505000000e-04 3.300000000e+00
7.505000010e-04 0.000000000e+00
7.510000000e-04 0.000000000e+00
7.510000010e-04 3.300000000e+00
7.514980004e-04 3.300000000e+00
7.514980014e-04 0.000000000e+00
7.520000000e-04 0.000000000e+00
7.520000010e-04 3.300000000e+00
7.524960008e-04 3.300000000e+00
7.524960018e-04 0.000000000e+00
7.530000000e-04 0.000000000e+00
7.530000010e-04 3.300000000e+00
7.534940012e-04 3.300000000e+00
7.534940022e-04 0.000000000e+00
7.540000000e-04 0.000000000e+00
7.540000010e-04 3.300000000e+00
7.544920016e-04 3.300000000e+00
7.544920026e-04 0.000000000e+00
7.550000000e-04 0.000000000e+00
7.550000010e-04 3.300000000e+00
7.554900020e-04 3.300000000e+00
7.554900030e-04 0.000000000e+00
7.560000000e-04 0.000000000e+00
7.560000010e-04 3.300000000e+00
7.564880024e-04 3.300000000e+00
7.564880034e-04 0.000000000e+00
7.570000000e-04 0.000000000e+00
7.570000010e-04 3.300000000e+00
7.574860028e-04 3.300000000e+00
7.574860038e-04 0.000000000e+00
7.580000000e-04 0.000000000e+00
7.580000010e-04 3.300000000e+00
7.584840032e-04 3.300000000e+00
7.584840042e-04 0.000000000e+00
7.590000000e-04 0.000000000e+00
7.590000010e-04 3.300000000e+00
7.594820036e-04 3.300000000e+00
7.594820046e-04 0.000000000e+00
7.600000000e-04 0.000000000e+00
7.600000010e-04 3.300000000e+00
7.604800040e-04 3.300000000e+00
7.604800050e-04 0.000000000e+00
7.610000000e-04 0.000000000e+00
7.610000010e-04 3.300000000e+00
7.614780044e-04 3.300000000e+00
7.614780054e-04 0.000000000e+00
7.620000000e-04 0.000000000e+00
7.620000010e-04 3.300000000e+00
7.624760048e-04 3.300000000e+00
7.624760058e-04 0.000000000e+00
7.630000000e-04 0.000000000e+00
7.630000010e-04 3.300000000e+00
7.634740052e-04 3.300000000e+00
7.634740062e-04 0.000000000e+00
7.640000000e-04 0.000000000e+00
7.640000010e-04 3.300000000e+00
7.644720056e-04 3.300000000e+00
7.644720066e-04 0.000000000e+00
7.650000000e-04 0.000000000e+00
7.650000010e-04 3.300000000e+00
7.654700060e-04 3.300000000e+00
7.654700070e-04 0.000000000e+00
7.660000000e-04 0.000000000e+00
7.660000010e-04 3.300000000e+00
7.664680064e-04 3.300000000e+00
7.664680074e-04 0.000000000e+00
7.670000000e-04 0.000000000e+00
7.670000010e-04 3.300000000e+00
7.674660068e-04 3.300000000e+00
7.674660078e-04 0.000000000e+00
7.680000000e-04 0.000000000e+00
7.680000010e-04 3.300000000e+00
7.684640072e-04 3.300000000e+00
7.684640082e-04 0.000000000e+00
7.690000000e-04 0.000000000e+00
7.690000010e-04 3.300000000e+00
7.694620076e-04 3.300000000e+00
7.694620086e-04 0.000000000e+00
7.700000000e-04 0.000000000e+00
7.700000010e-04 3.300000000e+00
7.704600080e-04 3.300000000e+00
7.704600090e-04 0.000000000e+00
7.710000000e-04 0.000000000e+00
7.710000010e-04 3.300000000e+00
7.714580084e-04 3.300000000e+00
7.714580094e-04 0.000000000e+00
7.720000000e-04 0.000000000e+00
7.720000010e-04 3.300000000e+00
7.724560088e-04 3.300000000e+00
7.724560098e-04 0.000000000e+00
7.730000000e-04 0.000000000e+00
7.730000010e-04 3.300000000e+00
7.734540092e-04 3.300000000e+00
7.734540102e-04 0.000000000e+00
7.740000000e-04 0.000000000e+00
7.740000010e-04 3.300000000e+00
7.744520096e-04 3.300000000e+00
7.744520106e-04 0.000000000e+00
7.750000000e-04 0.000000000e+00
7.750000010e-04 3.300000000e+00
7.754500100e-04 3.300000000e+00
7.754500110e-04 0.000000000e+00
7.760000000e-04 0.000000000e+00
7.760000010e-04 3.300000000e+00
7.764480104e-04 3.300000000e+00
7.764480114e-04 0.000000000e+00
7.770000000e-04 0.000000000e+00
7.770000010e-04 3.300000000e+00
7.774460108e-04 3.300000000e+00
7.774460118e-04 0.000000000e+00
7.780000000e-04 0.000000000e+00
7.780000010e-04 3.300000000e+00
7.784440112e-04 3.300000000e+00
7.784440122e-04 0.000000000e+00
7.790000000e-04 0.000000000e+00
7.790000010e-04 3.300000000e+00
7.794420116e-04 3.300000000e+00
7.794420126e-04 0.000000000e+00
7.800000000e-04 0.000000000e+00
7.800000010e-04 3.300000000e+00
7.804400120e-04 3.300000000e+00
7.804400130e-04 0.000000000e+00
7.810000000e-04 0.000000000e+00
7.810000010e-04 3.300000000e+00
7.814380124e-04 3.300000000e+00
7.814380134e-04 0.000000000e+00
7.820000000e-04 0.000000000e+00
7.820000010e-04 3.300000000e+00
7.824360128e-04 3.300000000e+00
7.824360138e-04 0.000000000e+00
7.830000000e-04 0.000000000e+00
7.830000010e-04 3.300000000e+00
7.834340132e-04 3.300000000e+00
7.834340142e-04 0.000000000e+00
7.840000000e-04 0.000000000e+00
7.840000010e-04 3.300000000e+00
7.844320136e-04 3.300000000e+00
7.844320146e-04 0.000000000e+00
7.850000000e-04 0.000000000e+00
7.850000010e-04 3.300000000e+00
7.854300140e-04 3.300000000e+00
7.854300150e-04 0.000000000e+00
7.860000000e-04 0.000000000e+00
7.860000010e-04 3.300000000e+00
7.864280144e-04 3.300000000e+00
7.864280154e-04 0.000000000e+00
7.870000000e-04 0.000000000e+00
7.870000010e-04 3.300000000e+00
7.874260148e-04 3.300000000e+00
7.874260158e-04 0.000000000e+00
7.880000000e-04 0.000000000e+00
7.880000010e-04 3.300000000e+00
7.884240152e-04 3.300000000e+00
7.884240162e-04 0.000000000e+00
7.890000000e-04 0.000000000e+00
7.890000010e-04 3.300000000e+00
7.894220156e-04 3.300000000e+00
7.894220166e-04 0.000000000e+00
7.900000000e-04 0.000000000e+00
7.900000010e-04 3.300000000e+00
7.904200160e-04 3.300000000e+00
7.904200170e-04 0.000000000e+00
7.910000000e-04 0.000000000e+00
7.910000010e-04 3.300000000e+00
7.914180164e-04 3.300000000e+00
7.914180174e-04 0.000000000e+00
7.920000000e-04 0.000000000e+00
7.920000010e-04 3.300000000e+00
7.924160168e-04 3.300000000e+00
7.924160178e-04 0.000000000e+00
7.930000000e-04 0.000000000e+00
7.930000010e-04 3.300000000e+00
7.934140172e-04 3.300000000e+00
7.934140182e-04 0.000000000e+00
7.940000000e-04 0.000000000e+00
7.940000010e-04 3.300000000e+00
7.944120176e-04 3.300000000e+00
7.944120186e-04 0.000000000e+00
7.950000000e-04 0.000000000e+00
7.950000010e-04 3.300000000e+00
7.954100180e-04 3.300000000e+00
7.954100190e-04 0.000000000e+00
7.960000000e-04 0.000000000e+00
7.960000010e-04 3.300000000e+00
7.964080184e-04 3.300000000e+00
7.964080194e-04 0.000000000e+00
7.970000000e-04 0.000000000e+00
7.970000010e-04 3.300000000e+00
7.974060188e-04 3.300000000e+00
7.974060198e-04 0.000000000e+00
7.980000000e-04 0.000000000e+00
7.980000010e-04 3.300000000e+00
7.984040192e-04 3.300000000e+00
7.984040202e-04 0.000000000e+00
7.990000000e-04 0.000000000e+00
7.990000010e-04 3.300000000e+00
7.994020196e-04 3.300000000e+00
7.994020206e-04 0.000000000e+00
8.000000000e-04 0.000000000e+00
8.000000010e-04 3.300000000e+00
8.004000200e-04 3.300000000e+00
8.004000210e-04 0.000000000e+00
8.010000000e-04 0.000000000e+00
8.010000010e-04 3.300000000e+00
8.013980204e-04 3.300000000e+00
8.013980214e-04 0.000000000e+00
8.020000000e-04 0.000000000e+00
8.020000010e-04 3.300000000e+00
8.023960208e-04 3.300000000e+00
8.023960218e-04 0.000000000e+00
8.030000000e-04 0.000000000e+00
8.030000010e-04 3.300000000e+00
8.033940212e-04 3.300000000e+00
8.033940222e-04 0.000000000e+00
8.040000000e-04 0.000000000e+00
8.040000010e-04 3.300000000e+00
8.043920216e-04 3.300000000e+00
8.043920226e-04 0.000000000e+00
8.050000000e-04 0.000000000e+00
8.050000010e-04 3.300000000e+00
8.053900220e-04 3.300000000e+00
8.053900230e-04 0.000000000e+00
8.060000000e-04 0.000000000e+00
8.060000010e-04 3.300000000e+00
8.063880224e-04 3.300000000e+00
8.063880234e-04 0.000000000e+00
8.070000000e-04 0.000000000e+00
8.070000010e-04 3.300000000e+00
8.073860228e-04 3.300000000e+00
8.073860238e-04 0.000000000e+00
8.080000000e-04 0.000000000e+00
8.080000010e-04 3.300000000e+00
8.083840232e-04 3.300000000e+00
8.083840242e-04 0.000000000e+00
8.090000000e-04 0.000000000e+00
8.090000010e-04 3.300000000e+00
8.093820236e-04 3.300000000e+00
8.093820246e-04 0.000000000e+00
8.100000000e-04 0.000000000e+00
8.100000010e-04 3.300000000e+00
8.103800240e-04 3.300000000e+00
8.103800250e-04 0.000000000e+00
8.110000000e-04 0.000000000e+00
8.110000010e-04 3.300000000e+00
8.113780244e-04 3.300000000e+00
8.113780254e-04 0.000000000e+00
8.120000000e-04 0.000000000e+00
8.120000010e-04 3.300000000e+00
8.123760248e-04 3.300000000e+00
8.123760258e-04 0.000000000e+00
8.130000000e-04 0.000000000e+00
8.130000010e-04 3.300000000e+00
8.133740252e-04 3.300000000e+00
8.133740262e-04 0.000000000e+00
8.140000000e-04 0.000000000e+00
8.140000010e-04 3.300000000e+00
8.143720256e-04 3.300000000e+00
8.143720266e-04 0.000000000e+00
8.150000000e-04 0.000000000e+00
8.150000010e-04 3.300000000e+00
8.153700260e-04 3.300000000e+00
8.153700270e-04 0.000000000e+00
8.160000000e-04 0.000000000e+00
8.160000010e-04 3.300000000e+00
8.163680264e-04 3.300000000e+00
8.163680274e-04 0.000000000e+00
8.170000000e-04 0.000000000e+00
8.170000010e-04 3.300000000e+00
8.173660268e-04 3.300000000e+00
8.173660278e-04 0.000000000e+00
8.180000000e-04 0.000000000e+00
8.180000010e-04 3.300000000e+00
8.183640272e-04 3.300000000e+00
8.183640282e-04 0.000000000e+00
8.190000000e-04 0.000000000e+00
8.190000010e-04 3.300000000e+00
8.193620276e-04 3.300000000e+00
8.193620286e-04 0.000000000e+00
8.200000000e-04 0.000000000e+00
8.200000010e-04 3.300000000e+00
8.203600280e-04 3.300000000e+00
8.203600290e-04 0.000000000e+00
8.210000000e-04 0.000000000e+00
8.210000010e-04 3.300000000e+00
8.213580284e-04 3.300000000e+00
8.213580294e-04 0.000000000e+00
8.220000000e-04 0.000000000e+00
8.220000010e-04 3.300000000e+00
8.223560288e-04 3.300000000e+00
8.223560298e-04 0.000000000e+00
8.230000000e-04 0.000000000e+00
8.230000010e-04 3.300000000e+00
8.233540292e-04 3.300000000e+00
8.233540302e-04 0.000000000e+00
8.240000000e-04 0.000000000e+00
8.240000010e-04 3.300000000e+00
8.243520296e-04 3.300000000e+00
8.243520306e-04 0.000000000e+00
8.250000000e-04 0.000000000e+00
8.250000010e-04 3.300000000e+00
8.253500300e-04 3.300000000e+00
8.253500310e-04 0.000000000e+00
8.260000000e-04 0.000000000e+00
8.260000010e-04 3.300000000e+00
8.263480304e-04 3.300000000e+00
8.263480314e-04 0.000000000e+00
8.270000000e-04 0.000000000e+00
8.270000010e-04 3.300000000e+00
8.273460308e-04 3.300000000e+00
8.273460318e-04 0.000000000e+00
8.280000000e-04 0.000000000e+00
8.280000010e-04 3.300000000e+00
8.283440312e-04 3.300000000e+00
8.283440322e-04 0.000000000e+00
8.290000000e-04 0.000000000e+00
8.290000010e-04 3.300000000e+00
8.293420316e-04 3.300000000e+00
8.293420326e-04 0.000000000e+00
8.300000000e-04 0.000000000e+00
8.300000010e-04 3.300000000e+00
8.303400320e-04 3.300000000e+00
8.303400330e-04 0.000000000e+00
8.310000000e-04 0.000000000e+00
8.310000010e-04 3.300000000e+00
8.313380324e-04 3.300000000e+00
8.313380334e-04 0.000000000e+00
8.320000000e-04 0.000000000e+00
8.320000010e-04 3.300000000e+00
8.323360328e-04 3.300000000e+00
8.323360338e-04 0.000000000e+00
8.330000000e-04 0.000000000e+00
8.330000010e-04 3.300000000e+00
8.333340332e-04 3.300000000e+00
8.333340342e-04 0.000000000e+00
8.340000000e-04 0.000000000e+00
8.340000010e-04 3.300000000e+00
8.343320336e-04 3.300000000e+00
8.343320346e-04 0.000000000e+00
8.350000000e-04 0.000000000e+00
8.350000010e-04 3.300000000e+00
8.353300340e-04 3.300000000e+00
8.353300350e-04 0.000000000e+00
8.360000000e-04 0.000000000e+00
8.360000010e-04 3.300000000e+00
8.363280344e-04 3.300000000e+00
8.363280354e-04 0.000000000e+00
8.370000000e-04 0.000000000e+00
8.370000010e-04 3.300000000e+00
8.373260348e-04 3.300000000e+00
8.373260358e-04 0.000000000e+00
8.380000000e-04 0.000000000e+00
8.380000010e-04 3.300000000e+00
8.383240352e-04 3.300000000e+00
8.383240362e-04 0.000000000e+00
8.390000000e-04 0.000000000e+00
8.390000010e-04 3.300000000e+00
8.393220356e-04 3.300000000e+00
8.393220366e-04 0.000000000e+00
8.400000000e-04 0.000000000e+00
8.400000010e-04 3.300000000e+00
8.403200360e-04 3.300000000e+00
8.403200370e-04 0.000000000e+00
8.410000000e-04 0.000000000e+00
8.410000010e-04 3.300000000e+00
8.413180364e-04 3.300000000e+00
8.413180374e-04 0.000000000e+00
8.420000000e-04 0.000000000e+00
8.420000010e-04 3.300000000e+00
8.423160368e-04 3.300000000e+00
8.423160378e-04 0.000000000e+00
8.430000000e-04 0.000000000e+00
8.430000010e-04 3.300000000e+00
8.433140372e-04 3.300000000e+00
8.433140382e-04 0.000000000e+00
8.440000000e-04 0.000000000e+00
8.440000010e-04 3.300000000e+00
8.443120376e-04 3.300000000e+00
8.443120386e-04 0.000000000e+00
8.450000000e-04 0.000000000e+00
8.450000010e-04 3.300000000e+00
8.453100380e-04 3.300000000e+00
8.453100390e-04 0.000000000e+00
8.460000000e-04 0.000000000e+00
8.460000010e-04 3.300000000e+00
8.463080384e-04 3.300000000e+00
8.463080394e-04 0.000000000e+00
8.470000000e-04 0.000000000e+00
8.470000010e-04 3.300000000e+00
8.473060388e-04 3.300000000e+00
8.473060398e-04 0.000000000e+00
8.480000000e-04 0.000000000e+00
8.480000010e-04 3.300000000e+00
8.483040392e-04 3.300000000e+00
8.483040402e-04 0.000000000e+00
8.490000000e-04 0.000000000e+00
8.490000010e-04 3.300000000e+00
8.493020396e-04 3.300000000e+00
8.493020406e-04 0.000000000e+00
8.500000000e-04 0.000000000e+00
8.500000010e-04 3.300000000e+00
8.503000400e-04 3.300000000e+00
8.503000410e-04 0.000000000e+00
8.510000000e-04 0.000000000e+00
8.510000010e-04 3.300000000e+00
8.512980404e-04 3.300000000e+00
8.512980414e-04 0.000000000e+00
8.520000000e-04 0.000000000e+00
8.520000010e-04 3.300000000e+00
8.522960408e-04 3.300000000e+00
8.522960418e-04 0.000000000e+00
8.530000000e-04 0.000000000e+00
8.530000010e-04 3.300000000e+00
8.532940412e-04 3.300000000e+00
8.532940422e-04 0.000000000e+00
8.540000000e-04 0.000000000e+00
8.540000010e-04 3.300000000e+00
8.542920416e-04 3.300000000e+00
8.542920426e-04 0.000000000e+00
8.550000000e-04 0.000000000e+00
8.550000010e-04 3.300000000e+00
8.552900420e-04 3.300000000e+00
8.552900430e-04 0.000000000e+00
8.560000000e-04 0.000000000e+00
8.560000010e-04 3.300000000e+00
8.562880424e-04 3.300000000e+00
8.562880434e-04 0.000000000e+00
8.570000000e-04 0.000000000e+00
8.570000010e-04 3.300000000e+00
8.572860428e-04 3.300000000e+00
8.572860438e-04 0.000000000e+00
8.580000000e-04 0.000000000e+00
8.580000010e-04 3.300000000e+00
8.582840432e-04 3.300000000e+00
8.582840442e-04 0.000000000e+00
8.590000000e-04 0.000000000e+00
8.590000010e-04 3.300000000e+00
8.592820436e-04 3.300000000e+00
8.592820446e-04 0.000000000e+00
8.600000000e-04 0.000000000e+00
8.600000010e-04 3.300000000e+00
8.602800440e-04 3.300000000e+00
8.602800450e-04 0.000000000e+00
8.610000000e-04 0.000000000e+00
8.610000010e-04 3.300000000e+00
8.612780444e-04 3.300000000e+00
8.612780454e-04 0.000000000e+00
8.620000000e-04 0.000000000e+00
8.620000010e-04 3.300000000e+00
8.622760448e-04 3.300000000e+00
8.622760458e-04 0.000000000e+00
8.630000000e-04 0.000000000e+00
8.630000010e-04 3.300000000e+00
8.632740452e-04 3.300000000e+00
8.632740462e-04 0.000000000e+00
8.640000000e-04 0.000000000e+00
8.640000010e-04 3.300000000e+00
8.642720456e-04 3.300000000e+00
8.642720466e-04 0.000000000e+00
8.650000000e-04 0.000000000e+00
8.650000010e-04 3.300000000e+00
8.652700460e-04 3.300000000e+00
8.652700470e-04 0.000000000e+00
8.660000000e-04 0.000000000e+00
8.660000010e-04 3.300000000e+00
8.662680464e-04 3.300000000e+00
8.662680474e-04 0.000000000e+00
8.670000000e-04 0.000000000e+00
8.670000010e-04 3.300000000e+00
8.672660468e-04 3.300000000e+00
8.672660478e-04 0.000000000e+00
8.680000000e-04 0.000000000e+00
8.680000010e-04 3.300000000e+00
8.682640472e-04 3.300000000e+00
8.682640482e-04 0.000000000e+00
8.690000000e-04 0.000000000e+00
8.690000010e-04 3.300000000e+00
8.692620476e-04 3.300000000e+00
8.692620486e-04 0.000000000e+00
8.700000000e-04 0.000000000e+00
8.700000010e-04 3.300000000e+00
8.702600480e-04 3.300000000e+00
8.702600490e-04 0.000000000e+00
8.710000000e-04 0.000000000e+00
8.710000010e-04 3.300000000e+00
8.712580484e-04 3.300000000e+00
8.712580494e-04 0.000000000e+00
8.720000000e-04 0.000000000e+00
8.720000010e-04 3.300000000e+00
8.722560488e-04 3.300000000e+00
8.722560498e-04 0.000000000e+00
8.730000000e-04 0.000000000e+00
8.730000010e-04 3.300000000e+00
8.732540492e-04 3.300000000e+00
8.732540502e-04 0.000000000e+00
8.740000000e-04 0.000000000e+00
8.740000010e-04 3.300000000e+00
8.742520496e-04 3.300000000e+00
8.742520506e-04 0.000000000e+00
8.750000000e-04 0.000000000e+00
8.750000010e-04 3.300000000e+00
8.752500500e-04 3.300000000e+00
8.752500510e-04 0.000000000e+00
8.760000000e-04 0.000000000e+00
8.760000010e-04 3.300000000e+00
8.762480504e-04 3.300000000e+00
8.762480514e-04 0.000000000e+00
8.770000000e-04 0.000000000e+00
8.770000010e-04 3.300000000e+00
8.772460508e-04 3.300000000e+00
8.772460518e-04 0.000000000e+00
8.780000000e-04 0.000000000e+00
8.780000010e-04 3.300000000e+00
8.782440512e-04 3.300000000e+00
8.782440522e-04 0.000000000e+00
8.790000000e-04 0.000000000e+00
8.790000010e-04 3.300000000e+00
8.792420516e-04 3.300000000e+00
8.792420526e-04 0.000000000e+00
8.800000000e-04 0.000000000e+00
8.800000010e-04 3.300000000e+00
8.802400520e-04 3.300000000e+00
8.802400530e-04 0.000000000e+00
8.810000000e-04 0.000000000e+00
8.810000010e-04 3.300000000e+00
8.812380524e-04 3.300000000e+00
8.812380534e-04 0.000000000e+00
8.820000000e-04 0.000000000e+00
8.820000010e-04 3.300000000e+00
8.822360528e-04 3.300000000e+00
8.822360538e-04 0.000000000e+00
8.830000000e-04 0.000000000e+00
8.830000010e-04 3.300000000e+00
8.832340532e-04 3.300000000e+00
8.832340542e-04 0.000000000e+00
8.840000000e-04 0.000000000e+00
8.840000010e-04 3.300000000e+00
8.842320536e-04 3.300000000e+00
8.842320546e-04 0.000000000e+00
8.850000000e-04 0.000000000e+00
8.850000010e-04 3.300000000e+00
8.852300540e-04 3.300000000e+00
8.852300550e-04 0.000000000e+00
8.860000000e-04 0.000000000e+00
8.860000010e-04 3.300000000e+00
8.862280544e-04 3.300000000e+00
8.862280554e-04 0.000000000e+00
8.870000000e-04 0.000000000e+00
8.870000010e-04 3.300000000e+00
8.872260548e-04 3.300000000e+00
8.872260558e-04 0.000000000e+00
8.880000000e-04 0.000000000e+00
8.880000010e-04 3.300000000e+00
8.882240552e-04 3.300000000e+00
8.882240562e-04 0.000000000e+00
8.890000000e-04 0.000000000e+00
8.890000010e-04 3.300000000e+00
8.892220556e-04 3.300000000e+00
8.892220566e-04 0.000000000e+00
8.900000000e-04 0.000000000e+00
8.900000010e-04 3.300000000e+00
8.902200560e-04 3.300000000e+00
8.902200570e-04 0.000000000e+00
8.910000000e-04 0.000000000e+00
8.910000010e-04 3.300000000e+00
8.912180564e-04 3.300000000e+00
8.912180574e-04 0.000000000e+00
8.920000000e-04 0.000000000e+00
8.920000010e-04 3.300000000e+00
8.922160568e-04 3.300000000e+00
8.922160578e-04 0.000000000e+00
8.930000000e-04 0.000000000e+00
8.930000010e-04 3.300000000e+00
8.932140572e-04 3.300000000e+00
8.932140582e-04 0.000000000e+00
8.940000000e-04 0.000000000e+00
8.940000010e-04 3.300000000e+00
8.942120576e-04 3.300000000e+00
8.942120586e-04 0.000000000e+00
8.950000000e-04 0.000000000e+00
8.950000010e-04 3.300000000e+00
8.952100580e-04 3.300000000e+00
8.952100590e-04 0.000000000e+00
8.960000000e-04 0.000000000e+00
8.960000010e-04 3.300000000e+00
8.962080584e-04 3.300000000e+00
8.962080594e-04 0.000000000e+00
8.970000000e-04 0.000000000e+00
8.970000010e-04 3.300000000e+00
8.972060588e-04 3.300000000e+00
8.972060598e-04 0.000000000e+00
8.980000000e-04 0.000000000e+00
8.980000010e-04 3.300000000e+00
8.982040592e-04 3.300000000e+00
8.982040602e-04 0.000000000e+00
8.990000000e-04 0.000000000e+00
8.990000010e-04 3.300000000e+00
8.992020596e-04 3.300000000e+00
8.992020606e-04 0.000000000e+00
9.000000000e-04 0.000000000e+00
9.000000010e-04 3.300000000e+00
9.002000600e-04 3.300000000e+00
9.002000610e-04 0.000000000e+00
9.010000000e-04 0.000000000e+00
9.010000010e-04 3.300000000e+00
9.011980604e-04 3.300000000e+00
9.011980614e-04 0.000000000e+00
9.020000000e-04 0.000000000e+00
9.020000010e-04 3.300000000e+00
9.021960608e-04 3.300000000e+00
9.021960618e-04 0.000000000e+00
9.030000000e-04 0.000000000e+00
9.030000010e-04 3.300000000e+00
9.031940612e-04 3.300000000e+00
9.031940622e-04 0.000000000e+00
9.040000000e-04 0.000000000e+00
9.040000010e-04 3.300000000e+00
9.041920616e-04 3.300000000e+00
9.041920626e-04 0.000000000e+00
9.050000000e-04 0.000000000e+00
9.050000010e-04 3.300000000e+00
9.051900620e-04 3.300000000e+00
9.051900630e-04 0.000000000e+00
9.060000000e-04 0.000000000e+00
9.060000010e-04 3.300000000e+00
9.061880624e-04 3.300000000e+00
9.061880634e-04 0.000000000e+00
9.070000000e-04 0.000000000e+00
9.070000010e-04 3.300000000e+00
9.071860628e-04 3.300000000e+00
9.071860638e-04 0.000000000e+00
9.080000000e-04 0.000000000e+00
9.080000010e-04 3.300000000e+00
9.081840632e-04 3.300000000e+00
9.081840642e-04 0.000000000e+00
9.090000000e-04 0.000000000e+00
9.090000010e-04 3.300000000e+00
9.091820636e-04 3.300000000e+00
9.091820646e-04 0.000000000e+00
9.100000000e-04 0.000000000e+00
9.100000010e-04 3.300000000e+00
9.101800640e-04 3.300000000e+00
9.101800650e-04 0.000000000e+00
9.110000000e-04 0.000000000e+00
9.110000010e-04 3.300000000e+00
9.111780644e-04 3.300000000e+00
9.111780654e-04 0.000000000e+00
9.120000000e-04 0.000000000e+00
9.120000010e-04 3.300000000e+00
9.121760648e-04 3.300000000e+00
9.121760658e-04 0.000000000e+00
9.130000000e-04 0.000000000e+00
9.130000010e-04 3.300000000e+00
9.131740652e-04 3.300000000e+00
9.131740662e-04 0.000000000e+00
9.140000000e-04 0.000000000e+00
9.140000010e-04 3.300000000e+00
9.141720656e-04 3.300000000e+00
9.141720666e-04 0.000000000e+00
9.150000000e-04 0.000000000e+00
9.150000010e-04 3.300000000e+00
9.151700660e-04 3.300000000e+00
9.151700670e-04 0.000000000e+00
9.160000000e-04 0.000000000e+00
9.160000010e-04 3.300000000e+00
9.161680664e-04 3.300000000e+00
9.161680674e-04 0.000000000e+00
9.170000000e-04 0.000000000e+00
9.170000010e-04 3.300000000e+00
9.171660668e-04 3.300000000e+00
9.171660678e-04 0.000000000e+00
9.180000000e-04 0.000000000e+00
9.180000010e-04 3.300000000e+00
9.181640672e-04 3.300000000e+00
9.181640682e-04 0.000000000e+00
9.190000000e-04 0.000000000e+00
9.190000010e-04 3.300000000e+00
9.191620676e-04 3.300000000e+00
9.191620686e-04 0.000000000e+00
9.200000000e-04 0.000000000e+00
9.200000010e-04 3.300000000e+00
9.201600680e-04 3.300000000e+00
9.201600690e-04 0.000000000e+00
9.210000000e-04 0.000000000e+00
9.210000010e-04 3.300000000e+00
9.211580684e-04 3.300000000e+00
9.211580694e-04 0.000000000e+00
9.220000000e-04 0.000000000e+00
9.220000010e-04 3.300000000e+00
9.221560688e-04 3.300000000e+00
9.221560698e-04 0.000000000e+00
9.230000000e-04 0.000000000e+00
9.230000010e-04 3.300000000e+00
9.231540692e-04 3.300000000e+00
9.231540702e-04 0.000000000e+00
9.240000000e-04 0.000000000e+00
9.240000010e-04 3.300000000e+00
9.241520696e-04 3.300000000e+00
9.241520706e-04 0.000000000e+00
9.250000000e-04 0.000000000e+00
9.250000010e-04 3.300000000e+00
9.251500700e-04 3.300000000e+00
9.251500710e-04 0.000000000e+00
9.260000000e-04 0.000000000e+00
9.260000010e-04 3.300000000e+00
9.261480704e-04 3.300000000e+00
9.261480714e-04 0.000000000e+00
9.270000000e-04 0.000000000e+00
9.270000010e-04 3.300000000e+00
9.271460708e-04 3.300000000e+00
9.271460718e-04 0.000000000e+00
9.280000000e-04 0.000000000e+00
9.280000010e-04 3.300000000e+00
9.281440712e-04 3.300000000e+00
9.281440722e-04 0.000000000e+00
9.290000000e-04 0.000000000e+00
9.290000010e-04 3.300000000e+00
9.291420716e-04 3.300000000e+00
9.291420726e-04 0.000000000e+00
9.300000000e-04 0.000000000e+00
9.300000010e-04 3.300000000e+00
9.301400720e-04 3.300000000e+00
9.301400730e-04 0.000000000e+00
9.310000000e-04 0.000000000e+00
9.310000010e-04 3.300000000e+00
9.311380724e-04 3.300000000e+00
9.311380734e-04 0.000000000e+00
9.320000000e-04 0.000000000e+00
9.320000010e-04 3.300000000e+00
9.321360728e-04 3.300000000e+00
9.321360738e-04 0.000000000e+00
9.330000000e-04 0.000000000e+00
9.330000010e-04 3.300000000e+00
9.331340732e-04 3.300000000e+00
9.331340742e-04 0.000000000e+00
9.340000000e-04 0.000000000e+00
9.340000010e-04 3.300000000e+00
9.341320736e-04 3.300000000e+00
9.341320746e-04 0.000000000e+00
9.350000000e-04 0.000000000e+00
9.350000010e-04 3.300000000e+00
9.351300740e-04 3.300000000e+00
9.351300750e-04 0.000000000e+00
9.360000000e-04 0.000000000e+00
9.360000010e-04 3.300000000e+00
9.361280744e-04 3.300000000e+00
9.361280754e-04 0.000000000e+00
9.370000000e-04 0.000000000e+00
9.370000010e-04 3.300000000e+00
9.371260748e-04 3.300000000e+00
9.371260758e-04 0.000000000e+00
9.380000000e-04 0.000000000e+00
9.380000010e-04 3.300000000e+00
9.381240752e-04 3.300000000e+00
9.381240762e-04 0.000000000e+00
9.390000000e-04 0.000000000e+00
9.390000010e-04 3.300000000e+00
9.391220756e-04 3.300000000e+00
9.391220766e-04 0.000000000e+00
9.400000000e-04 0.000000000e+00
9.400000010e-04 3.300000000e+00
9.401200760e-04 3.300000000e+00
9.401200770e-04 0.000000000e+00
9.410000000e-04 0.000000000e+00
9.410000010e-04 3.300000000e+00
9.411180764e-04 3.300000000e+00
9.411180774e-04 0.000000000e+00
9.420000000e-04 0.000000000e+00
9.420000010e-04 3.300000000e+00
9.421160768e-04 3.300000000e+00
9.421160778e-04 0.000000000e+00
9.430000000e-04 0.000000000e+00
9.430000010e-04 3.300000000e+00
9.431140772e-04 3.300000000e+00
9.431140782e-04 0.000000000e+00
9.440000000e-04 0.000000000e+00
9.440000010e-04 3.300000000e+00
9.441120776e-04 3.300000000e+00
9.441120786e-04 0.000000000e+00
9.450000000e-04 0.000000000e+00
9.450000010e-04 3.300000000e+00
9.451100780e-04 3.300000000e+00
9.451100790e-04 0.000000000e+00
9.460000000e-04 0.000000000e+00
9.460000010e-04 3.300000000e+00
9.461080784e-04 3.300000000e+00
9.461080794e-04 0.000000000e+00
9.470000000e-04 0.000000000e+00
9.470000010e-04 3.300000000e+00
9.471060788e-04 3.300000000e+00
9.471060798e-04 0.000000000e+00
9.480000000e-04 0.000000000e+00
9.480000010e-04 3.300000000e+00
9.481040792e-04 3.300000000e+00
9.481040802e-04 0.000000000e+00
9.490000000e-04 0.000000000e+00
9.490000010e-04 3.300000000e+00
9.491020796e-04 3.300000000e+00
9.491020806e-04 0.000000000e+00
9.500000000e-04 0.000000000e+00
9.500000010e-04 3.300000000e+00
9.501000800e-04 3.300000000e+00
9.501000810e-04 0.000000000e+00
9.510000000e-04 0.000000000e+00
9.510000010e-04 3.300000000e+00
9.510980804e-04 3.300000000e+00
9.510980814e-04 0.000000000e+00
9.520000000e-04 0.000000000e+00
9.520000010e-04 3.300000000e+00
9.520960808e-04 3.300000000e+00
9.520960818e-04 0.000000000e+00
9.530000000e-04 0.000000000e+00
9.530000010e-04 3.300000000e+00
9.530940812e-04 3.300000000e+00
9.530940822e-04 0.000000000e+00
9.540000000e-04 0.000000000e+00
9.540000010e-04 3.300000000e+00
9.540920816e-04 3.300000000e+00
9.540920826e-04 0.000000000e+00
9.550000000e-04 0.000000000e+00
9.550000010e-04 3.300000000e+00
9.550900820e-04 3.300000000e+00
9.550900830e-04 0.000000000e+00
9.560000000e-04 0.000000000e+00
9.560000010e-04 3.300000000e+00
9.560880824e-04 3.300000000e+00
9.560880834e-04 0.000000000e+00
9.570000000e-04 0.000000000e+00
9.570000010e-04 3.300000000e+00
9.570860828e-04 3.300000000e+00
9.570860838e-04 0.000000000e+00
9.580000000e-04 0.000000000e+00
9.580000010e-04 3.300000000e+00
9.580840832e-04 3.300000000e+00
9.580840842e-04 0.000000000e+00
9.590000000e-04 0.000000000e+00
9.590000010e-04 3.300000000e+00
9.590820836e-04 3.300000000e+00
9.590820846e-04 0.000000000e+00
9.600000000e-04 0.000000000e+00
9.600000010e-04 3.300000000e+00
9.600800840e-04 3.300000000e+00
9.600800850e-04 0.000000000e+00
9.610000000e-04 0.000000000e+00
9.610000010e-04 3.300000000e+00
9.610780844e-04 3.300000000e+00
9.610780854e-04 0.000000000e+00
9.620000000e-04 0.000000000e+00
9.620000010e-04 3.300000000e+00
9.620760848e-04 3.300000000e+00
9.620760858e-04 0.000000000e+00
9.630000000e-04 0.000000000e+00
9.630000010e-04 3.300000000e+00
9.630740852e-04 3.300000000e+00
9.630740862e-04 0.000000000e+00
9.640000000e-04 0.000000000e+00
9.640000010e-04 3.300000000e+00
9.640720856e-04 3.300000000e+00
9.640720866e-04 0.000000000e+00
9.650000000e-04 0.000000000e+00
9.650000010e-04 3.300000000e+00
9.650700860e-04 3.300000000e+00
9.650700870e-04 0.000000000e+00
9.660000000e-04 0.000000000e+00
9.660000010e-04 3.300000000e+00
9.660680864e-04 3.300000000e+00
9.660680874e-04 0.000000000e+00
9.670000000e-04 0.000000000e+00
9.670000010e-04 3.300000000e+00
9.670660868e-04 3.300000000e+00
9.670660878e-04 0.000000000e+00
9.680000000e-04 0.000000000e+00
9.680000010e-04 3.300000000e+00
9.680640872e-04 3.300000000e+00
9.680640882e-04 0.000000000e+00
9.690000000e-04 0.000000000e+00
9.690000010e-04 3.300000000e+00
9.690620876e-04 3.300000000e+00
9.690620886e-04 0.000000000e+00
9.700000000e-04 0.000000000e+00
9.700000010e-04 3.300000000e+00
9.700600880e-04 3.300000000e+00
9.700600890e-04 0.000000000e+00
9.710000000e-04 0.000000000e+00
9.710000010e-04 3.300000000e+00
9.710580884e-04 3.300000000e+00
9.710580894e-04 0.000000000e+00
9.720000000e-04 0.000000000e+00
9.720000010e-04 3.300000000e+00
9.720560888e-04 3.300000000e+00
9.720560898e-04 0.000000000e+00
9.730000000e-04 0.000000000e+00
9.730000010e-04 3.300000000e+00
9.730540892e-04 3.300000000e+00
9.730540902e-04 0.000000000e+00
9.740000000e-04 0.000000000e+00
9.740000010e-04 3.300000000e+00
9.740520896e-04 3.300000000e+00
9.740520906e-04 0.000000000e+00
9.750000000e-04 0.000000000e+00
9.750000010e-04 3.300000000e+00
9.750500900e-04 3.300000000e+00
9.750500910e-04 0.000000000e+00
9.760000000e-04 0.000000000e+00
9.760000010e-04 3.300000000e+00
9.760480904e-04 3.300000000e+00
9.760480914e-04 0.000000000e+00
9.770000000e-04 0.000000000e+00
9.770000010e-04 3.300000000e+00
9.770460908e-04 3.300000000e+00
9.770460918e-04 0.000000000e+00
9.780000000e-04 0.000000000e+00
9.780000010e-04 3.300000000e+00
9.780440912e-04 3.300000000e+00
9.780440922e-04 0.000000000e+00
9.790000000e-04 0.000000000e+00
9.790000010e-04 3.300000000e+00
9.790420916e-04 3.300000000e+00
9.790420926e-04 0.000000000e+00
9.800000000e-04 0.000000000e+00
9.800000010e-04 3.300000000e+00
9.800400920e-04 3.300000000e+00
9.800400930e-04 0.000000000e+00
9.810000000e-04 0.000000000e+00
9.810000010e-04 3.300000000e+00
9.810380924e-04 3.300000000e+00
9.810380934e-04 0.000000000e+00
9.820000000e-04 0.000000000e+00
9.820000010e-04 3.300000000e+00
9.820360928e-04 3.300000000e+00
9.820360938e-04 0.000000000e+00
9.830000000e-04 0.000000000e+00
9.830000010e-04 3.300000000e+00
9.830340932e-04 3.300000000e+00
9.830340942e-04 0.000000000e+00
9.840000000e-04 0.000000000e+00
9.840000010e-04 3.300000000e+00
9.840320936e-04 3.300000000e+00
9.840320946e-04 0.000000000e+00
9.850000000e-04 0.000000000e+00
9.850000010e-04 3.300000000e+00
9.850300940e-04 3.300000000e+00
9.850300950e-04 0.000000000e+00
9.860000000e-04 0.000000000e+00
9.860000010e-04 3.300000000e+00
9.860280944e-04 3.300000000e+00
9.860280954e-04 0.000000000e+00
9.870000000e-04 0.000000000e+00
9.870000010e-04 3.300000000e+00
9.870260948e-04 3.300000000e+00
9.870260958e-04 0.000000000e+00
9.880000000e-04 0.000000000e+00
9.880000010e-04 3.300000000e+00
9.880240952e-04 3.300000000e+00
9.880240962e-04 0.000000000e+00
9.890000000e-04 0.000000000e+00
9.890000010e-04 3.300000000e+00
9.890220956e-04 3.300000000e+00
9.890220966e-04 0.000000000e+00
9.900000000e-04 0.000000000e+00
9.900000010e-04 3.300000000e+00
9.900200960e-04 3.300000000e+00
9.900200970e-04 0.000000000e+00
9.910000000e-04 0.000000000e+00
9.910000010e-04 3.300000000e+00
9.910180964e-04 3.300000000e+00
9.910180974e-04 0.000000000e+00
9.920000000e-04 0.000000000e+00
9.920000010e-04 3.300000000e+00
9.920160968e-04 3.300000000e+00
9.920160978e-04 0.000000000e+00
9.930000000e-04 0.000000000e+00
9.930000010e-04 3.300000000e+00
9.930140972e-04 3.300000000e+00
9.930140982e-04 0.000000000e+00
9.940000000e-04 0.000000000e+00
9.940000010e-04 3.300000000e+00
9.940120976e-04 3.300000000e+00
9.940120986e-04 0.000000000e+00
9.950000000e-04 0.000000000e+00
9.950000010e-04 3.300000000e+00
9.950100980e-04 3.300000000e+00
9.950100990e-04 0.000000000e+00
9.960000000e-04 0.000000000e+00
9.960000010e-04 3.300000000e+00
9.960080984e-04 3.300000000e+00
9.960080994e-04 0.000000000e+00
9.970000000e-04 0.000000000e+00
9.970000010e-04 3.300000000e+00
9.970060988e-04 3.300000000e+00
9.970060998e-04 0.000000000e+00
9.980000000e-04 0.000000000e+00
9.980000010e-04 3.300000000e+00
9.980040992e-04 3.300000000e+00
9.980041002e-04 0.000000000e+00
9.990000000e-04 0.000000000e+00
9.990000010e-04 3.300000000e+00
9.990020996e-04 3.300000000e+00
9.990021006e-04 0.000000000e+00
1.000000000e-03 0.000000000e+00
1.000000001e-03 3.300000000e+00
1.000000100e-03 3.300000000e+00
1.000000101e-03 0.000000000e+00
1.001000000e-03 0.000000000e+00
1.001000001e-03 3.300000000e+00
1.001002100e-03 3.300000000e+00
1.001002101e-03 0.000000000e+00
1.002000000e-03 0.000000000e+00
1.002000001e-03 3.300000000e+00
1.002004099e-03 3.300000000e+00
1.002004100e-03 0.000000000e+00
1.003000000e-03 0.000000000e+00
1.003000001e-03 3.300000000e+00
1.003006099e-03 3.300000000e+00
1.003006100e-03 0.000000000e+00
1.004000000e-03 0.000000000e+00
1.004000001e-03 3.300000000e+00
1.004008098e-03 3.300000000e+00
1.004008099e-03 0.000000000e+00
1.005000000e-03 0.000000000e+00
1.005000001e-03 3.300000000e+00
1.005010098e-03 3.300000000e+00
1.005010099e-03 0.000000000e+00
1.006000000e-03 0.000000000e+00
1.006000001e-03 3.300000000e+00
1.006012098e-03 3.300000000e+00
1.006012099e-03 0.000000000e+00
1.007000000e-03 0.000000000e+00
1.007000001e-03 3.300000000e+00
1.007014097e-03 3.300000000e+00
1.007014098e-03 0.000000000e+00
1.008000000e-03 0.000000000e+00
1.008000001e-03 3.300000000e+00
1.008016097e-03 3.300000000e+00
1.008016098e-03 0.000000000e+00
1.009000000e-03 0.000000000e+00
1.009000001e-03 3.300000000e+00
1.009018096e-03 3.300000000e+00
1.009018097e-03 0.000000000e+00
1.010000000e-03 0.000000000e+00
1.010000001e-03 3.300000000e+00
1.010020096e-03 3.300000000e+00
1.010020097e-03 0.000000000e+00
1.011000000e-03 0.000000000e+00
1.011000001e-03 3.300000000e+00
1.011022096e-03 3.300000000e+00
1.011022097e-03 0.000000000e+00
1.012000000e-03 0.000000000e+00
1.012000001e-03 3.300000000e+00
1.012024095e-03 3.300000000e+00
1.012024096e-03 0.000000000e+00
1.013000000e-03 0.000000000e+00
1.013000001e-03 3.300000000e+00
1.013026095e-03 3.300000000e+00
1.013026096e-03 0.000000000e+00
1.014000000e-03 0.000000000e+00
1.014000001e-03 3.300000000e+00
1.014028094e-03 3.300000000e+00
1.014028095e-03 0.000000000e+00
1.015000000e-03 0.000000000e+00
1.015000001e-03 3.300000000e+00
1.015030094e-03 3.300000000e+00
1.015030095e-03 0.000000000e+00
1.016000000e-03 0.000000000e+00
1.016000001e-03 3.300000000e+00
1.016032094e-03 3.300000000e+00
1.016032095e-03 0.000000000e+00
1.017000000e-03 0.000000000e+00
1.017000001e-03 3.300000000e+00
1.017034093e-03 3.300000000e+00
1.017034094e-03 0.000000000e+00
1.018000000e-03 0.000000000e+00
1.018000001e-03 3.300000000e+00
1.018036093e-03 3.300000000e+00
1.018036094e-03 0.000000000e+00
1.019000000e-03 0.000000000e+00
1.019000001e-03 3.300000000e+00
1.019038092e-03 3.300000000e+00
1.019038093e-03 0.000000000e+00
1.020000000e-03 0.000000000e+00
1.020000001e-03 3.300000000e+00
1.020040092e-03 3.300000000e+00
1.020040093e-03 0.000000000e+00
1.021000000e-03 0.000000000e+00
1.021000001e-03 3.300000000e+00
1.021042092e-03 3.300000000e+00
1.021042093e-03 0.000000000e+00
1.022000000e-03 0.000000000e+00
1.022000001e-03 3.300000000e+00
1.022044091e-03 3.300000000e+00
1.022044092e-03 0.000000000e+00
1.023000000e-03 0.000000000e+00
1.023000001e-03 3.300000000e+00
1.023046091e-03 3.300000000e+00
1.023046092e-03 0.000000000e+00
1.024000000e-03 0.000000000e+00
1.024000001e-03 3.300000000e+00
1.024048090e-03 3.300000000e+00
1.024048091e-03 0.000000000e+00
1.025000000e-03 0.000000000e+00
1.025000001e-03 3.300000000e+00
1.025050090e-03 3.300000000e+00
1.025050091e-03 0.000000000e+00
1.026000000e-03 0.000000000e+00
1.026000001e-03 3.300000000e+00
1.026052090e-03 3.300000000e+00
1.026052091e-03 0.000000000e+00
1.027000000e-03 0.000000000e+00
1.027000001e-03 3.300000000e+00
1.027054089e-03 3.300000000e+00
1.027054090e-03 0.000000000e+00
1.028000000e-03 0.000000000e+00
1.028000001e-03 3.300000000e+00
1.028056089e-03 3.300000000e+00
1.028056090e-03 0.000000000e+00
1.029000000e-03 0.000000000e+00
1.029000001e-03 3.300000000e+00
1.029058088e-03 3.300000000e+00
1.029058089e-03 0.000000000e+00
1.030000000e-03 0.000000000e+00
1.030000001e-03 3.300000000e+00
1.030060088e-03 3.300000000e+00
1.030060089e-03 0.000000000e+00
1.031000000e-03 0.000000000e+00
1.031000001e-03 3.300000000e+00
1.031062088e-03 3.300000000e+00
1.031062089e-03 0.000000000e+00
1.032000000e-03 0.000000000e+00
1.032000001e-03 3.300000000e+00
1.032064087e-03 3.300000000e+00
1.032064088e-03 0.000000000e+00
1.033000000e-03 0.000000000e+00
1.033000001e-03 3.300000000e+00
1.033066087e-03 3.300000000e+00
1.033066088e-03 0.000000000e+00
1.034000000e-03 0.000000000e+00
1.034000001e-03 3.300000000e+00
1.034068086e-03 3.300000000e+00
1.034068087e-03 0.000000000e+00
1.035000000e-03 0.000000000e+00
1.035000001e-03 3.300000000e+00
1.035070086e-03 3.300000000e+00
1.035070087e-03 0.000000000e+00
1.036000000e-03 0.000000000e+00
1.036000001e-03 3.300000000e+00
1.036072086e-03 3.300000000e+00
1.036072087e-03 0.000000000e+00
1.037000000e-03 0.000000000e+00
1.037000001e-03 3.300000000e+00
1.037074085e-03 3.300000000e+00
1.037074086e-03 0.000000000e+00
1.038000000e-03 0.000000000e+00
1.038000001e-03 3.300000000e+00
1.038076085e-03 3.300000000e+00
1.038076086e-03 0.000000000e+00
1.039000000e-03 0.000000000e+00
1.039000001e-03 3.300000000e+00
1.039078084e-03 3.300000000e+00
1.039078085e-03 0.000000000e+00
1.040000000e-03 0.000000000e+00
1.040000001e-03 3.300000000e+00
1.040080084e-03 3.300000000e+00
1.040080085e-03 0.000000000e+00
1.041000000e-03 0.000000000e+00
1.041000001e-03 3.300000000e+00
1.041082084e-03 3.300000000e+00
1.041082085e-03 0.000000000e+00
1.042000000e-03 0.000000000e+00
1.042000001e-03 3.300000000e+00
1.042084083e-03 3.300000000e+00
1.042084084e-03 0.000000000e+00
1.043000000e-03 0.000000000e+00
1.043000001e-03 3.300000000e+00
1.043086083e-03 3.300000000e+00
1.043086084e-03 0.000000000e+00
1.044000000e-03 0.000000000e+00
1.044000001e-03 3.300000000e+00
1.044088082e-03 3.300000000e+00
1.044088083e-03 0.000000000e+00
1.045000000e-03 0.000000000e+00
1.045000001e-03 3.300000000e+00
1.045090082e-03 3.300000000e+00
1.045090083e-03 0.000000000e+00
1.046000000e-03 0.000000000e+00
1.046000001e-03 3.300000000e+00
1.046092082e-03 3.300000000e+00
1.046092083e-03 0.000000000e+00
1.047000000e-03 0.000000000e+00
1.047000001e-03 3.300000000e+00
1.047094081e-03 3.300000000e+00
1.047094082e-03 0.000000000e+00
1.048000000e-03 0.000000000e+00
1.048000001e-03 3.300000000e+00
1.048096081e-03 3.300000000e+00
1.048096082e-03 0.000000000e+00
1.049000000e-03 0.000000000e+00
1.049000001e-03 3.300000000e+00
1.049098080e-03 3.300000000e+00
1.049098081e-03 0.000000000e+00
1.050000000e-03 0.000000000e+00
1.050000001e-03 3.300000000e+00
1.050100080e-03 3.300000000e+00
1.050100081e-03 0.000000000e+00
1.051000000e-03 0.000000000e+00
1.051000001e-03 3.300000000e+00
1.051102080e-03 3.300000000e+00
1.051102081e-03 0.000000000e+00
1.052000000e-03 0.000000000e+00
1.052000001e-03 3.300000000e+00
1.052104079e-03 3.300000000e+00
1.052104080e-03 0.000000000e+00
1.053000000e-03 0.000000000e+00
1.053000001e-03 3.300000000e+00
1.053106079e-03 3.300000000e+00
1.053106080e-03 0.000000000e+00
1.054000000e-03 0.000000000e+00
1.054000001e-03 3.300000000e+00
1.054108078e-03 3.300000000e+00
1.054108079e-03 0.000000000e+00
1.055000000e-03 0.000000000e+00
1.055000001e-03 3.300000000e+00
1.055110078e-03 3.300000000e+00
1.055110079e-03 0.000000000e+00
1.056000000e-03 0.000000000e+00
1.056000001e-03 3.300000000e+00
1.056112078e-03 3.300000000e+00
1.056112079e-03 0.000000000e+00
1.057000000e-03 0.000000000e+00
1.057000001e-03 3.300000000e+00
1.057114077e-03 3.300000000e+00
1.057114078e-03 0.000000000e+00
1.058000000e-03 0.000000000e+00
1.058000001e-03 3.300000000e+00
1.058116077e-03 3.300000000e+00
1.058116078e-03 0.000000000e+00
1.059000000e-03 0.000000000e+00
1.059000001e-03 3.300000000e+00
1.059118076e-03 3.300000000e+00
1.059118077e-03 0.000000000e+00
1.060000000e-03 0.000000000e+00
1.060000001e-03 3.300000000e+00
1.060120076e-03 3.300000000e+00
1.060120077e-03 0.000000000e+00
1.061000000e-03 0.000000000e+00
1.061000001e-03 3.300000000e+00
1.061122076e-03 3.300000000e+00
1.061122077e-03 0.000000000e+00
1.062000000e-03 0.000000000e+00
1.062000001e-03 3.300000000e+00
1.062124075e-03 3.300000000e+00
1.062124076e-03 0.000000000e+00
1.063000000e-03 0.000000000e+00
1.063000001e-03 3.300000000e+00
1.063126075e-03 3.300000000e+00
1.063126076e-03 0.000000000e+00
1.064000000e-03 0.000000000e+00
1.064000001e-03 3.300000000e+00
1.064128074e-03 3.300000000e+00
1.064128075e-03 0.000000000e+00
1.065000000e-03 0.000000000e+00
1.065000001e-03 3.300000000e+00
1.065130074e-03 3.300000000e+00
1.065130075e-03 0.000000000e+00
1.066000000e-03 0.000000000e+00
1.066000001e-03 3.300000000e+00
1.066132074e-03 3.300000000e+00
1.066132075e-03 0.000000000e+00
1.067000000e-03 0.000000000e+00
1.067000001e-03 3.300000000e+00
1.067134073e-03 3.300000000e+00
1.067134074e-03 0.000000000e+00
1.068000000e-03 0.000000000e+00
1.068000001e-03 3.300000000e+00
1.068136073e-03 3.300000000e+00
1.068136074e-03 0.000000000e+00
1.069000000e-03 0.000000000e+00
1.069000001e-03 3.300000000e+00
1.069138072e-03 3.300000000e+00
1.069138073e-03 0.000000000e+00
1.070000000e-03 0.000000000e+00
1.070000001e-03 3.300000000e+00
1.070140072e-03 3.300000000e+00
1.070140073e-03 0.000000000e+00
1.071000000e-03 0.000000000e+00
1.071000001e-03 3.300000000e+00
1.071142072e-03 3.300000000e+00
1.071142073e-03 0.000000000e+00
1.072000000e-03 0.000000000e+00
1.072000001e-03 3.300000000e+00
1.072144071e-03 3.300000000e+00
1.072144072e-03 0.000000000e+00
1.073000000e-03 0.000000000e+00
1.073000001e-03 3.300000000e+00
1.073146071e-03 3.300000000e+00
1.073146072e-03 0.000000000e+00
1.074000000e-03 0.000000000e+00
1.074000001e-03 3.300000000e+00
1.074148070e-03 3.300000000e+00
1.074148071e-03 0.000000000e+00
1.075000000e-03 0.000000000e+00
1.075000001e-03 3.300000000e+00
1.075150070e-03 3.300000000e+00
1.075150071e-03 0.000000000e+00
1.076000000e-03 0.000000000e+00
1.076000001e-03 3.300000000e+00
1.076152070e-03 3.300000000e+00
1.076152071e-03 0.000000000e+00
1.077000000e-03 0.000000000e+00
1.077000001e-03 3.300000000e+00
1.077154069e-03 3.300000000e+00
1.077154070e-03 0.000000000e+00
1.078000000e-03 0.000000000e+00
1.078000001e-03 3.300000000e+00
1.078156069e-03 3.300000000e+00
1.078156070e-03 0.000000000e+00
1.079000000e-03 0.000000000e+00
1.079000001e-03 3.300000000e+00
1.079158068e-03 3.300000000e+00
1.079158069e-03 0.000000000e+00
1.080000000e-03 0.000000000e+00
1.080000001e-03 3.300000000e+00
1.080160068e-03 3.300000000e+00
1.080160069e-03 0.000000000e+00
1.081000000e-03 0.000000000e+00
1.081000001e-03 3.300000000e+00
1.081162068e-03 3.300000000e+00
1.081162069e-03 0.000000000e+00
1.082000000e-03 0.000000000e+00
1.082000001e-03 3.300000000e+00
1.082164067e-03 3.300000000e+00
1.082164068e-03 0.000000000e+00
1.083000000e-03 0.000000000e+00
1.083000001e-03 3.300000000e+00
1.083166067e-03 3.300000000e+00
1.083166068e-03 0.000000000e+00
1.084000000e-03 0.000000000e+00
1.084000001e-03 3.300000000e+00
1.084168066e-03 3.300000000e+00
1.084168067e-03 0.000000000e+00
1.085000000e-03 0.000000000e+00
1.085000001e-03 3.300000000e+00
1.085170066e-03 3.300000000e+00
1.085170067e-03 0.000000000e+00
1.086000000e-03 0.000000000e+00
1.086000001e-03 3.300000000e+00
1.086172066e-03 3.300000000e+00
1.086172067e-03 0.000000000e+00
1.087000000e-03 0.000000000e+00
1.087000001e-03 3.300000000e+00
1.087174065e-03 3.300000000e+00
1.087174066e-03 0.000000000e+00
1.088000000e-03 0.000000000e+00
1.088000001e-03 3.300000000e+00
1.088176065e-03 3.300000000e+00
1.088176066e-03 0.000000000e+00
1.089000000e-03 0.000000000e+00
1.089000001e-03 3.300000000e+00
1.089178064e-03 3.300000000e+00
1.089178065e-03 0.000000000e+00
1.090000000e-03 0.000000000e+00
1.090000001e-03 3.300000000e+00
1.090180064e-03 3.300000000e+00
1.090180065e-03 0.000000000e+00
1.091000000e-03 0.000000000e+00
1.091000001e-03 3.300000000e+00
1.091182064e-03 3.300000000e+00
1.091182065e-03 0.000000000e+00
1.092000000e-03 0.000000000e+00
1.092000001e-03 3.300000000e+00
1.092184063e-03 3.300000000e+00
1.092184064e-03 0.000000000e+00
1.093000000e-03 0.000000000e+00
1.093000001e-03 3.300000000e+00
1.093186063e-03 3.300000000e+00
1.093186064e-03 0.000000000e+00
1.094000000e-03 0.000000000e+00
1.094000001e-03 3.300000000e+00
1.094188062e-03 3.300000000e+00
1.094188063e-03 0.000000000e+00
1.095000000e-03 0.000000000e+00
1.095000001e-03 3.300000000e+00
1.095190062e-03 3.300000000e+00
1.095190063e-03 0.000000000e+00
1.096000000e-03 0.000000000e+00
1.096000001e-03 3.300000000e+00
1.096192062e-03 3.300000000e+00
1.096192063e-03 0.000000000e+00
1.097000000e-03 0.000000000e+00
1.097000001e-03 3.300000000e+00
1.097194061e-03 3.300000000e+00
1.097194062e-03 0.000000000e+00
1.098000000e-03 0.000000000e+00
1.098000001e-03 3.300000000e+00
1.098196061e-03 3.300000000e+00
1.098196062e-03 0.000000000e+00
1.099000000e-03 0.000000000e+00
1.099000001e-03 3.300000000e+00
1.099198060e-03 3.300000000e+00
1.099198061e-03 0.000000000e+00
1.100000000e-03 0.000000000e+00
1.100000001e-03 3.300000000e+00
1.100200060e-03 3.300000000e+00
1.100200061e-03 0.000000000e+00
1.101000000e-03 0.000000000e+00
1.101000001e-03 3.300000000e+00
1.101202060e-03 3.300000000e+00
1.101202061e-03 0.000000000e+00
1.102000000e-03 0.000000000e+00
1.102000001e-03 3.300000000e+00
1.102204059e-03 3.300000000e+00
1.102204060e-03 0.000000000e+00
1.103000000e-03 0.000000000e+00
1.103000001e-03 3.300000000e+00
1.103206059e-03 3.300000000e+00
1.103206060e-03 0.000000000e+00
1.104000000e-03 0.000000000e+00
1.104000001e-03 3.300000000e+00
1.104208058e-03 3.300000000e+00
1.104208059e-03 0.000000000e+00
1.105000000e-03 0.000000000e+00
1.105000001e-03 3.300000000e+00
1.105210058e-03 3.300000000e+00
1.105210059e-03 0.000000000e+00
1.106000000e-03 0.000000000e+00
1.106000001e-03 3.300000000e+00
1.106212058e-03 3.300000000e+00
1.106212059e-03 0.000000000e+00
1.107000000e-03 0.000000000e+00
1.107000001e-03 3.300000000e+00
1.107214057e-03 3.300000000e+00
1.107214058e-03 0.000000000e+00
1.108000000e-03 0.000000000e+00
1.108000001e-03 3.300000000e+00
1.108216057e-03 3.300000000e+00
1.108216058e-03 0.000000000e+00
1.109000000e-03 0.000000000e+00
1.109000001e-03 3.300000000e+00
1.109218056e-03 3.300000000e+00
1.109218057e-03 0.000000000e+00
1.110000000e-03 0.000000000e+00
1.110000001e-03 3.300000000e+00
1.110220056e-03 3.300000000e+00
1.110220057e-03 0.000000000e+00
1.111000000e-03 0.000000000e+00
1.111000001e-03 3.300000000e+00
1.111222056e-03 3.300000000e+00
1.111222057e-03 0.000000000e+00
1.112000000e-03 0.000000000e+00
1.112000001e-03 3.300000000e+00
1.112224055e-03 3.300000000e+00
1.112224056e-03 0.000000000e+00
1.113000000e-03 0.000000000e+00
1.113000001e-03 3.300000000e+00
1.113226055e-03 3.300000000e+00
1.113226056e-03 0.000000000e+00
1.114000000e-03 0.000000000e+00
1.114000001e-03 3.300000000e+00
1.114228054e-03 3.300000000e+00
1.114228055e-03 0.000000000e+00
1.115000000e-03 0.000000000e+00
1.115000001e-03 3.300000000e+00
1.115230054e-03 3.300000000e+00
1.115230055e-03 0.000000000e+00
1.116000000e-03 0.000000000e+00
1.116000001e-03 3.300000000e+00
1.116232054e-03 3.300000000e+00
1.116232055e-03 0.000000000e+00
1.117000000e-03 0.000000000e+00
1.117000001e-03 3.300000000e+00
1.117234053e-03 3.300000000e+00
1.117234054e-03 0.000000000e+00
1.118000000e-03 0.000000000e+00
1.118000001e-03 3.300000000e+00
1.118236053e-03 3.300000000e+00
1.118236054e-03 0.000000000e+00
1.119000000e-03 0.000000000e+00
1.119000001e-03 3.300000000e+00
1.119238052e-03 3.300000000e+00
1.119238053e-03 0.000000000e+00
1.120000000e-03 0.000000000e+00
1.120000001e-03 3.300000000e+00
1.120240052e-03 3.300000000e+00
1.120240053e-03 0.000000000e+00
1.121000000e-03 0.000000000e+00
1.121000001e-03 3.300000000e+00
1.121242052e-03 3.300000000e+00
1.121242053e-03 0.000000000e+00
1.122000000e-03 0.000000000e+00
1.122000001e-03 3.300000000e+00
1.122244051e-03 3.300000000e+00
1.122244052e-03 0.000000000e+00
1.123000000e-03 0.000000000e+00
1.123000001e-03 3.300000000e+00
1.123246051e-03 3.300000000e+00
1.123246052e-03 0.000000000e+00
1.124000000e-03 0.000000000e+00
1.124000001e-03 3.300000000e+00
1.124248050e-03 3.300000000e+00
1.124248051e-03 0.000000000e+00
1.125000000e-03 0.000000000e+00
1.125000001e-03 3.300000000e+00
1.125250050e-03 3.300000000e+00
1.125250051e-03 0.000000000e+00
1.126000000e-03 0.000000000e+00
1.126000001e-03 3.300000000e+00
1.126252050e-03 3.300000000e+00
1.126252051e-03 0.000000000e+00
1.127000000e-03 0.000000000e+00
1.127000001e-03 3.300000000e+00
1.127254049e-03 3.300000000e+00
1.127254050e-03 0.000000000e+00
1.128000000e-03 0.000000000e+00
1.128000001e-03 3.300000000e+00
1.128256049e-03 3.300000000e+00
1.128256050e-03 0.000000000e+00
1.129000000e-03 0.000000000e+00
1.129000001e-03 3.300000000e+00
1.129258048e-03 3.300000000e+00
1.129258049e-03 0.000000000e+00
1.130000000e-03 0.000000000e+00
1.130000001e-03 3.300000000e+00
1.130260048e-03 3.300000000e+00
1.130260049e-03 0.000000000e+00
1.131000000e-03 0.000000000e+00
1.131000001e-03 3.300000000e+00
1.131262048e-03 3.300000000e+00
1.131262049e-03 0.000000000e+00
1.132000000e-03 0.000000000e+00
1.132000001e-03 3.300000000e+00
1.132264047e-03 3.300000000e+00
1.132264048e-03 0.000000000e+00
1.133000000e-03 0.000000000e+00
1.133000001e-03 3.300000000e+00
1.133266047e-03 3.300000000e+00
1.133266048e-03 0.000000000e+00
1.134000000e-03 0.000000000e+00
1.134000001e-03 3.300000000e+00
1.134268046e-03 3.300000000e+00
1.134268047e-03 0.000000000e+00
1.135000000e-03 0.000000000e+00
1.135000001e-03 3.300000000e+00
1.135270046e-03 3.300000000e+00
1.135270047e-03 0.000000000e+00
1.136000000e-03 0.000000000e+00
1.136000001e-03 3.300000000e+00
1.136272046e-03 3.300000000e+00
1.136272047e-03 0.000000000e+00
1.137000000e-03 0.000000000e+00
1.137000001e-03 3.300000000e+00
1.137274045e-03 3.300000000e+00
1.137274046e-03 0.000000000e+00
1.138000000e-03 0.000000000e+00
1.138000001e-03 3.300000000e+00
1.138276045e-03 3.300000000e+00
1.138276046e-03 0.000000000e+00
1.139000000e-03 0.000000000e+00
1.139000001e-03 3.300000000e+00
1.139278044e-03 3.300000000e+00
1.139278045e-03 0.000000000e+00
1.140000000e-03 0.000000000e+00
1.140000001e-03 3.300000000e+00
1.140280044e-03 3.300000000e+00
1.140280045e-03 0.000000000e+00
1.141000000e-03 0.000000000e+00
1.141000001e-03 3.300000000e+00
1.141282044e-03 3.300000000e+00
1.141282045e-03 0.000000000e+00
1.142000000e-03 0.000000000e+00
1.142000001e-03 3.300000000e+00
1.142284043e-03 3.300000000e+00
1.142284044e-03 0.000000000e+00
1.143000000e-03 0.000000000e+00
1.143000001e-03 3.300000000e+00
1.143286043e-03 3.300000000e+00
1.143286044e-03 0.000000000e+00
1.144000000e-03 0.000000000e+00
1.144000001e-03 3.300000000e+00
1.144288042e-03 3.300000000e+00
1.144288043e-03 0.000000000e+00
1.145000000e-03 0.000000000e+00
1.145000001e-03 3.300000000e+00
1.145290042e-03 3.300000000e+00
1.145290043e-03 0.000000000e+00
1.146000000e-03 0.000000000e+00
1.146000001e-03 3.300000000e+00
1.146292042e-03 3.300000000e+00
1.146292043e-03 0.000000000e+00
1.147000000e-03 0.000000000e+00
1.147000001e-03 3.300000000e+00
1.147294041e-03 3.300000000e+00
1.147294042e-03 0.000000000e+00
1.148000000e-03 0.000000000e+00
1.148000001e-03 3.300000000e+00
1.148296041e-03 3.300000000e+00
1.148296042e-03 0.000000000e+00
1.149000000e-03 0.000000000e+00
1.149000001e-03 3.300000000e+00
1.149298040e-03 3.300000000e+00
1.149298041e-03 0.000000000e+00
1.150000000e-03 0.000000000e+00
1.150000001e-03 3.300000000e+00
1.150300040e-03 3.300000000e+00
1.150300041e-03 0.000000000e+00
1.151000000e-03 0.000000000e+00
1.151000001e-03 3.300000000e+00
1.151302040e-03 3.300000000e+00
1.151302041e-03 0.000000000e+00
1.152000000e-03 0.000000000e+00
1.152000001e-03 3.300000000e+00
1.152304039e-03 3.300000000e+00
1.152304040e-03 0.000000000e+00
1.153000000e-03 0.000000000e+00
1.153000001e-03 3.300000000e+00
1.153306039e-03 3.300000000e+00
1.153306040e-03 0.000000000e+00
1.154000000e-03 0.000000000e+00
1.154000001e-03 3.300000000e+00
1.154308038e-03 3.300000000e+00
1.154308039e-03 0.000000000e+00
1.155000000e-03 0.000000000e+00
1.155000001e-03 3.300000000e+00
1.155310038e-03 3.300000000e+00
1.155310039e-03 0.000000000e+00
1.156000000e-03 0.000000000e+00
1.156000001e-03 3.300000000e+00
1.156312038e-03 3.300000000e+00
1.156312039e-03 0.000000000e+00
1.157000000e-03 0.000000000e+00
1.157000001e-03 3.300000000e+00
1.157314037e-03 3.300000000e+00
1.157314038e-03 0.000000000e+00
1.158000000e-03 0.000000000e+00
1.158000001e-03 3.300000000e+00
1.158316037e-03 3.300000000e+00
1.158316038e-03 0.000000000e+00
1.159000000e-03 0.000000000e+00
1.159000001e-03 3.300000000e+00
1.159318036e-03 3.300000000e+00
1.159318037e-03 0.000000000e+00
1.160000000e-03 0.000000000e+00
1.160000001e-03 3.300000000e+00
1.160320036e-03 3.300000000e+00
1.160320037e-03 0.000000000e+00
1.161000000e-03 0.000000000e+00
1.161000001e-03 3.300000000e+00
1.161322036e-03 3.300000000e+00
1.161322037e-03 0.000000000e+00
1.162000000e-03 0.000000000e+00
1.162000001e-03 3.300000000e+00
1.162324035e-03 3.300000000e+00
1.162324036e-03 0.000000000e+00
1.163000000e-03 0.000000000e+00
1.163000001e-03 3.300000000e+00
1.163326035e-03 3.300000000e+00
1.163326036e-03 0.000000000e+00
1.164000000e-03 0.000000000e+00
1.164000001e-03 3.300000000e+00
1.164328034e-03 3.300000000e+00
1.164328035e-03 0.000000000e+00
1.165000000e-03 0.000000000e+00
1.165000001e-03 3.300000000e+00
1.165330034e-03 3.300000000e+00
1.165330035e-03 0.000000000e+00
1.166000000e-03 0.000000000e+00
1.166000001e-03 3.300000000e+00
1.166332034e-03 3.300000000e+00
1.166332035e-03 0.000000000e+00
1.167000000e-03 0.000000000e+00
1.167000001e-03 3.300000000e+00
1.167334033e-03 3.300000000e+00
1.167334034e-03 0.000000000e+00
1.168000000e-03 0.000000000e+00
1.168000001e-03 3.300000000e+00
1.168336033e-03 3.300000000e+00
1.168336034e-03 0.000000000e+00
1.169000000e-03 0.000000000e+00
1.169000001e-03 3.300000000e+00
1.169338032e-03 3.300000000e+00
1.169338033e-03 0.000000000e+00
1.170000000e-03 0.000000000e+00
1.170000001e-03 3.300000000e+00
1.170340032e-03 3.300000000e+00
1.170340033e-03 0.000000000e+00
1.171000000e-03 0.000000000e+00
1.171000001e-03 3.300000000e+00
1.171342032e-03 3.300000000e+00
1.171342033e-03 0.000000000e+00
1.172000000e-03 0.000000000e+00
1.172000001e-03 3.300000000e+00
1.172344031e-03 3.300000000e+00
1.172344032e-03 0.000000000e+00
1.173000000e-03 0.000000000e+00
1.173000001e-03 3.300000000e+00
1.173346031e-03 3.300000000e+00
1.173346032e-03 0.000000000e+00
1.174000000e-03 0.000000000e+00
1.174000001e-03 3.300000000e+00
1.174348030e-03 3.300000000e+00
1.174348031e-03 0.000000000e+00
1.175000000e-03 0.000000000e+00
1.175000001e-03 3.300000000e+00
1.175350030e-03 3.300000000e+00
1.175350031e-03 0.000000000e+00
1.176000000e-03 0.000000000e+00
1.176000001e-03 3.300000000e+00
1.176352030e-03 3.300000000e+00
1.176352031e-03 0.000000000e+00
1.177000000e-03 0.000000000e+00
1.177000001e-03 3.300000000e+00
1.177354029e-03 3.300000000e+00
1.177354030e-03 0.000000000e+00
1.178000000e-03 0.000000000e+00
1.178000001e-03 3.300000000e+00
1.178356029e-03 3.300000000e+00
1.178356030e-03 0.000000000e+00
1.179000000e-03 0.000000000e+00
1.179000001e-03 3.300000000e+00
1.179358028e-03 3.300000000e+00
1.179358029e-03 0.000000000e+00
1.180000000e-03 0.000000000e+00
1.180000001e-03 3.300000000e+00
1.180360028e-03 3.300000000e+00
1.180360029e-03 0.000000000e+00
1.181000000e-03 0.000000000e+00
1.181000001e-03 3.300000000e+00
1.181362028e-03 3.300000000e+00
1.181362029e-03 0.000000000e+00
1.182000000e-03 0.000000000e+00
1.182000001e-03 3.300000000e+00
1.182364027e-03 3.300000000e+00
1.182364028e-03 0.000000000e+00
1.183000000e-03 0.000000000e+00
1.183000001e-03 3.300000000e+00
1.183366027e-03 3.300000000e+00
1.183366028e-03 0.000000000e+00
1.184000000e-03 0.000000000e+00
1.184000001e-03 3.300000000e+00
1.184368026e-03 3.300000000e+00
1.184368027e-03 0.000000000e+00
1.185000000e-03 0.000000000e+00
1.185000001e-03 3.300000000e+00
1.185370026e-03 3.300000000e+00
1.185370027e-03 0.000000000e+00
1.186000000e-03 0.000000000e+00
1.186000001e-03 3.300000000e+00
1.186372026e-03 3.300000000e+00
1.186372027e-03 0.000000000e+00
1.187000000e-03 0.000000000e+00
1.187000001e-03 3.300000000e+00
1.187374025e-03 3.300000000e+00
1.187374026e-03 0.000000000e+00
1.188000000e-03 0.000000000e+00
1.188000001e-03 3.300000000e+00
1.188376025e-03 3.300000000e+00
1.188376026e-03 0.000000000e+00
1.189000000e-03 0.000000000e+00
1.189000001e-03 3.300000000e+00
1.189378024e-03 3.300000000e+00
1.189378025e-03 0.000000000e+00
1.190000000e-03 0.000000000e+00
1.190000001e-03 3.300000000e+00
1.190380024e-03 3.300000000e+00
1.190380025e-03 0.000000000e+00
1.191000000e-03 0.000000000e+00
1.191000001e-03 3.300000000e+00
1.191382024e-03 3.300000000e+00
1.191382025e-03 0.000000000e+00
1.192000000e-03 0.000000000e+00
1.192000001e-03 3.300000000e+00
1.192384023e-03 3.300000000e+00
1.192384024e-03 0.000000000e+00
1.193000000e-03 0.000000000e+00
1.193000001e-03 3.300000000e+00
1.193386023e-03 3.300000000e+00
1.193386024e-03 0.000000000e+00
1.194000000e-03 0.000000000e+00
1.194000001e-03 3.300000000e+00
1.194388022e-03 3.300000000e+00
1.194388023e-03 0.000000000e+00
1.195000000e-03 0.000000000e+00
1.195000001e-03 3.300000000e+00
1.195390022e-03 3.300000000e+00
1.195390023e-03 0.000000000e+00
1.196000000e-03 0.000000000e+00
1.196000001e-03 3.300000000e+00
1.196392022e-03 3.300000000e+00
1.196392023e-03 0.000000000e+00
1.197000000e-03 0.000000000e+00
1.197000001e-03 3.300000000e+00
1.197394021e-03 3.300000000e+00
1.197394022e-03 0.000000000e+00
1.198000000e-03 0.000000000e+00
1.198000001e-03 3.300000000e+00
1.198396021e-03 3.300000000e+00
1.198396022e-03 0.000000000e+00
1.199000000e-03 0.000000000e+00
1.199000001e-03 3.300000000e+00
1.199398020e-03 3.300000000e+00
1.199398021e-03 0.000000000e+00
1.200000000e-03 0.000000000e+00
1.200000001e-03 3.300000000e+00
1.200400020e-03 3.300000000e+00
1.200400021e-03 0.000000000e+00
1.201000000e-03 0.000000000e+00
1.201000001e-03 3.300000000e+00
1.201402020e-03 3.300000000e+00
1.201402021e-03 0.000000000e+00
1.202000000e-03 0.000000000e+00
1.202000001e-03 3.300000000e+00
1.202404019e-03 3.300000000e+00
1.202404020e-03 0.000000000e+00
1.203000000e-03 0.000000000e+00
1.203000001e-03 3.300000000e+00
1.203406019e-03 3.300000000e+00
1.203406020e-03 0.000000000e+00
1.204000000e-03 0.000000000e+00
1.204000001e-03 3.300000000e+00
1.204408018e-03 3.300000000e+00
1.204408019e-03 0.000000000e+00
1.205000000e-03 0.000000000e+00
1.205000001e-03 3.300000000e+00
1.205410018e-03 3.300000000e+00
1.205410019e-03 0.000000000e+00
1.206000000e-03 0.000000000e+00
1.206000001e-03 3.300000000e+00
1.206412018e-03 3.300000000e+00
1.206412019e-03 0.000000000e+00
1.207000000e-03 0.000000000e+00
1.207000001e-03 3.300000000e+00
1.207414017e-03 3.300000000e+00
1.207414018e-03 0.000000000e+00
1.208000000e-03 0.000000000e+00
1.208000001e-03 3.300000000e+00
1.208416017e-03 3.300000000e+00
1.208416018e-03 0.000000000e+00
1.209000000e-03 0.000000000e+00
1.209000001e-03 3.300000000e+00
1.209418016e-03 3.300000000e+00
1.209418017e-03 0.000000000e+00
1.210000000e-03 0.000000000e+00
1.210000001e-03 3.300000000e+00
1.210420016e-03 3.300000000e+00
1.210420017e-03 0.000000000e+00
1.211000000e-03 0.000000000e+00
1.211000001e-03 3.300000000e+00
1.211422016e-03 3.300000000e+00
1.211422017e-03 0.000000000e+00
1.212000000e-03 0.000000000e+00
1.212000001e-03 3.300000000e+00
1.212424015e-03 3.300000000e+00
1.212424016e-03 0.000000000e+00
1.213000000e-03 0.000000000e+00
1.213000001e-03 3.300000000e+00
1.213426015e-03 3.300000000e+00
1.213426016e-03 0.000000000e+00
1.214000000e-03 0.000000000e+00
1.214000001e-03 3.300000000e+00
1.214428014e-03 3.300000000e+00
1.214428015e-03 0.000000000e+00
1.215000000e-03 0.000000000e+00
1.215000001e-03 3.300000000e+00
1.215430014e-03 3.300000000e+00
1.215430015e-03 0.000000000e+00
1.216000000e-03 0.000000000e+00
1.216000001e-03 3.300000000e+00
1.216432014e-03 3.300000000e+00
1.216432015e-03 0.000000000e+00
1.217000000e-03 0.000000000e+00
1.217000001e-03 3.300000000e+00
1.217434013e-03 3.300000000e+00
1.217434014e-03 0.000000000e+00
1.218000000e-03 0.000000000e+00
1.218000001e-03 3.300000000e+00
1.218436013e-03 3.300000000e+00
1.218436014e-03 0.000000000e+00
1.219000000e-03 0.000000000e+00
1.219000001e-03 3.300000000e+00
1.219438012e-03 3.300000000e+00
1.219438013e-03 0.000000000e+00
1.220000000e-03 0.000000000e+00
1.220000001e-03 3.300000000e+00
1.220440012e-03 3.300000000e+00
1.220440013e-03 0.000000000e+00
1.221000000e-03 0.000000000e+00
1.221000001e-03 3.300000000e+00
1.221442012e-03 3.300000000e+00
1.221442013e-03 0.000000000e+00
1.222000000e-03 0.000000000e+00
1.222000001e-03 3.300000000e+00
1.222444011e-03 3.300000000e+00
1.222444012e-03 0.000000000e+00
1.223000000e-03 0.000000000e+00
1.223000001e-03 3.300000000e+00
1.223446011e-03 3.300000000e+00
1.223446012e-03 0.000000000e+00
1.224000000e-03 0.000000000e+00
1.224000001e-03 3.300000000e+00
1.224448010e-03 3.300000000e+00
1.224448011e-03 0.000000000e+00
1.225000000e-03 0.000000000e+00
1.225000001e-03 3.300000000e+00
1.225450010e-03 3.300000000e+00
1.225450011e-03 0.000000000e+00
1.226000000e-03 0.000000000e+00
1.226000001e-03 3.300000000e+00
1.226452010e-03 3.300000000e+00
1.226452011e-03 0.000000000e+00
1.227000000e-03 0.000000000e+00
1.227000001e-03 3.300000000e+00
1.227454009e-03 3.300000000e+00
1.227454010e-03 0.000000000e+00
1.228000000e-03 0.000000000e+00
1.228000001e-03 3.300000000e+00
1.228456009e-03 3.300000000e+00
1.228456010e-03 0.000000000e+00
1.229000000e-03 0.000000000e+00
1.229000001e-03 3.300000000e+00
1.229458008e-03 3.300000000e+00
1.229458009e-03 0.000000000e+00
1.230000000e-03 0.000000000e+00
1.230000001e-03 3.300000000e+00
1.230460008e-03 3.300000000e+00
1.230460009e-03 0.000000000e+00
1.231000000e-03 0.000000000e+00
1.231000001e-03 3.300000000e+00
1.231462008e-03 3.300000000e+00
1.231462009e-03 0.000000000e+00
1.232000000e-03 0.000000000e+00
1.232000001e-03 3.300000000e+00
1.232464007e-03 3.300000000e+00
1.232464008e-03 0.000000000e+00
1.233000000e-03 0.000000000e+00
1.233000001e-03 3.300000000e+00
1.233466007e-03 3.300000000e+00
1.233466008e-03 0.000000000e+00
1.234000000e-03 0.000000000e+00
1.234000001e-03 3.300000000e+00
1.234468006e-03 3.300000000e+00
1.234468007e-03 0.000000000e+00
1.235000000e-03 0.000000000e+00
1.235000001e-03 3.300000000e+00
1.235470006e-03 3.300000000e+00
1.235470007e-03 0.000000000e+00
1.236000000e-03 0.000000000e+00
1.236000001e-03 3.300000000e+00
1.236472006e-03 3.300000000e+00
1.236472007e-03 0.000000000e+00
1.237000000e-03 0.000000000e+00
1.237000001e-03 3.300000000e+00
1.237474005e-03 3.300000000e+00
1.237474006e-03 0.000000000e+00
1.238000000e-03 0.000000000e+00
1.238000001e-03 3.300000000e+00
1.238476005e-03 3.300000000e+00
1.238476006e-03 0.000000000e+00
1.239000000e-03 0.000000000e+00
1.239000001e-03 3.300000000e+00
1.239478004e-03 3.300000000e+00
1.239478005e-03 0.000000000e+00
1.240000000e-03 0.000000000e+00
1.240000001e-03 3.300000000e+00
1.240480004e-03 3.300000000e+00
1.240480005e-03 0.000000000e+00
1.241000000e-03 0.000000000e+00
1.241000001e-03 3.300000000e+00
1.241482004e-03 3.300000000e+00
1.241482005e-03 0.000000000e+00
1.242000000e-03 0.000000000e+00
1.242000001e-03 3.300000000e+00
1.242484003e-03 3.300000000e+00
1.242484004e-03 0.000000000e+00
1.243000000e-03 0.000000000e+00
1.243000001e-03 3.300000000e+00
1.243486003e-03 3.300000000e+00
1.243486004e-03 0.000000000e+00
1.244000000e-03 0.000000000e+00
1.244000001e-03 3.300000000e+00
1.244488002e-03 3.300000000e+00
1.244488003e-03 0.000000000e+00
1.245000000e-03 0.000000000e+00
1.245000001e-03 3.300000000e+00
1.245490002e-03 3.300000000e+00
1.245490003e-03 0.000000000e+00
1.246000000e-03 0.000000000e+00
1.246000001e-03 3.300000000e+00
1.246492002e-03 3.300000000e+00
1.246492003e-03 0.000000000e+00
1.247000000e-03 0.000000000e+00
1.247000001e-03 3.300000000e+00
1.247494001e-03 3.300000000e+00
1.247494002e-03 0.000000000e+00
1.248000000e-03 0.000000000e+00
1.248000001e-03 3.300000000e+00
1.248496001e-03 3.300000000e+00
1.248496002e-03 0.000000000e+00
1.249000000e-03 0.000000000e+00
1.249000001e-03 3.300000000e+00
1.249498000e-03 3.300000000e+00
1.249498001e-03 0.000000000e+00
1.250000000e-03 0.000000000e+00
1.250000001e-03 3.300000000e+00
1.250500000e-03 3.300000000e+00
1.250500001e-03 0.000000000e+00
1.251000000e-03 0.000000000e+00
1.251000001e-03 3.300000000e+00
1.251502000e-03 3.300000000e+00
1.251502001e-03 0.000000000e+00
1.252000000e-03 0.000000000e+00
1.252000001e-03 3.300000000e+00
1.252503999e-03 3.300000000e+00
1.252504000e-03 0.000000000e+00
1.253000000e-03 0.000000000e+00
1.253000001e-03 3.300000000e+00
1.253505999e-03 3.300000000e+00
1.253506000e-03 0.000000000e+00
1.254000000e-03 0.000000000e+00
1.254000001e-03 3.300000000e+00
1.254507998e-03 3.300000000e+00
1.254507999e-03 0.000000000e+00
1.255000000e-03 0.000000000e+00
1.255000001e-03 3.300000000e+00
1.255509998e-03 3.300000000e+00
1.255509999e-03 0.000000000e+00
1.256000000e-03 0.000000000e+00
1.256000001e-03 3.300000000e+00
1.256511998e-03 3.300000000e+00
1.256511999e-03 0.000000000e+00
1.257000000e-03 0.000000000e+00
1.257000001e-03 3.300000000e+00
1.257513997e-03 3.300000000e+00
1.257513998e-03 0.000000000e+00
1.258000000e-03 0.000000000e+00
1.258000001e-03 3.300000000e+00
1.258515997e-03 3.300000000e+00
1.258515998e-03 0.000000000e+00
1.259000000e-03 0.000000000e+00
1.259000001e-03 3.300000000e+00
1.259517996e-03 3.300000000e+00
1.259517997e-03 0.000000000e+00
1.260000000e-03 0.000000000e+00
1.260000001e-03 3.300000000e+00
1.260519996e-03 3.300000000e+00
1.260519997e-03 0.000000000e+00
1.261000000e-03 0.000000000e+00
1.261000001e-03 3.300000000e+00
1.261521996e-03 3.300000000e+00
1.261521997e-03 0.000000000e+00
1.262000000e-03 0.000000000e+00
1.262000001e-03 3.300000000e+00
1.262523995e-03 3.300000000e+00
1.262523996e-03 0.000000000e+00
1.263000000e-03 0.000000000e+00
1.263000001e-03 3.300000000e+00
1.263525995e-03 3.300000000e+00
1.263525996e-03 0.000000000e+00
1.264000000e-03 0.000000000e+00
1.264000001e-03 3.300000000e+00
1.264527994e-03 3.300000000e+00
1.264527995e-03 0.000000000e+00
1.265000000e-03 0.000000000e+00
1.265000001e-03 3.300000000e+00
1.265529994e-03 3.300000000e+00
1.265529995e-03 0.000000000e+00
1.266000000e-03 0.000000000e+00
1.266000001e-03 3.300000000e+00
1.266531994e-03 3.300000000e+00
1.266531995e-03 0.000000000e+00
1.267000000e-03 0.000000000e+00
1.267000001e-03 3.300000000e+00
1.267533993e-03 3.300000000e+00
1.267533994e-03 0.000000000e+00
1.268000000e-03 0.000000000e+00
1.268000001e-03 3.300000000e+00
1.268535993e-03 3.300000000e+00
1.268535994e-03 0.000000000e+00
1.269000000e-03 0.000000000e+00
1.269000001e-03 3.300000000e+00
1.269537992e-03 3.300000000e+00
1.269537993e-03 0.000000000e+00
1.270000000e-03 0.000000000e+00
1.270000001e-03 3.300000000e+00
1.270539992e-03 3.300000000e+00
1.270539993e-03 0.000000000e+00
1.271000000e-03 0.000000000e+00
1.271000001e-03 3.300000000e+00
1.271541992e-03 3.300000000e+00
1.271541993e-03 0.000000000e+00
1.272000000e-03 0.000000000e+00
1.272000001e-03 3.300000000e+00
1.272543991e-03 3.300000000e+00
1.272543992e-03 0.000000000e+00
1.273000000e-03 0.000000000e+00
1.273000001e-03 3.300000000e+00
1.273545991e-03 3.300000000e+00
1.273545992e-03 0.000000000e+00
1.274000000e-03 0.000000000e+00
1.274000001e-03 3.300000000e+00
1.274547990e-03 3.300000000e+00
1.274547991e-03 0.000000000e+00
1.275000000e-03 0.000000000e+00
1.275000001e-03 3.300000000e+00
1.275549990e-03 3.300000000e+00
1.275549991e-03 0.000000000e+00
1.276000000e-03 0.000000000e+00
1.276000001e-03 3.300000000e+00
1.276551990e-03 3.300000000e+00
1.276551991e-03 0.000000000e+00
1.277000000e-03 0.000000000e+00
1.277000001e-03 3.300000000e+00
1.277553989e-03 3.300000000e+00
1.277553990e-03 0.000000000e+00
1.278000000e-03 0.000000000e+00
1.278000001e-03 3.300000000e+00
1.278555989e-03 3.300000000e+00
1.278555990e-03 0.000000000e+00
1.279000000e-03 0.000000000e+00
1.279000001e-03 3.300000000e+00
1.279557988e-03 3.300000000e+00
1.279557989e-03 0.000000000e+00
1.280000000e-03 0.000000000e+00
1.280000001e-03 3.300000000e+00
1.280559988e-03 3.300000000e+00
1.280559989e-03 0.000000000e+00
1.281000000e-03 0.000000000e+00
1.281000001e-03 3.300000000e+00
1.281561988e-03 3.300000000e+00
1.281561989e-03 0.000000000e+00
1.282000000e-03 0.000000000e+00
1.282000001e-03 3.300000000e+00
1.282563987e-03 3.300000000e+00
1.282563988e-03 0.000000000e+00
1.283000000e-03 0.000000000e+00
1.283000001e-03 3.300000000e+00
1.283565987e-03 3.300000000e+00
1.283565988e-03 0.000000000e+00
1.284000000e-03 0.000000000e+00
1.284000001e-03 3.300000000e+00
1.284567986e-03 3.300000000e+00
1.284567987e-03 0.000000000e+00
1.285000000e-03 0.000000000e+00
1.285000001e-03 3.300000000e+00
1.285569986e-03 3.300000000e+00
1.285569987e-03 0.000000000e+00
1.286000000e-03 0.000000000e+00
1.286000001e-03 3.300000000e+00
1.286571986e-03 3.300000000e+00
1.286571987e-03 0.000000000e+00
1.287000000e-03 0.000000000e+00
1.287000001e-03 3.300000000e+00
1.287573985e-03 3.300000000e+00
1.287573986e-03 0.000000000e+00
1.288000000e-03 0.000000000e+00
1.288000001e-03 3.300000000e+00
1.288575985e-03 3.300000000e+00
1.288575986e-03 0.000000000e+00
1.289000000e-03 0.000000000e+00
1.289000001e-03 3.300000000e+00
1.289577984e-03 3.300000000e+00
1.289577985e-03 0.000000000e+00
1.290000000e-03 0.000000000e+00
1.290000001e-03 3.300000000e+00
1.290579984e-03 3.300000000e+00
1.290579985e-03 0.000000000e+00
1.291000000e-03 0.000000000e+00
1.291000001e-03 3.300000000e+00
1.291581984e-03 3.300000000e+00
1.291581985e-03 0.000000000e+00
1.292000000e-03 0.000000000e+00
1.292000001e-03 3.300000000e+00
1.292583983e-03 3.300000000e+00
1.292583984e-03 0.000000000e+00
1.293000000e-03 0.000000000e+00
1.293000001e-03 3.300000000e+00
1.293585983e-03 3.300000000e+00
1.293585984e-03 0.000000000e+00
1.294000000e-03 0.000000000e+00
1.294000001e-03 3.300000000e+00
1.294587982e-03 3.300000000e+00
1.294587983e-03 0.000000000e+00
1.295000000e-03 0.000000000e+00
1.295000001e-03 3.300000000e+00
1.295589982e-03 3.300000000e+00
1.295589983e-03 0.000000000e+00
1.296000000e-03 0.000000000e+00
1.296000001e-03 3.300000000e+00
1.296591982e-03 3.300000000e+00
1.296591983e-03 0.000000000e+00
1.297000000e-03 0.000000000e+00
1.297000001e-03 3.300000000e+00
1.297593981e-03 3.300000000e+00
1.297593982e-03 0.000000000e+00
1.298000000e-03 0.000000000e+00
1.298000001e-03 3.300000000e+00
1.298595981e-03 3.300000000e+00
1.298595982e-03 0.000000000e+00
1.299000000e-03 0.000000000e+00
1.299000001e-03 3.300000000e+00
1.299597980e-03 3.300000000e+00
1.299597981e-03 0.000000000e+00
1.300000000e-03 0.000000000e+00
1.300000001e-03 3.300000000e+00
1.300599980e-03 3.300000000e+00
1.300599981e-03 0.000000000e+00
1.301000000e-03 0.000000000e+00
1.301000001e-03 3.300000000e+00
1.301601980e-03 3.300000000e+00
1.301601981e-03 0.000000000e+00
1.302000000e-03 0.000000000e+00
1.302000001e-03 3.300000000e+00
1.302603979e-03 3.300000000e+00
1.302603980e-03 0.000000000e+00
1.303000000e-03 0.000000000e+00
1.303000001e-03 3.300000000e+00
1.303605979e-03 3.300000000e+00
1.303605980e-03 0.000000000e+00
1.304000000e-03 0.000000000e+00
1.304000001e-03 3.300000000e+00
1.304607978e-03 3.300000000e+00
1.304607979e-03 0.000000000e+00
1.305000000e-03 0.000000000e+00
1.305000001e-03 3.300000000e+00
1.305609978e-03 3.300000000e+00
1.305609979e-03 0.000000000e+00
1.306000000e-03 0.000000000e+00
1.306000001e-03 3.300000000e+00
1.306611978e-03 3.300000000e+00
1.306611979e-03 0.000000000e+00
1.307000000e-03 0.000000000e+00
1.307000001e-03 3.300000000e+00
1.307613977e-03 3.300000000e+00
1.307613978e-03 0.000000000e+00
1.308000000e-03 0.000000000e+00
1.308000001e-03 3.300000000e+00
1.308615977e-03 3.300000000e+00
1.308615978e-03 0.000000000e+00
1.309000000e-03 0.000000000e+00
1.309000001e-03 3.300000000e+00
1.309617976e-03 3.300000000e+00
1.309617977e-03 0.000000000e+00
1.310000000e-03 0.000000000e+00
1.310000001e-03 3.300000000e+00
1.310619976e-03 3.300000000e+00
1.310619977e-03 0.000000000e+00
1.311000000e-03 0.000000000e+00
1.311000001e-03 3.300000000e+00
1.311621976e-03 3.300000000e+00
1.311621977e-03 0.000000000e+00
1.312000000e-03 0.000000000e+00
1.312000001e-03 3.300000000e+00
1.312623975e-03 3.300000000e+00
1.312623976e-03 0.000000000e+00
1.313000000e-03 0.000000000e+00
1.313000001e-03 3.300000000e+00
1.313625975e-03 3.300000000e+00
1.313625976e-03 0.000000000e+00
1.314000000e-03 0.000000000e+00
1.314000001e-03 3.300000000e+00
1.314627974e-03 3.300000000e+00
1.314627975e-03 0.000000000e+00
1.315000000e-03 0.000000000e+00
1.315000001e-03 3.300000000e+00
1.315629974e-03 3.300000000e+00
1.315629975e-03 0.000000000e+00
1.316000000e-03 0.000000000e+00
1.316000001e-03 3.300000000e+00
1.316631974e-03 3.300000000e+00
1.316631975e-03 0.000000000e+00
1.317000000e-03 0.000000000e+00
1.317000001e-03 3.300000000e+00
1.317633973e-03 3.300000000e+00
1.317633974e-03 0.000000000e+00
1.318000000e-03 0.000000000e+00
1.318000001e-03 3.300000000e+00
1.318635973e-03 3.300000000e+00
1.318635974e-03 0.000000000e+00
1.319000000e-03 0.000000000e+00
1.319000001e-03 3.300000000e+00
1.319637972e-03 3.300000000e+00
1.319637973e-03 0.000000000e+00
1.320000000e-03 0.000000000e+00
1.320000001e-03 3.300000000e+00
1.320639972e-03 3.300000000e+00
1.320639973e-03 0.000000000e+00
1.321000000e-03 0.000000000e+00
1.321000001e-03 3.300000000e+00
1.321641972e-03 3.300000000e+00
1.321641973e-03 0.000000000e+00
1.322000000e-03 0.000000000e+00
1.322000001e-03 3.300000000e+00
1.322643971e-03 3.300000000e+00
1.322643972e-03 0.000000000e+00
1.323000000e-03 0.000000000e+00
1.323000001e-03 3.300000000e+00
1.323645971e-03 3.300000000e+00
1.323645972e-03 0.000000000e+00
1.324000000e-03 0.000000000e+00
1.324000001e-03 3.300000000e+00
1.324647970e-03 3.300000000e+00
1.324647971e-03 0.000000000e+00
1.325000000e-03 0.000000000e+00
1.325000001e-03 3.300000000e+00
1.325649970e-03 3.300000000e+00
1.325649971e-03 0.000000000e+00
1.326000000e-03 0.000000000e+00
1.326000001e-03 3.300000000e+00
1.326651970e-03 3.300000000e+00
1.326651971e-03 0.000000000e+00
1.327000000e-03 0.000000000e+00
1.327000001e-03 3.300000000e+00
1.327653969e-03 3.300000000e+00
1.327653970e-03 0.000000000e+00
1.328000000e-03 0.000000000e+00
1.328000001e-03 3.300000000e+00
1.328655969e-03 3.300000000e+00
1.328655970e-03 0.000000000e+00
1.329000000e-03 0.000000000e+00
1.329000001e-03 3.300000000e+00
1.329657968e-03 3.300000000e+00
1.329657969e-03 0.000000000e+00
1.330000000e-03 0.000000000e+00
1.330000001e-03 3.300000000e+00
1.330659968e-03 3.300000000e+00
1.330659969e-03 0.000000000e+00
1.331000000e-03 0.000000000e+00
1.331000001e-03 3.300000000e+00
1.331661968e-03 3.300000000e+00
1.331661969e-03 0.000000000e+00
1.332000000e-03 0.000000000e+00
1.332000001e-03 3.300000000e+00
1.332663967e-03 3.300000000e+00
1.332663968e-03 0.000000000e+00
1.333000000e-03 0.000000000e+00
1.333000001e-03 3.300000000e+00
1.333665967e-03 3.300000000e+00
1.333665968e-03 0.000000000e+00
1.334000000e-03 0.000000000e+00
1.334000001e-03 3.300000000e+00
1.334667966e-03 3.300000000e+00
1.334667967e-03 0.000000000e+00
1.335000000e-03 0.000000000e+00
1.335000001e-03 3.300000000e+00
1.335669966e-03 3.300000000e+00
1.335669967e-03 0.000000000e+00
1.336000000e-03 0.000000000e+00
1.336000001e-03 3.300000000e+00
1.336671966e-03 3.300000000e+00
1.336671967e-03 0.000000000e+00
1.337000000e-03 0.000000000e+00
1.337000001e-03 3.300000000e+00
1.337673965e-03 3.300000000e+00
1.337673966e-03 0.000000000e+00
1.338000000e-03 0.000000000e+00
1.338000001e-03 3.300000000e+00
1.338675965e-03 3.300000000e+00
1.338675966e-03 0.000000000e+00
1.339000000e-03 0.000000000e+00
1.339000001e-03 3.300000000e+00
1.339677964e-03 3.300000000e+00
1.339677965e-03 0.000000000e+00
1.340000000e-03 0.000000000e+00
1.340000001e-03 3.300000000e+00
1.340679964e-03 3.300000000e+00
1.340679965e-03 0.000000000e+00
1.341000000e-03 0.000000000e+00
1.341000001e-03 3.300000000e+00
1.341681964e-03 3.300000000e+00
1.341681965e-03 0.000000000e+00
1.342000000e-03 0.000000000e+00
1.342000001e-03 3.300000000e+00
1.342683963e-03 3.300000000e+00
1.342683964e-03 0.000000000e+00
1.343000000e-03 0.000000000e+00
1.343000001e-03 3.300000000e+00
1.343685963e-03 3.300000000e+00
1.343685964e-03 0.000000000e+00
1.344000000e-03 0.000000000e+00
1.344000001e-03 3.300000000e+00
1.344687962e-03 3.300000000e+00
1.344687963e-03 0.000000000e+00
1.345000000e-03 0.000000000e+00
1.345000001e-03 3.300000000e+00
1.345689962e-03 3.300000000e+00
1.345689963e-03 0.000000000e+00
1.346000000e-03 0.000000000e+00
1.346000001e-03 3.300000000e+00
1.346691962e-03 3.300000000e+00
1.346691963e-03 0.000000000e+00
1.347000000e-03 0.000000000e+00
1.347000001e-03 3.300000000e+00
1.347693961e-03 3.300000000e+00
1.347693962e-03 0.000000000e+00
1.348000000e-03 0.000000000e+00
1.348000001e-03 3.300000000e+00
1.348695961e-03 3.300000000e+00
1.348695962e-03 0.000000000e+00
1.349000000e-03 0.000000000e+00
1.349000001e-03 3.300000000e+00
1.349697960e-03 3.300000000e+00
1.349697961e-03 0.000000000e+00
1.350000000e-03 0.000000000e+00
1.350000001e-03 3.300000000e+00
1.350699960e-03 3.300000000e+00
1.350699961e-03 0.000000000e+00
1.351000000e-03 0.000000000e+00
1.351000001e-03 3.300000000e+00
1.351701960e-03 3.300000000e+00
1.351701961e-03 0.000000000e+00
1.352000000e-03 0.000000000e+00
1.352000001e-03 3.300000000e+00
1.352703959e-03 3.300000000e+00
1.352703960e-03 0.000000000e+00
1.353000000e-03 0.000000000e+00
1.353000001e-03 3.300000000e+00
1.353705959e-03 3.300000000e+00
1.353705960e-03 0.000000000e+00
1.354000000e-03 0.000000000e+00
1.354000001e-03 3.300000000e+00
1.354707958e-03 3.300000000e+00
1.354707959e-03 0.000000000e+00
1.355000000e-03 0.000000000e+00
1.355000001e-03 3.300000000e+00
1.355709958e-03 3.300000000e+00
1.355709959e-03 0.000000000e+00
1.356000000e-03 0.000000000e+00
1.356000001e-03 3.300000000e+00
1.356711958e-03 3.300000000e+00
1.356711959e-03 0.000000000e+00
1.357000000e-03 0.000000000e+00
1.357000001e-03 3.300000000e+00
1.357713957e-03 3.300000000e+00
1.357713958e-03 0.000000000e+00
1.358000000e-03 0.000000000e+00
1.358000001e-03 3.300000000e+00
1.358715957e-03 3.300000000e+00
1.358715958e-03 0.000000000e+00
1.359000000e-03 0.000000000e+00
1.359000001e-03 3.300000000e+00
1.359717956e-03 3.300000000e+00
1.359717957e-03 0.000000000e+00
1.360000000e-03 0.000000000e+00
1.360000001e-03 3.300000000e+00
1.360719956e-03 3.300000000e+00
1.360719957e-03 0.000000000e+00
1.361000000e-03 0.000000000e+00
1.361000001e-03 3.300000000e+00
1.361721956e-03 3.300000000e+00
1.361721957e-03 0.000000000e+00
1.362000000e-03 0.000000000e+00
1.362000001e-03 3.300000000e+00
1.362723955e-03 3.300000000e+00
1.362723956e-03 0.000000000e+00
1.363000000e-03 0.000000000e+00
1.363000001e-03 3.300000000e+00
1.363725955e-03 3.300000000e+00
1.363725956e-03 0.000000000e+00
1.364000000e-03 0.000000000e+00
1.364000001e-03 3.300000000e+00
1.364727954e-03 3.300000000e+00
1.364727955e-03 0.000000000e+00
1.365000000e-03 0.000000000e+00
1.365000001e-03 3.300000000e+00
1.365729954e-03 3.300000000e+00
1.365729955e-03 0.000000000e+00
1.366000000e-03 0.000000000e+00
1.366000001e-03 3.300000000e+00
1.366731954e-03 3.300000000e+00
1.366731955e-03 0.000000000e+00
1.367000000e-03 0.000000000e+00
1.367000001e-03 3.300000000e+00
1.367733953e-03 3.300000000e+00
1.367733954e-03 0.000000000e+00
1.368000000e-03 0.000000000e+00
1.368000001e-03 3.300000000e+00
1.368735953e-03 3.300000000e+00
1.368735954e-03 0.000000000e+00
1.369000000e-03 0.000000000e+00
1.369000001e-03 3.300000000e+00
1.369737952e-03 3.300000000e+00
1.369737953e-03 0.000000000e+00
1.370000000e-03 0.000000000e+00
1.370000001e-03 3.300000000e+00
1.370739952e-03 3.300000000e+00
1.370739953e-03 0.000000000e+00
1.371000000e-03 0.000000000e+00
1.371000001e-03 3.300000000e+00
1.371741952e-03 3.300000000e+00
1.371741953e-03 0.000000000e+00
1.372000000e-03 0.000000000e+00
1.372000001e-03 3.300000000e+00
1.372743951e-03 3.300000000e+00
1.372743952e-03 0.000000000e+00
1.373000000e-03 0.000000000e+00
1.373000001e-03 3.300000000e+00
1.373745951e-03 3.300000000e+00
1.373745952e-03 0.000000000e+00
1.374000000e-03 0.000000000e+00
1.374000001e-03 3.300000000e+00
1.374747950e-03 3.300000000e+00
1.374747951e-03 0.000000000e+00
1.375000000e-03 0.000000000e+00
1.375000001e-03 3.300000000e+00
1.375749950e-03 3.300000000e+00
1.375749951e-03 0.000000000e+00
1.376000000e-03 0.000000000e+00
1.376000001e-03 3.300000000e+00
1.376751950e-03 3.300000000e+00
1.376751951e-03 0.000000000e+00
1.377000000e-03 0.000000000e+00
1.377000001e-03 3.300000000e+00
1.377753949e-03 3.300000000e+00
1.377753950e-03 0.000000000e+00
1.378000000e-03 0.000000000e+00
1.378000001e-03 3.300000000e+00
1.378755949e-03 3.300000000e+00
1.378755950e-03 0.000000000e+00
1.379000000e-03 0.000000000e+00
1.379000001e-03 3.300000000e+00
1.379757948e-03 3.300000000e+00
1.379757949e-03 0.000000000e+00
1.380000000e-03 0.000000000e+00
1.380000001e-03 3.300000000e+00
1.380759948e-03 3.300000000e+00
1.380759949e-03 0.000000000e+00
1.381000000e-03 0.000000000e+00
1.381000001e-03 3.300000000e+00
1.381761948e-03 3.300000000e+00
1.381761949e-03 0.000000000e+00
1.382000000e-03 0.000000000e+00
1.382000001e-03 3.300000000e+00
1.382763947e-03 3.300000000e+00
1.382763948e-03 0.000000000e+00
1.383000000e-03 0.000000000e+00
1.383000001e-03 3.300000000e+00
1.383765947e-03 3.300000000e+00
1.383765948e-03 0.000000000e+00
1.384000000e-03 0.000000000e+00
1.384000001e-03 3.300000000e+00
1.384767946e-03 3.300000000e+00
1.384767947e-03 0.000000000e+00
1.385000000e-03 0.000000000e+00
1.385000001e-03 3.300000000e+00
1.385769946e-03 3.300000000e+00
1.385769947e-03 0.000000000e+00
1.386000000e-03 0.000000000e+00
1.386000001e-03 3.300000000e+00
1.386771946e-03 3.300000000e+00
1.386771947e-03 0.000000000e+00
1.387000000e-03 0.000000000e+00
1.387000001e-03 3.300000000e+00
1.387773945e-03 3.300000000e+00
1.387773946e-03 0.000000000e+00
1.388000000e-03 0.000000000e+00
1.388000001e-03 3.300000000e+00
1.388775945e-03 3.300000000e+00
1.388775946e-03 0.000000000e+00
1.389000000e-03 0.000000000e+00
1.389000001e-03 3.300000000e+00
1.389777944e-03 3.300000000e+00
1.389777945e-03 0.000000000e+00
1.390000000e-03 0.000000000e+00
1.390000001e-03 3.300000000e+00
1.390779944e-03 3.300000000e+00
1.390779945e-03 0.000000000e+00
1.391000000e-03 0.000000000e+00
1.391000001e-03 3.300000000e+00
1.391781944e-03 3.300000000e+00
1.391781945e-03 0.000000000e+00
1.392000000e-03 0.000000000e+00
1.392000001e-03 3.300000000e+00
1.392783943e-03 3.300000000e+00
1.392783944e-03 0.000000000e+00
1.393000000e-03 0.000000000e+00
1.393000001e-03 3.300000000e+00
1.393785943e-03 3.300000000e+00
1.393785944e-03 0.000000000e+00
1.394000000e-03 0.000000000e+00
1.394000001e-03 3.300000000e+00
1.394787942e-03 3.300000000e+00
1.394787943e-03 0.000000000e+00
1.395000000e-03 0.000000000e+00
1.395000001e-03 3.300000000e+00
1.395789942e-03 3.300000000e+00
1.395789943e-03 0.000000000e+00
1.396000000e-03 0.000000000e+00
1.396000001e-03 3.300000000e+00
1.396791942e-03 3.300000000e+00
1.396791943e-03 0.000000000e+00
1.397000000e-03 0.000000000e+00
1.397000001e-03 3.300000000e+00
1.397793941e-03 3.300000000e+00
1.397793942e-03 0.000000000e+00
1.398000000e-03 0.000000000e+00
1.398000001e-03 3.300000000e+00
1.398795941e-03 3.300000000e+00
1.398795942e-03 0.000000000e+00
1.399000000e-03 0.000000000e+00
1.399000001e-03 3.300000000e+00
1.399797940e-03 3.300000000e+00
1.399797941e-03 0.000000000e+00
1.400000000e-03 0.000000000e+00
1.400000001e-03 3.300000000e+00
1.400799940e-03 3.300000000e+00
1.400799941e-03 0.000000000e+00
1.401000000e-03 0.000000000e+00
1.401000001e-03 3.300000000e+00
1.401801940e-03 3.300000000e+00
1.401801941e-03 0.000000000e+00
1.402000000e-03 0.000000000e+00
1.402000001e-03 3.300000000e+00
1.402803939e-03 3.300000000e+00
1.402803940e-03 0.000000000e+00
1.403000000e-03 0.000000000e+00
1.403000001e-03 3.300000000e+00
1.403805939e-03 3.300000000e+00
1.403805940e-03 0.000000000e+00
1.404000000e-03 0.000000000e+00
1.404000001e-03 3.300000000e+00
1.404807938e-03 3.300000000e+00
1.404807939e-03 0.000000000e+00
1.405000000e-03 0.000000000e+00
1.405000001e-03 3.300000000e+00
1.405809938e-03 3.300000000e+00
1.405809939e-03 0.000000000e+00
1.406000000e-03 0.000000000e+00
1.406000001e-03 3.300000000e+00
1.406811938e-03 3.300000000e+00
1.406811939e-03 0.000000000e+00
1.407000000e-03 0.000000000e+00
1.407000001e-03 3.300000000e+00
1.407813937e-03 3.300000000e+00
1.407813938e-03 0.000000000e+00
1.408000000e-03 0.000000000e+00
1.408000001e-03 3.300000000e+00
1.408815937e-03 3.300000000e+00
1.408815938e-03 0.000000000e+00
1.409000000e-03 0.000000000e+00
1.409000001e-03 3.300000000e+00
1.409817936e-03 3.300000000e+00
1.409817937e-03 0.000000000e+00
1.410000000e-03 0.000000000e+00
1.410000001e-03 3.300000000e+00
1.410819936e-03 3.300000000e+00
1.410819937e-03 0.000000000e+00
1.411000000e-03 0.000000000e+00
1.411000001e-03 3.300000000e+00
1.411821936e-03 3.300000000e+00
1.411821937e-03 0.000000000e+00
1.412000000e-03 0.000000000e+00
1.412000001e-03 3.300000000e+00
1.412823935e-03 3.300000000e+00
1.412823936e-03 0.000000000e+00
1.413000000e-03 0.000000000e+00
1.413000001e-03 3.300000000e+00
1.413825935e-03 3.300000000e+00
1.413825936e-03 0.000000000e+00
1.414000000e-03 0.000000000e+00
1.414000001e-03 3.300000000e+00
1.414827934e-03 3.300000000e+00
1.414827935e-03 0.000000000e+00
1.415000000e-03 0.000000000e+00
1.415000001e-03 3.300000000e+00
1.415829934e-03 3.300000000e+00
1.415829935e-03 0.000000000e+00
1.416000000e-03 0.000000000e+00
1.416000001e-03 3.300000000e+00
1.416831934e-03 3.300000000e+00
1.416831935e-03 0.000000000e+00
1.417000000e-03 0.000000000e+00
1.417000001e-03 3.300000000e+00
1.417833933e-03 3.300000000e+00
1.417833934e-03 0.000000000e+00
1.418000000e-03 0.000000000e+00
1.418000001e-03 3.300000000e+00
1.418835933e-03 3.300000000e+00
1.418835934e-03 0.000000000e+00
1.419000000e-03 0.000000000e+00
1.419000001e-03 3.300000000e+00
1.419837932e-03 3.300000000e+00
1.419837933e-03 0.000000000e+00
1.420000000e-03 0.000000000e+00
1.420000001e-03 3.300000000e+00
1.420839932e-03 3.300000000e+00
1.420839933e-03 0.000000000e+00
1.421000000e-03 0.000000000e+00
1.421000001e-03 3.300000000e+00
1.421841932e-03 3.300000000e+00
1.421841933e-03 0.000000000e+00
1.422000000e-03 0.000000000e+00
1.422000001e-03 3.300000000e+00
1.422843931e-03 3.300000000e+00
1.422843932e-03 0.000000000e+00
1.423000000e-03 0.000000000e+00
1.423000001e-03 3.300000000e+00
1.423845931e-03 3.300000000e+00
1.423845932e-03 0.000000000e+00
1.424000000e-03 0.000000000e+00
1.424000001e-03 3.300000000e+00
1.424847930e-03 3.300000000e+00
1.424847931e-03 0.000000000e+00
1.425000000e-03 0.000000000e+00
1.425000001e-03 3.300000000e+00
1.425849930e-03 3.300000000e+00
1.425849931e-03 0.000000000e+00
1.426000000e-03 0.000000000e+00
1.426000001e-03 3.300000000e+00
1.426851930e-03 3.300000000e+00
1.426851931e-03 0.000000000e+00
1.427000000e-03 0.000000000e+00
1.427000001e-03 3.300000000e+00
1.427853929e-03 3.300000000e+00
1.427853930e-03 0.000000000e+00
1.428000000e-03 0.000000000e+00
1.428000001e-03 3.300000000e+00
1.428855929e-03 3.300000000e+00
1.428855930e-03 0.000000000e+00
1.429000000e-03 0.000000000e+00
1.429000001e-03 3.300000000e+00
1.429857928e-03 3.300000000e+00
1.429857929e-03 0.000000000e+00
1.430000000e-03 0.000000000e+00
1.430000001e-03 3.300000000e+00
1.430859928e-03 3.300000000e+00
1.430859929e-03 0.000000000e+00
1.431000000e-03 0.000000000e+00
1.431000001e-03 3.300000000e+00
1.431861928e-03 3.300000000e+00
1.431861929e-03 0.000000000e+00
1.432000000e-03 0.000000000e+00
1.432000001e-03 3.300000000e+00
1.432863927e-03 3.300000000e+00
1.432863928e-03 0.000000000e+00
1.433000000e-03 0.000000000e+00
1.433000001e-03 3.300000000e+00
1.433865927e-03 3.300000000e+00
1.433865928e-03 0.000000000e+00
1.434000000e-03 0.000000000e+00
1.434000001e-03 3.300000000e+00
1.434867926e-03 3.300000000e+00
1.434867927e-03 0.000000000e+00
1.435000000e-03 0.000000000e+00
1.435000001e-03 3.300000000e+00
1.435869926e-03 3.300000000e+00
1.435869927e-03 0.000000000e+00
1.436000000e-03 0.000000000e+00
1.436000001e-03 3.300000000e+00
1.436871926e-03 3.300000000e+00
1.436871927e-03 0.000000000e+00
1.437000000e-03 0.000000000e+00
1.437000001e-03 3.300000000e+00
1.437873925e-03 3.300000000e+00
1.437873926e-03 0.000000000e+00
1.438000000e-03 0.000000000e+00
1.438000001e-03 3.300000000e+00
1.438875925e-03 3.300000000e+00
1.438875926e-03 0.000000000e+00
1.439000000e-03 0.000000000e+00
1.439000001e-03 3.300000000e+00
1.439877924e-03 3.300000000e+00
1.439877925e-03 0.000000000e+00
1.440000000e-03 0.000000000e+00
1.440000001e-03 3.300000000e+00
1.440879924e-03 3.300000000e+00
1.440879925e-03 0.000000000e+00
1.441000000e-03 0.000000000e+00
1.441000001e-03 3.300000000e+00
1.441881924e-03 3.300000000e+00
1.441881925e-03 0.000000000e+00
1.442000000e-03 0.000000000e+00
1.442000001e-03 3.300000000e+00
1.442883923e-03 3.300000000e+00
1.442883924e-03 0.000000000e+00
1.443000000e-03 0.000000000e+00
1.443000001e-03 3.300000000e+00
1.443885923e-03 3.300000000e+00
1.443885924e-03 0.000000000e+00
1.444000000e-03 0.000000000e+00
1.444000001e-03 3.300000000e+00
1.444887922e-03 3.300000000e+00
1.444887923e-03 0.000000000e+00
1.445000000e-03 0.000000000e+00
1.445000001e-03 3.300000000e+00
1.445889922e-03 3.300000000e+00
1.445889923e-03 0.000000000e+00
1.446000000e-03 0.000000000e+00
1.446000001e-03 3.300000000e+00
1.446891922e-03 3.300000000e+00
1.446891923e-03 0.000000000e+00
1.447000000e-03 0.000000000e+00
1.447000001e-03 3.300000000e+00
1.447893921e-03 3.300000000e+00
1.447893922e-03 0.000000000e+00
1.448000000e-03 0.000000000e+00
1.448000001e-03 3.300000000e+00
1.448895921e-03 3.300000000e+00
1.448895922e-03 0.000000000e+00
1.449000000e-03 0.000000000e+00
1.449000001e-03 3.300000000e+00
1.449897920e-03 3.300000000e+00
1.449897921e-03 0.000000000e+00
1.450000000e-03 0.000000000e+00
1.450000001e-03 3.300000000e+00
1.450899920e-03 3.300000000e+00
1.450899921e-03 0.000000000e+00
1.451000000e-03 0.000000000e+00
1.451000001e-03 3.300000000e+00
1.451901920e-03 3.300000000e+00
1.451901921e-03 0.000000000e+00
1.452000000e-03 0.000000000e+00
1.452000001e-03 3.300000000e+00
1.452903919e-03 3.300000000e+00
1.452903920e-03 0.000000000e+00
1.453000000e-03 0.000000000e+00
1.453000001e-03 3.300000000e+00
1.453905919e-03 3.300000000e+00
1.453905920e-03 0.000000000e+00
1.454000000e-03 0.000000000e+00
1.454000001e-03 3.300000000e+00
1.454907918e-03 3.300000000e+00
1.454907919e-03 0.000000000e+00
1.455000000e-03 0.000000000e+00
1.455000001e-03 3.300000000e+00
1.455909918e-03 3.300000000e+00
1.455909919e-03 0.000000000e+00
1.456000000e-03 0.000000000e+00
1.456000001e-03 3.300000000e+00
1.456911918e-03 3.300000000e+00
1.456911919e-03 0.000000000e+00
1.457000000e-03 0.000000000e+00
1.457000001e-03 3.300000000e+00
1.457913917e-03 3.300000000e+00
1.457913918e-03 0.000000000e+00
1.458000000e-03 0.000000000e+00
1.458000001e-03 3.300000000e+00
1.458915917e-03 3.300000000e+00
1.458915918e-03 0.000000000e+00
1.459000000e-03 0.000000000e+00
1.459000001e-03 3.300000000e+00
1.459917916e-03 3.300000000e+00
1.459917917e-03 0.000000000e+00
1.460000000e-03 0.000000000e+00
1.460000001e-03 3.300000000e+00
1.460919916e-03 3.300000000e+00
1.460919917e-03 0.000000000e+00
1.461000000e-03 0.000000000e+00
1.461000001e-03 3.300000000e+00
1.461921916e-03 3.300000000e+00
1.461921917e-03 0.000000000e+00
1.462000000e-03 0.000000000e+00
1.462000001e-03 3.300000000e+00
1.462923915e-03 3.300000000e+00
1.462923916e-03 0.000000000e+00
1.463000000e-03 0.000000000e+00
1.463000001e-03 3.300000000e+00
1.463925915e-03 3.300000000e+00
1.463925916e-03 0.000000000e+00
1.464000000e-03 0.000000000e+00
1.464000001e-03 3.300000000e+00
1.464927914e-03 3.300000000e+00
1.464927915e-03 0.000000000e+00
1.465000000e-03 0.000000000e+00
1.465000001e-03 3.300000000e+00
1.465929914e-03 3.300000000e+00
1.465929915e-03 0.000000000e+00
1.466000000e-03 0.000000000e+00
1.466000001e-03 3.300000000e+00
1.466931914e-03 3.300000000e+00
1.466931915e-03 0.000000000e+00
1.467000000e-03 0.000000000e+00
1.467000001e-03 3.300000000e+00
1.467933913e-03 3.300000000e+00
1.467933914e-03 0.000000000e+00
1.468000000e-03 0.000000000e+00
1.468000001e-03 3.300000000e+00
1.468935913e-03 3.300000000e+00
1.468935914e-03 0.000000000e+00
1.469000000e-03 0.000000000e+00
1.469000001e-03 3.300000000e+00
1.469937912e-03 3.300000000e+00
1.469937913e-03 0.000000000e+00
1.470000000e-03 0.000000000e+00
1.470000001e-03 3.300000000e+00
1.470939912e-03 3.300000000e+00
1.470939913e-03 0.000000000e+00
1.471000000e-03 0.000000000e+00
1.471000001e-03 3.300000000e+00
1.471941912e-03 3.300000000e+00
1.471941913e-03 0.000000000e+00
1.472000000e-03 0.000000000e+00
1.472000001e-03 3.300000000e+00
1.472943911e-03 3.300000000e+00
1.472943912e-03 0.000000000e+00
1.473000000e-03 0.000000000e+00
1.473000001e-03 3.300000000e+00
1.473945911e-03 3.300000000e+00
1.473945912e-03 0.000000000e+00
1.474000000e-03 0.000000000e+00
1.474000001e-03 3.300000000e+00
1.474947910e-03 3.300000000e+00
1.474947911e-03 0.000000000e+00
1.475000000e-03 0.000000000e+00
1.475000001e-03 3.300000000e+00
1.475949910e-03 3.300000000e+00
1.475949911e-03 0.000000000e+00
1.476000000e-03 0.000000000e+00
1.476000001e-03 3.300000000e+00
1.476951910e-03 3.300000000e+00
1.476951911e-03 0.000000000e+00
1.477000000e-03 0.000000000e+00
1.477000001e-03 3.300000000e+00
1.477953909e-03 3.300000000e+00
1.477953910e-03 0.000000000e+00
1.478000000e-03 0.000000000e+00
1.478000001e-03 3.300000000e+00
1.478955909e-03 3.300000000e+00
1.478955910e-03 0.000000000e+00
1.479000000e-03 0.000000000e+00
1.479000001e-03 3.300000000e+00
1.479957908e-03 3.300000000e+00
1.479957909e-03 0.000000000e+00
1.480000000e-03 0.000000000e+00
1.480000001e-03 3.300000000e+00
1.480959908e-03 3.300000000e+00
1.480959909e-03 0.000000000e+00
1.481000000e-03 0.000000000e+00
1.481000001e-03 3.300000000e+00
1.481961908e-03 3.300000000e+00
1.481961909e-03 0.000000000e+00
1.482000000e-03 0.000000000e+00
1.482000001e-03 3.300000000e+00
1.482963907e-03 3.300000000e+00
1.482963908e-03 0.000000000e+00
1.483000000e-03 0.000000000e+00
1.483000001e-03 3.300000000e+00
1.483965907e-03 3.300000000e+00
1.483965908e-03 0.000000000e+00
1.484000000e-03 0.000000000e+00
1.484000001e-03 3.300000000e+00
1.484967906e-03 3.300000000e+00
1.484967907e-03 0.000000000e+00
1.485000000e-03 0.000000000e+00
1.485000001e-03 3.300000000e+00
1.485969906e-03 3.300000000e+00
1.485969907e-03 0.000000000e+00
1.486000000e-03 0.000000000e+00
1.486000001e-03 3.300000000e+00
1.486971906e-03 3.300000000e+00
1.486971907e-03 0.000000000e+00
1.487000000e-03 0.000000000e+00
1.487000001e-03 3.300000000e+00
1.487973905e-03 3.300000000e+00
1.487973906e-03 0.000000000e+00
1.488000000e-03 0.000000000e+00
1.488000001e-03 3.300000000e+00
1.488975905e-03 3.300000000e+00
1.488975906e-03 0.000000000e+00
1.489000000e-03 0.000000000e+00
1.489000001e-03 3.300000000e+00
1.489977904e-03 3.300000000e+00
1.489977905e-03 0.000000000e+00
1.490000000e-03 0.000000000e+00
1.490000001e-03 3.300000000e+00
1.490979904e-03 3.300000000e+00
1.490979905e-03 0.000000000e+00
1.491000000e-03 0.000000000e+00
1.491000001e-03 3.300000000e+00
1.491981904e-03 3.300000000e+00
1.491981905e-03 0.000000000e+00
1.492000000e-03 0.000000000e+00
1.492000001e-03 3.300000000e+00
1.492983903e-03 3.300000000e+00
1.492983904e-03 0.000000000e+00
1.493000000e-03 0.000000000e+00
1.493000001e-03 3.300000000e+00
1.493985903e-03 3.300000000e+00
1.493985904e-03 0.000000000e+00
1.494000000e-03 0.000000000e+00
1.494000001e-03 3.300000000e+00
1.494987902e-03 3.300000000e+00
1.494987903e-03 0.000000000e+00
1.495000000e-03 0.000000000e+00
1.495000001e-03 3.300000000e+00
1.495989902e-03 3.300000000e+00
1.495989903e-03 0.000000000e+00
1.496000000e-03 0.000000000e+00
1.496000001e-03 3.300000000e+00
1.496991902e-03 3.300000000e+00
1.496991903e-03 0.000000000e+00
1.497000000e-03 0.000000000e+00
1.497000001e-03 3.300000000e+00
1.497993901e-03 3.300000000e+00
1.497993902e-03 0.000000000e+00
1.498000000e-03 0.000000000e+00
1.498000001e-03 3.300000000e+00
1.498995901e-03 3.300000000e+00
1.498995902e-03 0.000000000e+00
1.499000000e-03 0.000000000e+00
1.499000001e-03 3.300000000e+00
1.499997900e-03 3.300000000e+00
1.499997901e-03 0.000000000e+00
1.500000000e-03 0.000000000e+00
1.500000001e-03 3.300000000e+00
1.500999900e-03 3.300000000e+00
1.500999901e-03 0.000000000e+00
1.501000000e-03 0.000000000e+00
1.501000001e-03 3.300000000e+00
1.501997900e-03 3.300000000e+00
1.501997901e-03 0.000000000e+00
1.502000000e-03 0.000000000e+00
1.502000001e-03 3.300000000e+00
1.502995901e-03 3.300000000e+00
1.502995902e-03 0.000000000e+00
1.503000000e-03 0.000000000e+00
1.503000001e-03 3.300000000e+00
1.503993901e-03 3.300000000e+00
1.503993902e-03 0.000000000e+00
1.504000000e-03 0.000000000e+00
1.504000001e-03 3.300000000e+00
1.504991902e-03 3.300000000e+00
1.504991903e-03 0.000000000e+00
1.505000000e-03 0.000000000e+00
1.505000001e-03 3.300000000e+00
1.505989902e-03 3.300000000e+00
1.505989903e-03 0.000000000e+00
1.506000000e-03 0.000000000e+00
1.506000001e-03 3.300000000e+00
1.506987902e-03 3.300000000e+00
1.506987903e-03 0.000000000e+00
1.507000000e-03 0.000000000e+00
1.507000001e-03 3.300000000e+00
1.507985903e-03 3.300000000e+00
1.507985904e-03 0.000000000e+00
1.508000000e-03 0.000000000e+00
1.508000001e-03 3.300000000e+00
1.508983903e-03 3.300000000e+00
1.508983904e-03 0.000000000e+00
1.509000000e-03 0.000000000e+00
1.509000001e-03 3.300000000e+00
1.509981904e-03 3.300000000e+00
1.509981905e-03 0.000000000e+00
1.510000000e-03 0.000000000e+00
1.510000001e-03 3.300000000e+00
1.510979904e-03 3.300000000e+00
1.510979905e-03 0.000000000e+00
1.511000000e-03 0.000000000e+00
1.511000001e-03 3.300000000e+00
1.511977904e-03 3.300000000e+00
1.511977905e-03 0.000000000e+00
1.512000000e-03 0.000000000e+00
1.512000001e-03 3.300000000e+00
1.512975905e-03 3.300000000e+00
1.512975906e-03 0.000000000e+00
1.513000000e-03 0.000000000e+00
1.513000001e-03 3.300000000e+00
1.513973905e-03 3.300000000e+00
1.513973906e-03 0.000000000e+00
1.514000000e-03 0.000000000e+00
1.514000001e-03 3.300000000e+00
1.514971906e-03 3.300000000e+00
1.514971907e-03 0.000000000e+00
1.515000000e-03 0.000000000e+00
1.515000001e-03 3.300000000e+00
1.515969906e-03 3.300000000e+00
1.515969907e-03 0.000000000e+00
1.516000000e-03 0.000000000e+00
1.516000001e-03 3.300000000e+00
1.516967906e-03 3.300000000e+00
1.516967907e-03 0.000000000e+00
1.517000000e-03 0.000000000e+00
1.517000001e-03 3.300000000e+00
1.517965907e-03 3.300000000e+00
1.517965908e-03 0.000000000e+00
1.518000000e-03 0.000000000e+00
1.518000001e-03 3.300000000e+00
1.518963907e-03 3.300000000e+00
1.518963908e-03 0.000000000e+00
1.519000000e-03 0.000000000e+00
1.519000001e-03 3.300000000e+00
1.519961908e-03 3.300000000e+00
1.519961909e-03 0.000000000e+00
1.520000000e-03 0.000000000e+00
1.520000001e-03 3.300000000e+00
1.520959908e-03 3.300000000e+00
1.520959909e-03 0.000000000e+00
1.521000000e-03 0.000000000e+00
1.521000001e-03 3.300000000e+00
1.521957908e-03 3.300000000e+00
1.521957909e-03 0.000000000e+00
1.522000000e-03 0.000000000e+00
1.522000001e-03 3.300000000e+00
1.522955909e-03 3.300000000e+00
1.522955910e-03 0.000000000e+00
1.523000000e-03 0.000000000e+00
1.523000001e-03 3.300000000e+00
1.523953909e-03 3.300000000e+00
1.523953910e-03 0.000000000e+00
1.524000000e-03 0.000000000e+00
1.524000001e-03 3.300000000e+00
1.524951910e-03 3.300000000e+00
1.524951911e-03 0.000000000e+00
1.525000000e-03 0.000000000e+00
1.525000001e-03 3.300000000e+00
1.525949910e-03 3.300000000e+00
1.525949911e-03 0.000000000e+00
1.526000000e-03 0.000000000e+00
1.526000001e-03 3.300000000e+00
1.526947910e-03 3.300000000e+00
1.526947911e-03 0.000000000e+00
1.527000000e-03 0.000000000e+00
1.527000001e-03 3.300000000e+00
1.527945911e-03 3.300000000e+00
1.527945912e-03 0.000000000e+00
1.528000000e-03 0.000000000e+00
1.528000001e-03 3.300000000e+00
1.528943911e-03 3.300000000e+00
1.528943912e-03 0.000000000e+00
1.529000000e-03 0.000000000e+00
1.529000001e-03 3.300000000e+00
1.529941912e-03 3.300000000e+00
1.529941913e-03 0.000000000e+00
1.530000000e-03 0.000000000e+00
1.530000001e-03 3.300000000e+00
1.530939912e-03 3.300000000e+00
1.530939913e-03 0.000000000e+00
1.531000000e-03 0.000000000e+00
1.531000001e-03 3.300000000e+00
1.531937912e-03 3.300000000e+00
1.531937913e-03 0.000000000e+00
1.532000000e-03 0.000000000e+00
1.532000001e-03 3.300000000e+00
1.532935913e-03 3.300000000e+00
1.532935914e-03 0.000000000e+00
1.533000000e-03 0.000000000e+00
1.533000001e-03 3.300000000e+00
1.533933913e-03 3.300000000e+00
1.533933914e-03 0.000000000e+00
1.534000000e-03 0.000000000e+00
1.534000001e-03 3.300000000e+00
1.534931914e-03 3.300000000e+00
1.534931915e-03 0.000000000e+00
1.535000000e-03 0.000000000e+00
1.535000001e-03 3.300000000e+00
1.535929914e-03 3.300000000e+00
1.535929915e-03 0.000000000e+00
1.536000000e-03 0.000000000e+00
1.536000001e-03 3.300000000e+00
1.536927914e-03 3.300000000e+00
1.536927915e-03 0.000000000e+00
1.537000000e-03 0.000000000e+00
1.537000001e-03 3.300000000e+00
1.537925915e-03 3.300000000e+00
1.537925916e-03 0.000000000e+00
1.538000000e-03 0.000000000e+00
1.538000001e-03 3.300000000e+00
1.538923915e-03 3.300000000e+00
1.538923916e-03 0.000000000e+00
1.539000000e-03 0.000000000e+00
1.539000001e-03 3.300000000e+00
1.539921916e-03 3.300000000e+00
1.539921917e-03 0.000000000e+00
1.540000000e-03 0.000000000e+00
1.540000001e-03 3.300000000e+00
1.540919916e-03 3.300000000e+00
1.540919917e-03 0.000000000e+00
1.541000000e-03 0.000000000e+00
1.541000001e-03 3.300000000e+00
1.541917916e-03 3.300000000e+00
1.541917917e-03 0.000000000e+00
1.542000000e-03 0.000000000e+00
1.542000001e-03 3.300000000e+00
1.542915917e-03 3.300000000e+00
1.542915918e-03 0.000000000e+00
1.543000000e-03 0.000000000e+00
1.543000001e-03 3.300000000e+00
1.543913917e-03 3.300000000e+00
1.543913918e-03 0.000000000e+00
1.544000000e-03 0.000000000e+00
1.544000001e-03 3.300000000e+00
1.544911918e-03 3.300000000e+00
1.544911919e-03 0.000000000e+00
1.545000000e-03 0.000000000e+00
1.545000001e-03 3.300000000e+00
1.545909918e-03 3.300000000e+00
1.545909919e-03 0.000000000e+00
1.546000000e-03 0.000000000e+00
1.546000001e-03 3.300000000e+00
1.546907918e-03 3.300000000e+00
1.546907919e-03 0.000000000e+00
1.547000000e-03 0.000000000e+00
1.547000001e-03 3.300000000e+00
1.547905919e-03 3.300000000e+00
1.547905920e-03 0.000000000e+00
1.548000000e-03 0.000000000e+00
1.548000001e-03 3.300000000e+00
1.548903919e-03 3.300000000e+00
1.548903920e-03 0.000000000e+00
1.549000000e-03 0.000000000e+00
1.549000001e-03 3.300000000e+00
1.549901920e-03 3.300000000e+00
1.549901921e-03 0.000000000e+00
1.550000000e-03 0.000000000e+00
1.550000001e-03 3.300000000e+00
1.550899920e-03 3.300000000e+00
1.550899921e-03 0.000000000e+00
1.551000000e-03 0.000000000e+00
1.551000001e-03 3.300000000e+00
1.551897920e-03 3.300000000e+00
1.551897921e-03 0.000000000e+00
1.552000000e-03 0.000000000e+00
1.552000001e-03 3.300000000e+00
1.552895921e-03 3.300000000e+00
1.552895922e-03 0.000000000e+00
1.553000000e-03 0.000000000e+00
1.553000001e-03 3.300000000e+00
1.553893921e-03 3.300000000e+00
1.553893922e-03 0.000000000e+00
1.554000000e-03 0.000000000e+00
1.554000001e-03 3.300000000e+00
1.554891922e-03 3.300000000e+00
1.554891923e-03 0.000000000e+00
1.555000000e-03 0.000000000e+00
1.555000001e-03 3.300000000e+00
1.555889922e-03 3.300000000e+00
1.555889923e-03 0.000000000e+00
1.556000000e-03 0.000000000e+00
1.556000001e-03 3.300000000e+00
1.556887922e-03 3.300000000e+00
1.556887923e-03 0.000000000e+00
1.557000000e-03 0.000000000e+00
1.557000001e-03 3.300000000e+00
1.557885923e-03 3.300000000e+00
1.557885924e-03 0.000000000e+00
1.558000000e-03 0.000000000e+00
1.558000001e-03 3.300000000e+00
1.558883923e-03 3.300000000e+00
1.558883924e-03 0.000000000e+00
1.559000000e-03 0.000000000e+00
1.559000001e-03 3.300000000e+00
1.559881924e-03 3.300000000e+00
1.559881925e-03 0.000000000e+00
1.560000000e-03 0.000000000e+00
1.560000001e-03 3.300000000e+00
1.560879924e-03 3.300000000e+00
1.560879925e-03 0.000000000e+00
1.561000000e-03 0.000000000e+00
1.561000001e-03 3.300000000e+00
1.561877924e-03 3.300000000e+00
1.561877925e-03 0.000000000e+00
1.562000000e-03 0.000000000e+00
1.562000001e-03 3.300000000e+00
1.562875925e-03 3.300000000e+00
1.562875926e-03 0.000000000e+00
1.563000000e-03 0.000000000e+00
1.563000001e-03 3.300000000e+00
1.563873925e-03 3.300000000e+00
1.563873926e-03 0.000000000e+00
1.564000000e-03 0.000000000e+00
1.564000001e-03 3.300000000e+00
1.564871926e-03 3.300000000e+00
1.564871927e-03 0.000000000e+00
1.565000000e-03 0.000000000e+00
1.565000001e-03 3.300000000e+00
1.565869926e-03 3.300000000e+00
1.565869927e-03 0.000000000e+00
1.566000000e-03 0.000000000e+00
1.566000001e-03 3.300000000e+00
1.566867926e-03 3.300000000e+00
1.566867927e-03 0.000000000e+00
1.567000000e-03 0.000000000e+00
1.567000001e-03 3.300000000e+00
1.567865927e-03 3.300000000e+00
1.567865928e-03 0.000000000e+00
1.568000000e-03 0.000000000e+00
1.568000001e-03 3.300000000e+00
1.568863927e-03 3.300000000e+00
1.568863928e-03 0.000000000e+00
1.569000000e-03 0.000000000e+00
1.569000001e-03 3.300000000e+00
1.569861928e-03 3.300000000e+00
1.569861929e-03 0.000000000e+00
1.570000000e-03 0.000000000e+00
1.570000001e-03 3.300000000e+00
1.570859928e-03 3.300000000e+00
1.570859929e-03 0.000000000e+00
1.571000000e-03 0.000000000e+00
1.571000001e-03 3.300000000e+00
1.571857928e-03 3.300000000e+00
1.571857929e-03 0.000000000e+00
1.572000000e-03 0.000000000e+00
1.572000001e-03 3.300000000e+00
1.572855929e-03 3.300000000e+00
1.572855930e-03 0.000000000e+00
1.573000000e-03 0.000000000e+00
1.573000001e-03 3.300000000e+00
1.573853929e-03 3.300000000e+00
1.573853930e-03 0.000000000e+00
1.574000000e-03 0.000000000e+00
1.574000001e-03 3.300000000e+00
1.574851930e-03 3.300000000e+00
1.574851931e-03 0.000000000e+00
1.575000000e-03 0.000000000e+00
1.575000001e-03 3.300000000e+00
1.575849930e-03 3.300000000e+00
1.575849931e-03 0.000000000e+00
1.576000000e-03 0.000000000e+00
1.576000001e-03 3.300000000e+00
1.576847930e-03 3.300000000e+00
1.576847931e-03 0.000000000e+00
1.577000000e-03 0.000000000e+00
1.577000001e-03 3.300000000e+00
1.577845931e-03 3.300000000e+00
1.577845932e-03 0.000000000e+00
1.578000000e-03 0.000000000e+00
1.578000001e-03 3.300000000e+00
1.578843931e-03 3.300000000e+00
1.578843932e-03 0.000000000e+00
1.579000000e-03 0.000000000e+00
1.579000001e-03 3.300000000e+00
1.579841932e-03 3.300000000e+00
1.579841933e-03 0.000000000e+00
1.580000000e-03 0.000000000e+00
1.580000001e-03 3.300000000e+00
1.580839932e-03 3.300000000e+00
1.580839933e-03 0.000000000e+00
1.581000000e-03 0.000000000e+00
1.581000001e-03 3.300000000e+00
1.581837932e-03 3.300000000e+00
1.581837933e-03 0.000000000e+00
1.582000000e-03 0.000000000e+00
1.582000001e-03 3.300000000e+00
1.582835933e-03 3.300000000e+00
1.582835934e-03 0.000000000e+00
1.583000000e-03 0.000000000e+00
1.583000001e-03 3.300000000e+00
1.583833933e-03 3.300000000e+00
1.583833934e-03 0.000000000e+00
1.584000000e-03 0.000000000e+00
1.584000001e-03 3.300000000e+00
1.584831934e-03 3.300000000e+00
1.584831935e-03 0.000000000e+00
1.585000000e-03 0.000000000e+00
1.585000001e-03 3.300000000e+00
1.585829934e-03 3.300000000e+00
1.585829935e-03 0.000000000e+00
1.586000000e-03 0.000000000e+00
1.586000001e-03 3.300000000e+00
1.586827934e-03 3.300000000e+00
1.586827935e-03 0.000000000e+00
1.587000000e-03 0.000000000e+00
1.587000001e-03 3.300000000e+00
1.587825935e-03 3.300000000e+00
1.587825936e-03 0.000000000e+00
1.588000000e-03 0.000000000e+00
1.588000001e-03 3.300000000e+00
1.588823935e-03 3.300000000e+00
1.588823936e-03 0.000000000e+00
1.589000000e-03 0.000000000e+00
1.589000001e-03 3.300000000e+00
1.589821936e-03 3.300000000e+00
1.589821937e-03 0.000000000e+00
1.590000000e-03 0.000000000e+00
1.590000001e-03 3.300000000e+00
1.590819936e-03 3.300000000e+00
1.590819937e-03 0.000000000e+00
1.591000000e-03 0.000000000e+00
1.591000001e-03 3.300000000e+00
1.591817936e-03 3.300000000e+00
1.591817937e-03 0.000000000e+00
1.592000000e-03 0.000000000e+00
1.592000001e-03 3.300000000e+00
1.592815937e-03 3.300000000e+00
1.592815938e-03 0.000000000e+00
1.593000000e-03 0.000000000e+00
1.593000001e-03 3.300000000e+00
1.593813937e-03 3.300000000e+00
1.593813938e-03 0.000000000e+00
1.594000000e-03 0.000000000e+00
1.594000001e-03 3.300000000e+00
1.594811938e-03 3.300000000e+00
1.594811939e-03 0.000000000e+00
1.595000000e-03 0.000000000e+00
1.595000001e-03 3.300000000e+00
1.595809938e-03 3.300000000e+00
1.595809939e-03 0.000000000e+00
1.596000000e-03 0.000000000e+00
1.596000001e-03 3.300000000e+00
1.596807938e-03 3.300000000e+00
1.596807939e-03 0.000000000e+00
1.597000000e-03 0.000000000e+00
1.597000001e-03 3.300000000e+00
1.597805939e-03 3.300000000e+00
1.597805940e-03 0.000000000e+00
1.598000000e-03 0.000000000e+00
1.598000001e-03 3.300000000e+00
1.598803939e-03 3.300000000e+00
1.598803940e-03 0.000000000e+00
1.599000000e-03 0.000000000e+00
1.599000001e-03 3.300000000e+00
1.599801940e-03 3.300000000e+00
1.599801941e-03 0.000000000e+00
1.600000000e-03 0.000000000e+00
1.600000001e-03 3.300000000e+00
1.600799940e-03 3.300000000e+00
1.600799941e-03 0.000000000e+00
1.601000000e-03 0.000000000e+00
1.601000001e-03 3.300000000e+00
1.601797940e-03 3.300000000e+00
1.601797941e-03 0.000000000e+00
1.602000000e-03 0.000000000e+00
1.602000001e-03 3.300000000e+00
1.602795941e-03 3.300000000e+00
1.602795942e-03 0.000000000e+00
1.603000000e-03 0.000000000e+00
1.603000001e-03 3.300000000e+00
1.603793941e-03 3.300000000e+00
1.603793942e-03 0.000000000e+00
1.604000000e-03 0.000000000e+00
1.604000001e-03 3.300000000e+00
1.604791942e-03 3.300000000e+00
1.604791943e-03 0.000000000e+00
1.605000000e-03 0.000000000e+00
1.605000001e-03 3.300000000e+00
1.605789942e-03 3.300000000e+00
1.605789943e-03 0.000000000e+00
1.606000000e-03 0.000000000e+00
1.606000001e-03 3.300000000e+00
1.606787942e-03 3.300000000e+00
1.606787943e-03 0.000000000e+00
1.607000000e-03 0.000000000e+00
1.607000001e-03 3.300000000e+00
1.607785943e-03 3.300000000e+00
1.607785944e-03 0.000000000e+00
1.608000000e-03 0.000000000e+00
1.608000001e-03 3.300000000e+00
1.608783943e-03 3.300000000e+00
1.608783944e-03 0.000000000e+00
1.609000000e-03 0.000000000e+00
1.609000001e-03 3.300000000e+00
1.609781944e-03 3.300000000e+00
1.609781945e-03 0.000000000e+00
1.610000000e-03 0.000000000e+00
1.610000001e-03 3.300000000e+00
1.610779944e-03 3.300000000e+00
1.610779945e-03 0.000000000e+00
1.611000000e-03 0.000000000e+00
1.611000001e-03 3.300000000e+00
1.611777944e-03 3.300000000e+00
1.611777945e-03 0.000000000e+00
1.612000000e-03 0.000000000e+00
1.612000001e-03 3.300000000e+00
1.612775945e-03 3.300000000e+00
1.612775946e-03 0.000000000e+00
1.613000000e-03 0.000000000e+00
1.613000001e-03 3.300000000e+00
1.613773945e-03 3.300000000e+00
1.613773946e-03 0.000000000e+00
1.614000000e-03 0.000000000e+00
1.614000001e-03 3.300000000e+00
1.614771946e-03 3.300000000e+00
1.614771947e-03 0.000000000e+00
1.615000000e-03 0.000000000e+00
1.615000001e-03 3.300000000e+00
1.615769946e-03 3.300000000e+00
1.615769947e-03 0.000000000e+00
1.616000000e-03 0.000000000e+00
1.616000001e-03 3.300000000e+00
1.616767946e-03 3.300000000e+00
1.616767947e-03 0.000000000e+00
1.617000000e-03 0.000000000e+00
1.617000001e-03 3.300000000e+00
1.617765947e-03 3.300000000e+00
1.617765948e-03 0.000000000e+00
1.618000000e-03 0.000000000e+00
1.618000001e-03 3.300000000e+00
1.618763947e-03 3.300000000e+00
1.618763948e-03 0.000000000e+00
1.619000000e-03 0.000000000e+00
1.619000001e-03 3.300000000e+00
1.619761948e-03 3.300000000e+00
1.619761949e-03 0.000000000e+00
1.620000000e-03 0.000000000e+00
1.620000001e-03 3.300000000e+00
1.620759948e-03 3.300000000e+00
1.620759949e-03 0.000000000e+00
1.621000000e-03 0.000000000e+00
1.621000001e-03 3.300000000e+00
1.621757948e-03 3.300000000e+00
1.621757949e-03 0.000000000e+00
1.622000000e-03 0.000000000e+00
1.622000001e-03 3.300000000e+00
1.622755949e-03 3.300000000e+00
1.622755950e-03 0.000000000e+00
1.623000000e-03 0.000000000e+00
1.623000001e-03 3.300000000e+00
1.623753949e-03 3.300000000e+00
1.623753950e-03 0.000000000e+00
1.624000000e-03 0.000000000e+00
1.624000001e-03 3.300000000e+00
1.624751950e-03 3.300000000e+00
1.624751951e-03 0.000000000e+00
1.625000000e-03 0.000000000e+00
1.625000001e-03 3.300000000e+00
1.625749950e-03 3.300000000e+00
1.625749951e-03 0.000000000e+00
1.626000000e-03 0.000000000e+00
1.626000001e-03 3.300000000e+00
1.626747950e-03 3.300000000e+00
1.626747951e-03 0.000000000e+00
1.627000000e-03 0.000000000e+00
1.627000001e-03 3.300000000e+00
1.627745951e-03 3.300000000e+00
1.627745952e-03 0.000000000e+00
1.628000000e-03 0.000000000e+00
1.628000001e-03 3.300000000e+00
1.628743951e-03 3.300000000e+00
1.628743952e-03 0.000000000e+00
1.629000000e-03 0.000000000e+00
1.629000001e-03 3.300000000e+00
1.629741952e-03 3.300000000e+00
1.629741953e-03 0.000000000e+00
1.630000000e-03 0.000000000e+00
1.630000001e-03 3.300000000e+00
1.630739952e-03 3.300000000e+00
1.630739953e-03 0.000000000e+00
1.631000000e-03 0.000000000e+00
1.631000001e-03 3.300000000e+00
1.631737952e-03 3.300000000e+00
1.631737953e-03 0.000000000e+00
1.632000000e-03 0.000000000e+00
1.632000001e-03 3.300000000e+00
1.632735953e-03 3.300000000e+00
1.632735954e-03 0.000000000e+00
1.633000000e-03 0.000000000e+00
1.633000001e-03 3.300000000e+00
1.633733953e-03 3.300000000e+00
1.633733954e-03 0.000000000e+00
1.634000000e-03 0.000000000e+00
1.634000001e-03 3.300000000e+00
1.634731954e-03 3.300000000e+00
1.634731955e-03 0.000000000e+00
1.635000000e-03 0.000000000e+00
1.635000001e-03 3.300000000e+00
1.635729954e-03 3.300000000e+00
1.635729955e-03 0.000000000e+00
1.636000000e-03 0.000000000e+00
1.636000001e-03 3.300000000e+00
1.636727954e-03 3.300000000e+00
1.636727955e-03 0.000000000e+00
1.637000000e-03 0.000000000e+00
1.637000001e-03 3.300000000e+00
1.637725955e-03 3.300000000e+00
1.637725956e-03 0.000000000e+00
1.638000000e-03 0.000000000e+00
1.638000001e-03 3.300000000e+00
1.638723955e-03 3.300000000e+00
1.638723956e-03 0.000000000e+00
1.639000000e-03 0.000000000e+00
1.639000001e-03 3.300000000e+00
1.639721956e-03 3.300000000e+00
1.639721957e-03 0.000000000e+00
1.640000000e-03 0.000000000e+00
1.640000001e-03 3.300000000e+00
1.640719956e-03 3.300000000e+00
1.640719957e-03 0.000000000e+00
1.641000000e-03 0.000000000e+00
1.641000001e-03 3.300000000e+00
1.641717956e-03 3.300000000e+00
1.641717957e-03 0.000000000e+00
1.642000000e-03 0.000000000e+00
1.642000001e-03 3.300000000e+00
1.642715957e-03 3.300000000e+00
1.642715958e-03 0.000000000e+00
1.643000000e-03 0.000000000e+00
1.643000001e-03 3.300000000e+00
1.643713957e-03 3.300000000e+00
1.643713958e-03 0.000000000e+00
1.644000000e-03 0.000000000e+00
1.644000001e-03 3.300000000e+00
1.644711958e-03 3.300000000e+00
1.644711959e-03 0.000000000e+00
1.645000000e-03 0.000000000e+00
1.645000001e-03 3.300000000e+00
1.645709958e-03 3.300000000e+00
1.645709959e-03 0.000000000e+00
1.646000000e-03 0.000000000e+00
1.646000001e-03 3.300000000e+00
1.646707958e-03 3.300000000e+00
1.646707959e-03 0.000000000e+00
1.647000000e-03 0.000000000e+00
1.647000001e-03 3.300000000e+00
1.647705959e-03 3.300000000e+00
1.647705960e-03 0.000000000e+00
1.648000000e-03 0.000000000e+00
1.648000001e-03 3.300000000e+00
1.648703959e-03 3.300000000e+00
1.648703960e-03 0.000000000e+00
1.649000000e-03 0.000000000e+00
1.649000001e-03 3.300000000e+00
1.649701960e-03 3.300000000e+00
1.649701961e-03 0.000000000e+00
1.650000000e-03 0.000000000e+00
1.650000001e-03 3.300000000e+00
1.650699960e-03 3.300000000e+00
1.650699961e-03 0.000000000e+00
1.651000000e-03 0.000000000e+00
1.651000001e-03 3.300000000e+00
1.651697960e-03 3.300000000e+00
1.651697961e-03 0.000000000e+00
1.652000000e-03 0.000000000e+00
1.652000001e-03 3.300000000e+00
1.652695961e-03 3.300000000e+00
1.652695962e-03 0.000000000e+00
1.653000000e-03 0.000000000e+00
1.653000001e-03 3.300000000e+00
1.653693961e-03 3.300000000e+00
1.653693962e-03 0.000000000e+00
1.654000000e-03 0.000000000e+00
1.654000001e-03 3.300000000e+00
1.654691962e-03 3.300000000e+00
1.654691963e-03 0.000000000e+00
1.655000000e-03 0.000000000e+00
1.655000001e-03 3.300000000e+00
1.655689962e-03 3.300000000e+00
1.655689963e-03 0.000000000e+00
1.656000000e-03 0.000000000e+00
1.656000001e-03 3.300000000e+00
1.656687962e-03 3.300000000e+00
1.656687963e-03 0.000000000e+00
1.657000000e-03 0.000000000e+00
1.657000001e-03 3.300000000e+00
1.657685963e-03 3.300000000e+00
1.657685964e-03 0.000000000e+00
1.658000000e-03 0.000000000e+00
1.658000001e-03 3.300000000e+00
1.658683963e-03 3.300000000e+00
1.658683964e-03 0.000000000e+00
1.659000000e-03 0.000000000e+00
1.659000001e-03 3.300000000e+00
1.659681964e-03 3.300000000e+00
1.659681965e-03 0.000000000e+00
1.660000000e-03 0.000000000e+00
1.660000001e-03 3.300000000e+00
1.660679964e-03 3.300000000e+00
1.660679965e-03 0.000000000e+00
1.661000000e-03 0.000000000e+00
1.661000001e-03 3.300000000e+00
1.661677964e-03 3.300000000e+00
1.661677965e-03 0.000000000e+00
1.662000000e-03 0.000000000e+00
1.662000001e-03 3.300000000e+00
1.662675965e-03 3.300000000e+00
1.662675966e-03 0.000000000e+00
1.663000000e-03 0.000000000e+00
1.663000001e-03 3.300000000e+00
1.663673965e-03 3.300000000e+00
1.663673966e-03 0.000000000e+00
1.664000000e-03 0.000000000e+00
1.664000001e-03 3.300000000e+00
1.664671966e-03 3.300000000e+00
1.664671967e-03 0.000000000e+00
1.665000000e-03 0.000000000e+00
1.665000001e-03 3.300000000e+00
1.665669966e-03 3.300000000e+00
1.665669967e-03 0.000000000e+00
1.666000000e-03 0.000000000e+00
1.666000001e-03 3.300000000e+00
1.666667966e-03 3.300000000e+00
1.666667967e-03 0.000000000e+00
1.667000000e-03 0.000000000e+00
1.667000001e-03 3.300000000e+00
1.667665967e-03 3.300000000e+00
1.667665968e-03 0.000000000e+00
1.668000000e-03 0.000000000e+00
1.668000001e-03 3.300000000e+00
1.668663967e-03 3.300000000e+00
1.668663968e-03 0.000000000e+00
1.669000000e-03 0.000000000e+00
1.669000001e-03 3.300000000e+00
1.669661968e-03 3.300000000e+00
1.669661969e-03 0.000000000e+00
1.670000000e-03 0.000000000e+00
1.670000001e-03 3.300000000e+00
1.670659968e-03 3.300000000e+00
1.670659969e-03 0.000000000e+00
1.671000000e-03 0.000000000e+00
1.671000001e-03 3.300000000e+00
1.671657968e-03 3.300000000e+00
1.671657969e-03 0.000000000e+00
1.672000000e-03 0.000000000e+00
1.672000001e-03 3.300000000e+00
1.672655969e-03 3.300000000e+00
1.672655970e-03 0.000000000e+00
1.673000000e-03 0.000000000e+00
1.673000001e-03 3.300000000e+00
1.673653969e-03 3.300000000e+00
1.673653970e-03 0.000000000e+00
1.674000000e-03 0.000000000e+00
1.674000001e-03 3.300000000e+00
1.674651970e-03 3.300000000e+00
1.674651971e-03 0.000000000e+00
1.675000000e-03 0.000000000e+00
1.675000001e-03 3.300000000e+00
1.675649970e-03 3.300000000e+00
1.675649971e-03 0.000000000e+00
1.676000000e-03 0.000000000e+00
1.676000001e-03 3.300000000e+00
1.676647970e-03 3.300000000e+00
1.676647971e-03 0.000000000e+00
1.677000000e-03 0.000000000e+00
1.677000001e-03 3.300000000e+00
1.677645971e-03 3.300000000e+00
1.677645972e-03 0.000000000e+00
1.678000000e-03 0.000000000e+00
1.678000001e-03 3.300000000e+00
1.678643971e-03 3.300000000e+00
1.678643972e-03 0.000000000e+00
1.679000000e-03 0.000000000e+00
1.679000001e-03 3.300000000e+00
1.679641972e-03 3.300000000e+00
1.679641973e-03 0.000000000e+00
1.680000000e-03 0.000000000e+00
1.680000001e-03 3.300000000e+00
1.680639972e-03 3.300000000e+00
1.680639973e-03 0.000000000e+00
1.681000000e-03 0.000000000e+00
1.681000001e-03 3.300000000e+00
1.681637972e-03 3.300000000e+00
1.681637973e-03 0.000000000e+00
1.682000000e-03 0.000000000e+00
1.682000001e-03 3.300000000e+00
1.682635973e-03 3.300000000e+00
1.682635974e-03 0.000000000e+00
1.683000000e-03 0.000000000e+00
1.683000001e-03 3.300000000e+00
1.683633973e-03 3.300000000e+00
1.683633974e-03 0.000000000e+00
1.684000000e-03 0.000000000e+00
1.684000001e-03 3.300000000e+00
1.684631974e-03 3.300000000e+00
1.684631975e-03 0.000000000e+00
1.685000000e-03 0.000000000e+00
1.685000001e-03 3.300000000e+00
1.685629974e-03 3.300000000e+00
1.685629975e-03 0.000000000e+00
1.686000000e-03 0.000000000e+00
1.686000001e-03 3.300000000e+00
1.686627974e-03 3.300000000e+00
1.686627975e-03 0.000000000e+00
1.687000000e-03 0.000000000e+00
1.687000001e-03 3.300000000e+00
1.687625975e-03 3.300000000e+00
1.687625976e-03 0.000000000e+00
1.688000000e-03 0.000000000e+00
1.688000001e-03 3.300000000e+00
1.688623975e-03 3.300000000e+00
1.688623976e-03 0.000000000e+00
1.689000000e-03 0.000000000e+00
1.689000001e-03 3.300000000e+00
1.689621976e-03 3.300000000e+00
1.689621977e-03 0.000000000e+00
1.690000000e-03 0.000000000e+00
1.690000001e-03 3.300000000e+00
1.690619976e-03 3.300000000e+00
1.690619977e-03 0.000000000e+00
1.691000000e-03 0.000000000e+00
1.691000001e-03 3.300000000e+00
1.691617976e-03 3.300000000e+00
1.691617977e-03 0.000000000e+00
1.692000000e-03 0.000000000e+00
1.692000001e-03 3.300000000e+00
1.692615977e-03 3.300000000e+00
1.692615978e-03 0.000000000e+00
1.693000000e-03 0.000000000e+00
1.693000001e-03 3.300000000e+00
1.693613977e-03 3.300000000e+00
1.693613978e-03 0.000000000e+00
1.694000000e-03 0.000000000e+00
1.694000001e-03 3.300000000e+00
1.694611978e-03 3.300000000e+00
1.694611979e-03 0.000000000e+00
1.695000000e-03 0.000000000e+00
1.695000001e-03 3.300000000e+00
1.695609978e-03 3.300000000e+00
1.695609979e-03 0.000000000e+00
1.696000000e-03 0.000000000e+00
1.696000001e-03 3.300000000e+00
1.696607978e-03 3.300000000e+00
1.696607979e-03 0.000000000e+00
1.697000000e-03 0.000000000e+00
1.697000001e-03 3.300000000e+00
1.697605979e-03 3.300000000e+00
1.697605980e-03 0.000000000e+00
1.698000000e-03 0.000000000e+00
1.698000001e-03 3.300000000e+00
1.698603979e-03 3.300000000e+00
1.698603980e-03 0.000000000e+00
1.699000000e-03 0.000000000e+00
1.699000001e-03 3.300000000e+00
1.699601980e-03 3.300000000e+00
1.699601981e-03 0.000000000e+00
1.700000000e-03 0.000000000e+00
1.700000001e-03 3.300000000e+00
1.700599980e-03 3.300000000e+00
1.700599981e-03 0.000000000e+00
1.701000000e-03 0.000000000e+00
1.701000001e-03 3.300000000e+00
1.701597980e-03 3.300000000e+00
1.701597981e-03 0.000000000e+00
1.702000000e-03 0.000000000e+00
1.702000001e-03 3.300000000e+00
1.702595981e-03 3.300000000e+00
1.702595982e-03 0.000000000e+00
1.703000000e-03 0.000000000e+00
1.703000001e-03 3.300000000e+00
1.703593981e-03 3.300000000e+00
1.703593982e-03 0.000000000e+00
1.704000000e-03 0.000000000e+00
1.704000001e-03 3.300000000e+00
1.704591982e-03 3.300000000e+00
1.704591983e-03 0.000000000e+00
1.705000000e-03 0.000000000e+00
1.705000001e-03 3.300000000e+00
1.705589982e-03 3.300000000e+00
1.705589983e-03 0.000000000e+00
1.706000000e-03 0.000000000e+00
1.706000001e-03 3.300000000e+00
1.706587982e-03 3.300000000e+00
1.706587983e-03 0.000000000e+00
1.707000000e-03 0.000000000e+00
1.707000001e-03 3.300000000e+00
1.707585983e-03 3.300000000e+00
1.707585984e-03 0.000000000e+00
1.708000000e-03 0.000000000e+00
1.708000001e-03 3.300000000e+00
1.708583983e-03 3.300000000e+00
1.708583984e-03 0.000000000e+00
1.709000000e-03 0.000000000e+00
1.709000001e-03 3.300000000e+00
1.709581984e-03 3.300000000e+00
1.709581985e-03 0.000000000e+00
1.710000000e-03 0.000000000e+00
1.710000001e-03 3.300000000e+00
1.710579984e-03 3.300000000e+00
1.710579985e-03 0.000000000e+00
1.711000000e-03 0.000000000e+00
1.711000001e-03 3.300000000e+00
1.711577984e-03 3.300000000e+00
1.711577985e-03 0.000000000e+00
1.712000000e-03 0.000000000e+00
1.712000001e-03 3.300000000e+00
1.712575985e-03 3.300000000e+00
1.712575986e-03 0.000000000e+00
1.713000000e-03 0.000000000e+00
1.713000001e-03 3.300000000e+00
1.713573985e-03 3.300000000e+00
1.713573986e-03 0.000000000e+00
1.714000000e-03 0.000000000e+00
1.714000001e-03 3.300000000e+00
1.714571986e-03 3.300000000e+00
1.714571987e-03 0.000000000e+00
1.715000000e-03 0.000000000e+00
1.715000001e-03 3.300000000e+00
1.715569986e-03 3.300000000e+00
1.715569987e-03 0.000000000e+00
1.716000000e-03 0.000000000e+00
1.716000001e-03 3.300000000e+00
1.716567986e-03 3.300000000e+00
1.716567987e-03 0.000000000e+00
1.717000000e-03 0.000000000e+00
1.717000001e-03 3.300000000e+00
1.717565987e-03 3.300000000e+00
1.717565988e-03 0.000000000e+00
1.718000000e-03 0.000000000e+00
1.718000001e-03 3.300000000e+00
1.718563987e-03 3.300000000e+00
1.718563988e-03 0.000000000e+00
1.719000000e-03 0.000000000e+00
1.719000001e-03 3.300000000e+00
1.719561988e-03 3.300000000e+00
1.719561989e-03 0.000000000e+00
1.720000000e-03 0.000000000e+00
1.720000001e-03 3.300000000e+00
1.720559988e-03 3.300000000e+00
1.720559989e-03 0.000000000e+00
1.721000000e-03 0.000000000e+00
1.721000001e-03 3.300000000e+00
1.721557988e-03 3.300000000e+00
1.721557989e-03 0.000000000e+00
1.722000000e-03 0.000000000e+00
1.722000001e-03 3.300000000e+00
1.722555989e-03 3.300000000e+00
1.722555990e-03 0.000000000e+00
1.723000000e-03 0.000000000e+00
1.723000001e-03 3.300000000e+00
1.723553989e-03 3.300000000e+00
1.723553990e-03 0.000000000e+00
1.724000000e-03 0.000000000e+00
1.724000001e-03 3.300000000e+00
1.724551990e-03 3.300000000e+00
1.724551991e-03 0.000000000e+00
1.725000000e-03 0.000000000e+00
1.725000001e-03 3.300000000e+00
1.725549990e-03 3.300000000e+00
1.725549991e-03 0.000000000e+00
1.726000000e-03 0.000000000e+00
1.726000001e-03 3.300000000e+00
1.726547990e-03 3.300000000e+00
1.726547991e-03 0.000000000e+00
1.727000000e-03 0.000000000e+00
1.727000001e-03 3.300000000e+00
1.727545991e-03 3.300000000e+00
1.727545992e-03 0.000000000e+00
1.728000000e-03 0.000000000e+00
1.728000001e-03 3.300000000e+00
1.728543991e-03 3.300000000e+00
1.728543992e-03 0.000000000e+00
1.729000000e-03 0.000000000e+00
1.729000001e-03 3.300000000e+00
1.729541992e-03 3.300000000e+00
1.729541993e-03 0.000000000e+00
1.730000000e-03 0.000000000e+00
1.730000001e-03 3.300000000e+00
1.730539992e-03 3.300000000e+00
1.730539993e-03 0.000000000e+00
1.731000000e-03 0.000000000e+00
1.731000001e-03 3.300000000e+00
1.731537992e-03 3.300000000e+00
1.731537993e-03 0.000000000e+00
1.732000000e-03 0.000000000e+00
1.732000001e-03 3.300000000e+00
1.732535993e-03 3.300000000e+00
1.732535994e-03 0.000000000e+00
1.733000000e-03 0.000000000e+00
1.733000001e-03 3.300000000e+00
1.733533993e-03 3.300000000e+00
1.733533994e-03 0.000000000e+00
1.734000000e-03 0.000000000e+00
1.734000001e-03 3.300000000e+00
1.734531994e-03 3.300000000e+00
1.734531995e-03 0.000000000e+00
1.735000000e-03 0.000000000e+00
1.735000001e-03 3.300000000e+00
1.735529994e-03 3.300000000e+00
1.735529995e-03 0.000000000e+00
1.736000000e-03 0.000000000e+00
1.736000001e-03 3.300000000e+00
1.736527994e-03 3.300000000e+00
1.736527995e-03 0.000000000e+00
1.737000000e-03 0.000000000e+00
1.737000001e-03 3.300000000e+00
1.737525995e-03 3.300000000e+00
1.737525996e-03 0.000000000e+00
1.738000000e-03 0.000000000e+00
1.738000001e-03 3.300000000e+00
1.738523995e-03 3.300000000e+00
1.738523996e-03 0.000000000e+00
1.739000000e-03 0.000000000e+00
1.739000001e-03 3.300000000e+00
1.739521996e-03 3.300000000e+00
1.739521997e-03 0.000000000e+00
1.740000000e-03 0.000000000e+00
1.740000001e-03 3.300000000e+00
1.740519996e-03 3.300000000e+00
1.740519997e-03 0.000000000e+00
1.741000000e-03 0.000000000e+00
1.741000001e-03 3.300000000e+00
1.741517996e-03 3.300000000e+00
1.741517997e-03 0.000000000e+00
1.742000000e-03 0.000000000e+00
1.742000001e-03 3.300000000e+00
1.742515997e-03 3.300000000e+00
1.742515998e-03 0.000000000e+00
1.743000000e-03 0.000000000e+00
1.743000001e-03 3.300000000e+00
1.743513997e-03 3.300000000e+00
1.743513998e-03 0.000000000e+00
1.744000000e-03 0.000000000e+00
1.744000001e-03 3.300000000e+00
1.744511998e-03 3.300000000e+00
1.744511999e-03 0.000000000e+00
1.745000000e-03 0.000000000e+00
1.745000001e-03 3.300000000e+00
1.745509998e-03 3.300000000e+00
1.745509999e-03 0.000000000e+00
1.746000000e-03 0.000000000e+00
1.746000001e-03 3.300000000e+00
1.746507998e-03 3.300000000e+00
1.746507999e-03 0.000000000e+00
1.747000000e-03 0.000000000e+00
1.747000001e-03 3.300000000e+00
1.747505999e-03 3.300000000e+00
1.747506000e-03 0.000000000e+00
1.748000000e-03 0.000000000e+00
1.748000001e-03 3.300000000e+00
1.748503999e-03 3.300000000e+00
1.748504000e-03 0.000000000e+00
1.749000000e-03 0.000000000e+00
1.749000001e-03 3.300000000e+00
1.749502000e-03 3.300000000e+00
1.749502001e-03 0.000000000e+00
1.750000000e-03 0.000000000e+00
1.750000001e-03 3.300000000e+00
1.750500000e-03 3.300000000e+00
1.750500001e-03 0.000000000e+00
1.751000000e-03 0.000000000e+00
1.751000001e-03 3.300000000e+00
1.751498000e-03 3.300000000e+00
1.751498001e-03 0.000000000e+00
1.752000000e-03 0.000000000e+00
1.752000001e-03 3.300000000e+00
1.752496001e-03 3.300000000e+00
1.752496002e-03 0.000000000e+00
1.753000000e-03 0.000000000e+00
1.753000001e-03 3.300000000e+00
1.753494001e-03 3.300000000e+00
1.753494002e-03 0.000000000e+00
1.754000000e-03 0.000000000e+00
1.754000001e-03 3.300000000e+00
1.754492002e-03 3.300000000e+00
1.754492003e-03 0.000000000e+00
1.755000000e-03 0.000000000e+00
1.755000001e-03 3.300000000e+00
1.755490002e-03 3.300000000e+00
1.755490003e-03 0.000000000e+00
1.756000000e-03 0.000000000e+00
1.756000001e-03 3.300000000e+00
1.756488002e-03 3.300000000e+00
1.756488003e-03 0.000000000e+00
1.757000000e-03 0.000000000e+00
1.757000001e-03 3.300000000e+00
1.757486003e-03 3.300000000e+00
1.757486004e-03 0.000000000e+00
1.758000000e-03 0.000000000e+00
1.758000001e-03 3.300000000e+00
1.758484003e-03 3.300000000e+00
1.758484004e-03 0.000000000e+00
1.759000000e-03 0.000000000e+00
1.759000001e-03 3.300000000e+00
1.759482004e-03 3.300000000e+00
1.759482005e-03 0.000000000e+00
1.760000000e-03 0.000000000e+00
1.760000001e-03 3.300000000e+00
1.760480004e-03 3.300000000e+00
1.760480005e-03 0.000000000e+00
1.761000000e-03 0.000000000e+00
1.761000001e-03 3.300000000e+00
1.761478004e-03 3.300000000e+00
1.761478005e-03 0.000000000e+00
1.762000000e-03 0.000000000e+00
1.762000001e-03 3.300000000e+00
1.762476005e-03 3.300000000e+00
1.762476006e-03 0.000000000e+00
1.763000000e-03 0.000000000e+00
1.763000001e-03 3.300000000e+00
1.763474005e-03 3.300000000e+00
1.763474006e-03 0.000000000e+00
1.764000000e-03 0.000000000e+00
1.764000001e-03 3.300000000e+00
1.764472006e-03 3.300000000e+00
1.764472007e-03 0.000000000e+00
1.765000000e-03 0.000000000e+00
1.765000001e-03 3.300000000e+00
1.765470006e-03 3.300000000e+00
1.765470007e-03 0.000000000e+00
1.766000000e-03 0.000000000e+00
1.766000001e-03 3.300000000e+00
1.766468006e-03 3.300000000e+00
1.766468007e-03 0.000000000e+00
1.767000000e-03 0.000000000e+00
1.767000001e-03 3.300000000e+00
1.767466007e-03 3.300000000e+00
1.767466008e-03 0.000000000e+00
1.768000000e-03 0.000000000e+00
1.768000001e-03 3.300000000e+00
1.768464007e-03 3.300000000e+00
1.768464008e-03 0.000000000e+00
1.769000000e-03 0.000000000e+00
1.769000001e-03 3.300000000e+00
1.769462008e-03 3.300000000e+00
1.769462009e-03 0.000000000e+00
1.770000000e-03 0.000000000e+00
1.770000001e-03 3.300000000e+00
1.770460008e-03 3.300000000e+00
1.770460009e-03 0.000000000e+00
1.771000000e-03 0.000000000e+00
1.771000001e-03 3.300000000e+00
1.771458008e-03 3.300000000e+00
1.771458009e-03 0.000000000e+00
1.772000000e-03 0.000000000e+00
1.772000001e-03 3.300000000e+00
1.772456009e-03 3.300000000e+00
1.772456010e-03 0.000000000e+00
1.773000000e-03 0.000000000e+00
1.773000001e-03 3.300000000e+00
1.773454009e-03 3.300000000e+00
1.773454010e-03 0.000000000e+00
1.774000000e-03 0.000000000e+00
1.774000001e-03 3.300000000e+00
1.774452010e-03 3.300000000e+00
1.774452011e-03 0.000000000e+00
1.775000000e-03 0.000000000e+00
1.775000001e-03 3.300000000e+00
1.775450010e-03 3.300000000e+00
1.775450011e-03 0.000000000e+00
1.776000000e-03 0.000000000e+00
1.776000001e-03 3.300000000e+00
1.776448010e-03 3.300000000e+00
1.776448011e-03 0.000000000e+00
1.777000000e-03 0.000000000e+00
1.777000001e-03 3.300000000e+00
1.777446011e-03 3.300000000e+00
1.777446012e-03 0.000000000e+00
1.778000000e-03 0.000000000e+00
1.778000001e-03 3.300000000e+00
1.778444011e-03 3.300000000e+00
1.778444012e-03 0.000000000e+00
1.779000000e-03 0.000000000e+00
1.779000001e-03 3.300000000e+00
1.779442012e-03 3.300000000e+00
1.779442013e-03 0.000000000e+00
1.780000000e-03 0.000000000e+00
1.780000001e-03 3.300000000e+00
1.780440012e-03 3.300000000e+00
1.780440013e-03 0.000000000e+00
1.781000000e-03 0.000000000e+00
1.781000001e-03 3.300000000e+00
1.781438012e-03 3.300000000e+00
1.781438013e-03 0.000000000e+00
1.782000000e-03 0.000000000e+00
1.782000001e-03 3.300000000e+00
1.782436013e-03 3.300000000e+00
1.782436014e-03 0.000000000e+00
1.783000000e-03 0.000000000e+00
1.783000001e-03 3.300000000e+00
1.783434013e-03 3.300000000e+00
1.783434014e-03 0.000000000e+00
1.784000000e-03 0.000000000e+00
1.784000001e-03 3.300000000e+00
1.784432014e-03 3.300000000e+00
1.784432015e-03 0.000000000e+00
1.785000000e-03 0.000000000e+00
1.785000001e-03 3.300000000e+00
1.785430014e-03 3.300000000e+00
1.785430015e-03 0.000000000e+00
1.786000000e-03 0.000000000e+00
1.786000001e-03 3.300000000e+00
1.786428014e-03 3.300000000e+00
1.786428015e-03 0.000000000e+00
1.787000000e-03 0.000000000e+00
1.787000001e-03 3.300000000e+00
1.787426015e-03 3.300000000e+00
1.787426016e-03 0.000000000e+00
1.788000000e-03 0.000000000e+00
1.788000001e-03 3.300000000e+00
1.788424015e-03 3.300000000e+00
1.788424016e-03 0.000000000e+00
1.789000000e-03 0.000000000e+00
1.789000001e-03 3.300000000e+00
1.789422016e-03 3.300000000e+00
1.789422017e-03 0.000000000e+00
1.790000000e-03 0.000000000e+00
1.790000001e-03 3.300000000e+00
1.790420016e-03 3.300000000e+00
1.790420017e-03 0.000000000e+00
1.791000000e-03 0.000000000e+00
1.791000001e-03 3.300000000e+00
1.791418016e-03 3.300000000e+00
1.791418017e-03 0.000000000e+00
1.792000000e-03 0.000000000e+00
1.792000001e-03 3.300000000e+00
1.792416017e-03 3.300000000e+00
1.792416018e-03 0.000000000e+00
1.793000000e-03 0.000000000e+00
1.793000001e-03 3.300000000e+00
1.793414017e-03 3.300000000e+00
1.793414018e-03 0.000000000e+00
1.794000000e-03 0.000000000e+00
1.794000001e-03 3.300000000e+00
1.794412018e-03 3.300000000e+00
1.794412019e-03 0.000000000e+00
1.795000000e-03 0.000000000e+00
1.795000001e-03 3.300000000e+00
1.795410018e-03 3.300000000e+00
1.795410019e-03 0.000000000e+00
1.796000000e-03 0.000000000e+00
1.796000001e-03 3.300000000e+00
1.796408018e-03 3.300000000e+00
1.796408019e-03 0.000000000e+00
1.797000000e-03 0.000000000e+00
1.797000001e-03 3.300000000e+00
1.797406019e-03 3.300000000e+00
1.797406020e-03 0.000000000e+00
1.798000000e-03 0.000000000e+00
1.798000001e-03 3.300000000e+00
1.798404019e-03 3.300000000e+00
1.798404020e-03 0.000000000e+00
1.799000000e-03 0.000000000e+00
1.799000001e-03 3.300000000e+00
1.799402020e-03 3.300000000e+00
1.799402021e-03 0.000000000e+00
1.800000000e-03 0.000000000e+00
1.800000001e-03 3.300000000e+00
1.800400020e-03 3.300000000e+00
1.800400021e-03 0.000000000e+00
1.801000000e-03 0.000000000e+00
1.801000001e-03 3.300000000e+00
1.801398020e-03 3.300000000e+00
1.801398021e-03 0.000000000e+00
1.802000000e-03 0.000000000e+00
1.802000001e-03 3.300000000e+00
1.802396021e-03 3.300000000e+00
1.802396022e-03 0.000000000e+00
1.803000000e-03 0.000000000e+00
1.803000001e-03 3.300000000e+00
1.803394021e-03 3.300000000e+00
1.803394022e-03 0.000000000e+00
1.804000000e-03 0.000000000e+00
1.804000001e-03 3.300000000e+00
1.804392022e-03 3.300000000e+00
1.804392023e-03 0.000000000e+00
1.805000000e-03 0.000000000e+00
1.805000001e-03 3.300000000e+00
1.805390022e-03 3.300000000e+00
1.805390023e-03 0.000000000e+00
1.806000000e-03 0.000000000e+00
1.806000001e-03 3.300000000e+00
1.806388022e-03 3.300000000e+00
1.806388023e-03 0.000000000e+00
1.807000000e-03 0.000000000e+00
1.807000001e-03 3.300000000e+00
1.807386023e-03 3.300000000e+00
1.807386024e-03 0.000000000e+00
1.808000000e-03 0.000000000e+00
1.808000001e-03 3.300000000e+00
1.808384023e-03 3.300000000e+00
1.808384024e-03 0.000000000e+00
1.809000000e-03 0.000000000e+00
1.809000001e-03 3.300000000e+00
1.809382024e-03 3.300000000e+00
1.809382025e-03 0.000000000e+00
1.810000000e-03 0.000000000e+00
1.810000001e-03 3.300000000e+00
1.810380024e-03 3.300000000e+00
1.810380025e-03 0.000000000e+00
1.811000000e-03 0.000000000e+00
1.811000001e-03 3.300000000e+00
1.811378024e-03 3.300000000e+00
1.811378025e-03 0.000000000e+00
1.812000000e-03 0.000000000e+00
1.812000001e-03 3.300000000e+00
1.812376025e-03 3.300000000e+00
1.812376026e-03 0.000000000e+00
1.813000000e-03 0.000000000e+00
1.813000001e-03 3.300000000e+00
1.813374025e-03 3.300000000e+00
1.813374026e-03 0.000000000e+00
1.814000000e-03 0.000000000e+00
1.814000001e-03 3.300000000e+00
1.814372026e-03 3.300000000e+00
1.814372027e-03 0.000000000e+00
1.815000000e-03 0.000000000e+00
1.815000001e-03 3.300000000e+00
1.815370026e-03 3.300000000e+00
1.815370027e-03 0.000000000e+00
1.816000000e-03 0.000000000e+00
1.816000001e-03 3.300000000e+00
1.816368026e-03 3.300000000e+00
1.816368027e-03 0.000000000e+00
1.817000000e-03 0.000000000e+00
1.817000001e-03 3.300000000e+00
1.817366027e-03 3.300000000e+00
1.817366028e-03 0.000000000e+00
1.818000000e-03 0.000000000e+00
1.818000001e-03 3.300000000e+00
1.818364027e-03 3.300000000e+00
1.818364028e-03 0.000000000e+00
1.819000000e-03 0.000000000e+00
1.819000001e-03 3.300000000e+00
1.819362028e-03 3.300000000e+00
1.819362029e-03 0.000000000e+00
1.820000000e-03 0.000000000e+00
1.820000001e-03 3.300000000e+00
1.820360028e-03 3.300000000e+00
1.820360029e-03 0.000000000e+00
1.821000000e-03 0.000000000e+00
1.821000001e-03 3.300000000e+00
1.821358028e-03 3.300000000e+00
1.821358029e-03 0.000000000e+00
1.822000000e-03 0.000000000e+00
1.822000001e-03 3.300000000e+00
1.822356029e-03 3.300000000e+00
1.822356030e-03 0.000000000e+00
1.823000000e-03 0.000000000e+00
1.823000001e-03 3.300000000e+00
1.823354029e-03 3.300000000e+00
1.823354030e-03 0.000000000e+00
1.824000000e-03 0.000000000e+00
1.824000001e-03 3.300000000e+00
1.824352030e-03 3.300000000e+00
1.824352031e-03 0.000000000e+00
1.825000000e-03 0.000000000e+00
1.825000001e-03 3.300000000e+00
1.825350030e-03 3.300000000e+00
1.825350031e-03 0.000000000e+00
1.826000000e-03 0.000000000e+00
1.826000001e-03 3.300000000e+00
1.826348030e-03 3.300000000e+00
1.826348031e-03 0.000000000e+00
1.827000000e-03 0.000000000e+00
1.827000001e-03 3.300000000e+00
1.827346031e-03 3.300000000e+00
1.827346032e-03 0.000000000e+00
1.828000000e-03 0.000000000e+00
1.828000001e-03 3.300000000e+00
1.828344031e-03 3.300000000e+00
1.828344032e-03 0.000000000e+00
1.829000000e-03 0.000000000e+00
1.829000001e-03 3.300000000e+00
1.829342032e-03 3.300000000e+00
1.829342033e-03 0.000000000e+00
1.830000000e-03 0.000000000e+00
1.830000001e-03 3.300000000e+00
1.830340032e-03 3.300000000e+00
1.830340033e-03 0.000000000e+00
1.831000000e-03 0.000000000e+00
1.831000001e-03 3.300000000e+00
1.831338032e-03 3.300000000e+00
1.831338033e-03 0.000000000e+00
1.832000000e-03 0.000000000e+00
1.832000001e-03 3.300000000e+00
1.832336033e-03 3.300000000e+00
1.832336034e-03 0.000000000e+00
1.833000000e-03 0.000000000e+00
1.833000001e-03 3.300000000e+00
1.833334033e-03 3.300000000e+00
1.833334034e-03 0.000000000e+00
1.834000000e-03 0.000000000e+00
1.834000001e-03 3.300000000e+00
1.834332034e-03 3.300000000e+00
1.834332035e-03 0.000000000e+00
1.835000000e-03 0.000000000e+00
1.835000001e-03 3.300000000e+00
1.835330034e-03 3.300000000e+00
1.835330035e-03 0.000000000e+00
1.836000000e-03 0.000000000e+00
1.836000001e-03 3.300000000e+00
1.836328034e-03 3.300000000e+00
1.836328035e-03 0.000000000e+00
1.837000000e-03 0.000000000e+00
1.837000001e-03 3.300000000e+00
1.837326035e-03 3.300000000e+00
1.837326036e-03 0.000000000e+00
1.838000000e-03 0.000000000e+00
1.838000001e-03 3.300000000e+00
1.838324035e-03 3.300000000e+00
1.838324036e-03 0.000000000e+00
1.839000000e-03 0.000000000e+00
1.839000001e-03 3.300000000e+00
1.839322036e-03 3.300000000e+00
1.839322037e-03 0.000000000e+00
1.840000000e-03 0.000000000e+00
1.840000001e-03 3.300000000e+00
1.840320036e-03 3.300000000e+00
1.840320037e-03 0.000000000e+00
1.841000000e-03 0.000000000e+00
1.841000001e-03 3.300000000e+00
1.841318036e-03 3.300000000e+00
1.841318037e-03 0.000000000e+00
1.842000000e-03 0.000000000e+00
1.842000001e-03 3.300000000e+00
1.842316037e-03 3.300000000e+00
1.842316038e-03 0.000000000e+00
1.843000000e-03 0.000000000e+00
1.843000001e-03 3.300000000e+00
1.843314037e-03 3.300000000e+00
1.843314038e-03 0.000000000e+00
1.844000000e-03 0.000000000e+00
1.844000001e-03 3.300000000e+00
1.844312038e-03 3.300000000e+00
1.844312039e-03 0.000000000e+00
1.845000000e-03 0.000000000e+00
1.845000001e-03 3.300000000e+00
1.845310038e-03 3.300000000e+00
1.845310039e-03 0.000000000e+00
1.846000000e-03 0.000000000e+00
1.846000001e-03 3.300000000e+00
1.846308038e-03 3.300000000e+00
1.846308039e-03 0.000000000e+00
1.847000000e-03 0.000000000e+00
1.847000001e-03 3.300000000e+00
1.847306039e-03 3.300000000e+00
1.847306040e-03 0.000000000e+00
1.848000000e-03 0.000000000e+00
1.848000001e-03 3.300000000e+00
1.848304039e-03 3.300000000e+00
1.848304040e-03 0.000000000e+00
1.849000000e-03 0.000000000e+00
1.849000001e-03 3.300000000e+00
1.849302040e-03 3.300000000e+00
1.849302041e-03 0.000000000e+00
1.850000000e-03 0.000000000e+00
1.850000001e-03 3.300000000e+00
1.850300040e-03 3.300000000e+00
1.850300041e-03 0.000000000e+00
1.851000000e-03 0.000000000e+00
1.851000001e-03 3.300000000e+00
1.851298040e-03 3.300000000e+00
1.851298041e-03 0.000000000e+00
1.852000000e-03 0.000000000e+00
1.852000001e-03 3.300000000e+00
1.852296041e-03 3.300000000e+00
1.852296042e-03 0.000000000e+00
1.853000000e-03 0.000000000e+00
1.853000001e-03 3.300000000e+00
1.853294041e-03 3.300000000e+00
1.853294042e-03 0.000000000e+00
1.854000000e-03 0.000000000e+00
1.854000001e-03 3.300000000e+00
1.854292042e-03 3.300000000e+00
1.854292043e-03 0.000000000e+00
1.855000000e-03 0.000000000e+00
1.855000001e-03 3.300000000e+00
1.855290042e-03 3.300000000e+00
1.855290043e-03 0.000000000e+00
1.856000000e-03 0.000000000e+00
1.856000001e-03 3.300000000e+00
1.856288042e-03 3.300000000e+00
1.856288043e-03 0.000000000e+00
1.857000000e-03 0.000000000e+00
1.857000001e-03 3.300000000e+00
1.857286043e-03 3.300000000e+00
1.857286044e-03 0.000000000e+00
1.858000000e-03 0.000000000e+00
1.858000001e-03 3.300000000e+00
1.858284043e-03 3.300000000e+00
1.858284044e-03 0.000000000e+00
1.859000000e-03 0.000000000e+00
1.859000001e-03 3.300000000e+00
1.859282044e-03 3.300000000e+00
1.859282045e-03 0.000000000e+00
1.860000000e-03 0.000000000e+00
1.860000001e-03 3.300000000e+00
1.860280044e-03 3.300000000e+00
1.860280045e-03 0.000000000e+00
1.861000000e-03 0.000000000e+00
1.861000001e-03 3.300000000e+00
1.861278044e-03 3.300000000e+00
1.861278045e-03 0.000000000e+00
1.862000000e-03 0.000000000e+00
1.862000001e-03 3.300000000e+00
1.862276045e-03 3.300000000e+00
1.862276046e-03 0.000000000e+00
1.863000000e-03 0.000000000e+00
1.863000001e-03 3.300000000e+00
1.863274045e-03 3.300000000e+00
1.863274046e-03 0.000000000e+00
1.864000000e-03 0.000000000e+00
1.864000001e-03 3.300000000e+00
1.864272046e-03 3.300000000e+00
1.864272047e-03 0.000000000e+00
1.865000000e-03 0.000000000e+00
1.865000001e-03 3.300000000e+00
1.865270046e-03 3.300000000e+00
1.865270047e-03 0.000000000e+00
1.866000000e-03 0.000000000e+00
1.866000001e-03 3.300000000e+00
1.866268046e-03 3.300000000e+00
1.866268047e-03 0.000000000e+00
1.867000000e-03 0.000000000e+00
1.867000001e-03 3.300000000e+00
1.867266047e-03 3.300000000e+00
1.867266048e-03 0.000000000e+00
1.868000000e-03 0.000000000e+00
1.868000001e-03 3.300000000e+00
1.868264047e-03 3.300000000e+00
1.868264048e-03 0.000000000e+00
1.869000000e-03 0.000000000e+00
1.869000001e-03 3.300000000e+00
1.869262048e-03 3.300000000e+00
1.869262049e-03 0.000000000e+00
1.870000000e-03 0.000000000e+00
1.870000001e-03 3.300000000e+00
1.870260048e-03 3.300000000e+00
1.870260049e-03 0.000000000e+00
1.871000000e-03 0.000000000e+00
1.871000001e-03 3.300000000e+00
1.871258048e-03 3.300000000e+00
1.871258049e-03 0.000000000e+00
1.872000000e-03 0.000000000e+00
1.872000001e-03 3.300000000e+00
1.872256049e-03 3.300000000e+00
1.872256050e-03 0.000000000e+00
1.873000000e-03 0.000000000e+00
1.873000001e-03 3.300000000e+00
1.873254049e-03 3.300000000e+00
1.873254050e-03 0.000000000e+00
1.874000000e-03 0.000000000e+00
1.874000001e-03 3.300000000e+00
1.874252050e-03 3.300000000e+00
1.874252051e-03 0.000000000e+00
1.875000000e-03 0.000000000e+00
1.875000001e-03 3.300000000e+00
1.875250050e-03 3.300000000e+00
1.875250051e-03 0.000000000e+00
1.876000000e-03 0.000000000e+00
1.876000001e-03 3.300000000e+00
1.876248050e-03 3.300000000e+00
1.876248051e-03 0.000000000e+00
1.877000000e-03 0.000000000e+00
1.877000001e-03 3.300000000e+00
1.877246051e-03 3.300000000e+00
1.877246052e-03 0.000000000e+00
1.878000000e-03 0.000000000e+00
1.878000001e-03 3.300000000e+00
1.878244051e-03 3.300000000e+00
1.878244052e-03 0.000000000e+00
1.879000000e-03 0.000000000e+00
1.879000001e-03 3.300000000e+00
1.879242052e-03 3.300000000e+00
1.879242053e-03 0.000000000e+00
1.880000000e-03 0.000000000e+00
1.880000001e-03 3.300000000e+00
1.880240052e-03 3.300000000e+00
1.880240053e-03 0.000000000e+00
1.881000000e-03 0.000000000e+00
1.881000001e-03 3.300000000e+00
1.881238052e-03 3.300000000e+00
1.881238053e-03 0.000000000e+00
1.882000000e-03 0.000000000e+00
1.882000001e-03 3.300000000e+00
1.882236053e-03 3.300000000e+00
1.882236054e-03 0.000000000e+00
1.883000000e-03 0.000000000e+00
1.883000001e-03 3.300000000e+00
1.883234053e-03 3.300000000e+00
1.883234054e-03 0.000000000e+00
1.884000000e-03 0.000000000e+00
1.884000001e-03 3.300000000e+00
1.884232054e-03 3.300000000e+00
1.884232055e-03 0.000000000e+00
1.885000000e-03 0.000000000e+00
1.885000001e-03 3.300000000e+00
1.885230054e-03 3.300000000e+00
1.885230055e-03 0.000000000e+00
1.886000000e-03 0.000000000e+00
1.886000001e-03 3.300000000e+00
1.886228054e-03 3.300000000e+00
1.886228055e-03 0.000000000e+00
1.887000000e-03 0.000000000e+00
1.887000001e-03 3.300000000e+00
1.887226055e-03 3.300000000e+00
1.887226056e-03 0.000000000e+00
1.888000000e-03 0.000000000e+00
1.888000001e-03 3.300000000e+00
1.888224055e-03 3.300000000e+00
1.888224056e-03 0.000000000e+00
1.889000000e-03 0.000000000e+00
1.889000001e-03 3.300000000e+00
1.889222056e-03 3.300000000e+00
1.889222057e-03 0.000000000e+00
1.890000000e-03 0.000000000e+00
1.890000001e-03 3.300000000e+00
1.890220056e-03 3.300000000e+00
1.890220057e-03 0.000000000e+00
1.891000000e-03 0.000000000e+00
1.891000001e-03 3.300000000e+00
1.891218056e-03 3.300000000e+00
1.891218057e-03 0.000000000e+00
1.892000000e-03 0.000000000e+00
1.892000001e-03 3.300000000e+00
1.892216057e-03 3.300000000e+00
1.892216058e-03 0.000000000e+00
1.893000000e-03 0.000000000e+00
1.893000001e-03 3.300000000e+00
1.893214057e-03 3.300000000e+00
1.893214058e-03 0.000000000e+00
1.894000000e-03 0.000000000e+00
1.894000001e-03 3.300000000e+00
1.894212058e-03 3.300000000e+00
1.894212059e-03 0.000000000e+00
1.895000000e-03 0.000000000e+00
1.895000001e-03 3.300000000e+00
1.895210058e-03 3.300000000e+00
1.895210059e-03 0.000000000e+00
1.896000000e-03 0.000000000e+00
1.896000001e-03 3.300000000e+00
1.896208058e-03 3.300000000e+00
1.896208059e-03 0.000000000e+00
1.897000000e-03 0.000000000e+00
1.897000001e-03 3.300000000e+00
1.897206059e-03 3.300000000e+00
1.897206060e-03 0.000000000e+00
1.898000000e-03 0.000000000e+00
1.898000001e-03 3.300000000e+00
1.898204059e-03 3.300000000e+00
1.898204060e-03 0.000000000e+00
1.899000000e-03 0.000000000e+00
1.899000001e-03 3.300000000e+00
1.899202060e-03 3.300000000e+00
1.899202061e-03 0.000000000e+00
1.900000000e-03 0.000000000e+00
1.900000001e-03 3.300000000e+00
1.900200060e-03 3.300000000e+00
1.900200061e-03 0.000000000e+00
1.901000000e-03 0.000000000e+00
1.901000001e-03 3.300000000e+00
1.901198060e-03 3.300000000e+00
1.901198061e-03 0.000000000e+00
1.902000000e-03 0.000000000e+00
1.902000001e-03 3.300000000e+00
1.902196061e-03 3.300000000e+00
1.902196062e-03 0.000000000e+00
1.903000000e-03 0.000000000e+00
1.903000001e-03 3.300000000e+00
1.903194061e-03 3.300000000e+00
1.903194062e-03 0.000000000e+00
1.904000000e-03 0.000000000e+00
1.904000001e-03 3.300000000e+00
1.904192062e-03 3.300000000e+00
1.904192063e-03 0.000000000e+00
1.905000000e-03 0.000000000e+00
1.905000001e-03 3.300000000e+00
1.905190062e-03 3.300000000e+00
1.905190063e-03 0.000000000e+00
1.906000000e-03 0.000000000e+00
1.906000001e-03 3.300000000e+00
1.906188062e-03 3.300000000e+00
1.906188063e-03 0.000000000e+00
1.907000000e-03 0.000000000e+00
1.907000001e-03 3.300000000e+00
1.907186063e-03 3.300000000e+00
1.907186064e-03 0.000000000e+00
1.908000000e-03 0.000000000e+00
1.908000001e-03 3.300000000e+00
1.908184063e-03 3.300000000e+00
1.908184064e-03 0.000000000e+00
1.909000000e-03 0.000000000e+00
1.909000001e-03 3.300000000e+00
1.909182064e-03 3.300000000e+00
1.909182065e-03 0.000000000e+00
1.910000000e-03 0.000000000e+00
1.910000001e-03 3.300000000e+00
1.910180064e-03 3.300000000e+00
1.910180065e-03 0.000000000e+00
1.911000000e-03 0.000000000e+00
1.911000001e-03 3.300000000e+00
1.911178064e-03 3.300000000e+00
1.911178065e-03 0.000000000e+00
1.912000000e-03 0.000000000e+00
1.912000001e-03 3.300000000e+00
1.912176065e-03 3.300000000e+00
1.912176066e-03 0.000000000e+00
1.913000000e-03 0.000000000e+00
1.913000001e-03 3.300000000e+00
1.913174065e-03 3.300000000e+00
1.913174066e-03 0.000000000e+00
1.914000000e-03 0.000000000e+00
1.914000001e-03 3.300000000e+00
1.914172066e-03 3.300000000e+00
1.914172067e-03 0.000000000e+00
1.915000000e-03 0.000000000e+00
1.915000001e-03 3.300000000e+00
1.915170066e-03 3.300000000e+00
1.915170067e-03 0.000000000e+00
1.916000000e-03 0.000000000e+00
1.916000001e-03 3.300000000e+00
1.916168066e-03 3.300000000e+00
1.916168067e-03 0.000000000e+00
1.917000000e-03 0.000000000e+00
1.917000001e-03 3.300000000e+00
1.917166067e-03 3.300000000e+00
1.917166068e-03 0.000000000e+00
1.918000000e-03 0.000000000e+00
1.918000001e-03 3.300000000e+00
1.918164067e-03 3.300000000e+00
1.918164068e-03 0.000000000e+00
1.919000000e-03 0.000000000e+00
1.919000001e-03 3.300000000e+00
1.919162068e-03 3.300000000e+00
1.919162069e-03 0.000000000e+00
1.920000000e-03 0.000000000e+00
1.920000001e-03 3.300000000e+00
1.920160068e-03 3.300000000e+00
1.920160069e-03 0.000000000e+00
1.921000000e-03 0.000000000e+00
1.921000001e-03 3.300000000e+00
1.921158068e-03 3.300000000e+00
1.921158069e-03 0.000000000e+00
1.922000000e-03 0.000000000e+00
1.922000001e-03 3.300000000e+00
1.922156069e-03 3.300000000e+00
1.922156070e-03 0.000000000e+00
1.923000000e-03 0.000000000e+00
1.923000001e-03 3.300000000e+00
1.923154069e-03 3.300000000e+00
1.923154070e-03 0.000000000e+00
1.924000000e-03 0.000000000e+00
1.924000001e-03 3.300000000e+00
1.924152070e-03 3.300000000e+00
1.924152071e-03 0.000000000e+00
1.925000000e-03 0.000000000e+00
1.925000001e-03 3.300000000e+00
1.925150070e-03 3.300000000e+00
1.925150071e-03 0.000000000e+00
1.926000000e-03 0.000000000e+00
1.926000001e-03 3.300000000e+00
1.926148070e-03 3.300000000e+00
1.926148071e-03 0.000000000e+00
1.927000000e-03 0.000000000e+00
1.927000001e-03 3.300000000e+00
1.927146071e-03 3.300000000e+00
1.927146072e-03 0.000000000e+00
1.928000000e-03 0.000000000e+00
1.928000001e-03 3.300000000e+00
1.928144071e-03 3.300000000e+00
1.928144072e-03 0.000000000e+00
1.929000000e-03 0.000000000e+00
1.929000001e-03 3.300000000e+00
1.929142072e-03 3.300000000e+00
1.929142073e-03 0.000000000e+00
1.930000000e-03 0.000000000e+00
1.930000001e-03 3.300000000e+00
1.930140072e-03 3.300000000e+00
1.930140073e-03 0.000000000e+00
1.931000000e-03 0.000000000e+00
1.931000001e-03 3.300000000e+00
1.931138072e-03 3.300000000e+00
1.931138073e-03 0.000000000e+00
1.932000000e-03 0.000000000e+00
1.932000001e-03 3.300000000e+00
1.932136073e-03 3.300000000e+00
1.932136074e-03 0.000000000e+00
1.933000000e-03 0.000000000e+00
1.933000001e-03 3.300000000e+00
1.933134073e-03 3.300000000e+00
1.933134074e-03 0.000000000e+00
1.934000000e-03 0.000000000e+00
1.934000001e-03 3.300000000e+00
1.934132074e-03 3.300000000e+00
1.934132075e-03 0.000000000e+00
1.935000000e-03 0.000000000e+00
1.935000001e-03 3.300000000e+00
1.935130074e-03 3.300000000e+00
1.935130075e-03 0.000000000e+00
1.936000000e-03 0.000000000e+00
1.936000001e-03 3.300000000e+00
1.936128074e-03 3.300000000e+00
1.936128075e-03 0.000000000e+00
1.937000000e-03 0.000000000e+00
1.937000001e-03 3.300000000e+00
1.937126075e-03 3.300000000e+00
1.937126076e-03 0.000000000e+00
1.938000000e-03 0.000000000e+00
1.938000001e-03 3.300000000e+00
1.938124075e-03 3.300000000e+00
1.938124076e-03 0.000000000e+00
1.939000000e-03 0.000000000e+00
1.939000001e-03 3.300000000e+00
1.939122076e-03 3.300000000e+00
1.939122077e-03 0.000000000e+00
1.940000000e-03 0.000000000e+00
1.940000001e-03 3.300000000e+00
1.940120076e-03 3.300000000e+00
1.940120077e-03 0.000000000e+00
1.941000000e-03 0.000000000e+00
1.941000001e-03 3.300000000e+00
1.941118076e-03 3.300000000e+00
1.941118077e-03 0.000000000e+00
1.942000000e-03 0.000000000e+00
1.942000001e-03 3.300000000e+00
1.942116077e-03 3.300000000e+00
1.942116078e-03 0.000000000e+00
1.943000000e-03 0.000000000e+00
1.943000001e-03 3.300000000e+00
1.943114077e-03 3.300000000e+00
1.943114078e-03 0.000000000e+00
1.944000000e-03 0.000000000e+00
1.944000001e-03 3.300000000e+00
1.944112078e-03 3.300000000e+00
1.944112079e-03 0.000000000e+00
1.945000000e-03 0.000000000e+00
1.945000001e-03 3.300000000e+00
1.945110078e-03 3.300000000e+00
1.945110079e-03 0.000000000e+00
1.946000000e-03 0.000000000e+00
1.946000001e-03 3.300000000e+00
1.946108078e-03 3.300000000e+00
1.946108079e-03 0.000000000e+00
1.947000000e-03 0.000000000e+00
1.947000001e-03 3.300000000e+00
1.947106079e-03 3.300000000e+00
1.947106080e-03 0.000000000e+00
1.948000000e-03 0.000000000e+00
1.948000001e-03 3.300000000e+00
1.948104079e-03 3.300000000e+00
1.948104080e-03 0.000000000e+00
1.949000000e-03 0.000000000e+00
1.949000001e-03 3.300000000e+00
1.949102080e-03 3.300000000e+00
1.949102081e-03 0.000000000e+00
1.950000000e-03 0.000000000e+00
1.950000001e-03 3.300000000e+00
1.950100080e-03 3.300000000e+00
1.950100081e-03 0.000000000e+00
1.951000000e-03 0.000000000e+00
1.951000001e-03 3.300000000e+00
1.951098080e-03 3.300000000e+00
1.951098081e-03 0.000000000e+00
1.952000000e-03 0.000000000e+00
1.952000001e-03 3.300000000e+00
1.952096081e-03 3.300000000e+00
1.952096082e-03 0.000000000e+00
1.953000000e-03 0.000000000e+00
1.953000001e-03 3.300000000e+00
1.953094081e-03 3.300000000e+00
1.953094082e-03 0.000000000e+00
1.954000000e-03 0.000000000e+00
1.954000001e-03 3.300000000e+00
1.954092082e-03 3.300000000e+00
1.954092083e-03 0.000000000e+00
1.955000000e-03 0.000000000e+00
1.955000001e-03 3.300000000e+00
1.955090082e-03 3.300000000e+00
1.955090083e-03 0.000000000e+00
1.956000000e-03 0.000000000e+00
1.956000001e-03 3.300000000e+00
1.956088082e-03 3.300000000e+00
1.956088083e-03 0.000000000e+00
1.957000000e-03 0.000000000e+00
1.957000001e-03 3.300000000e+00
1.957086083e-03 3.300000000e+00
1.957086084e-03 0.000000000e+00
1.958000000e-03 0.000000000e+00
1.958000001e-03 3.300000000e+00
1.958084083e-03 3.300000000e+00
1.958084084e-03 0.000000000e+00
1.959000000e-03 0.000000000e+00
1.959000001e-03 3.300000000e+00
1.959082084e-03 3.300000000e+00
1.959082085e-03 0.000000000e+00
1.960000000e-03 0.000000000e+00
1.960000001e-03 3.300000000e+00
1.960080084e-03 3.300000000e+00
1.960080085e-03 0.000000000e+00
1.961000000e-03 0.000000000e+00
1.961000001e-03 3.300000000e+00
1.961078084e-03 3.300000000e+00
1.961078085e-03 0.000000000e+00
1.962000000e-03 0.000000000e+00
1.962000001e-03 3.300000000e+00
1.962076085e-03 3.300000000e+00
1.962076086e-03 0.000000000e+00
1.963000000e-03 0.000000000e+00
1.963000001e-03 3.300000000e+00
1.963074085e-03 3.300000000e+00
1.963074086e-03 0.000000000e+00
1.964000000e-03 0.000000000e+00
1.964000001e-03 3.300000000e+00
1.964072086e-03 3.300000000e+00
1.964072087e-03 0.000000000e+00
1.965000000e-03 0.000000000e+00
1.965000001e-03 3.300000000e+00
1.965070086e-03 3.300000000e+00
1.965070087e-03 0.000000000e+00
1.966000000e-03 0.000000000e+00
1.966000001e-03 3.300000000e+00
1.966068086e-03 3.300000000e+00
1.966068087e-03 0.000000000e+00
1.967000000e-03 0.000000000e+00
1.967000001e-03 3.300000000e+00
1.967066087e-03 3.300000000e+00
1.967066088e-03 0.000000000e+00
1.968000000e-03 0.000000000e+00
1.968000001e-03 3.300000000e+00
1.968064087e-03 3.300000000e+00
1.968064088e-03 0.000000000e+00
1.969000000e-03 0.000000000e+00
1.969000001e-03 3.300000000e+00
1.969062088e-03 3.300000000e+00
1.969062089e-03 0.000000000e+00
1.970000000e-03 0.000000000e+00
1.970000001e-03 3.300000000e+00
1.970060088e-03 3.300000000e+00
1.970060089e-03 0.000000000e+00
1.971000000e-03 0.000000000e+00
1.971000001e-03 3.300000000e+00
1.971058088e-03 3.300000000e+00
1.971058089e-03 0.000000000e+00
1.972000000e-03 0.000000000e+00
1.972000001e-03 3.300000000e+00
1.972056089e-03 3.300000000e+00
1.972056090e-03 0.000000000e+00
1.973000000e-03 0.000000000e+00
1.973000001e-03 3.300000000e+00
1.973054089e-03 3.300000000e+00
1.973054090e-03 0.000000000e+00
1.974000000e-03 0.000000000e+00
1.974000001e-03 3.300000000e+00
1.974052090e-03 3.300000000e+00
1.974052091e-03 0.000000000e+00
1.975000000e-03 0.000000000e+00
1.975000001e-03 3.300000000e+00
1.975050090e-03 3.300000000e+00
1.975050091e-03 0.000000000e+00
1.976000000e-03 0.000000000e+00
1.976000001e-03 3.300000000e+00
1.976048090e-03 3.300000000e+00
1.976048091e-03 0.000000000e+00
1.977000000e-03 0.000000000e+00
1.977000001e-03 3.300000000e+00
1.977046091e-03 3.300000000e+00
1.977046092e-03 0.000000000e+00
1.978000000e-03 0.000000000e+00
1.978000001e-03 3.300000000e+00
1.978044091e-03 3.300000000e+00
1.978044092e-03 0.000000000e+00
1.979000000e-03 0.000000000e+00
1.979000001e-03 3.300000000e+00
1.979042092e-03 3.300000000e+00
1.979042093e-03 0.000000000e+00
1.980000000e-03 0.000000000e+00
1.980000001e-03 3.300000000e+00
1.980040092e-03 3.300000000e+00
1.980040093e-03 0.000000000e+00
1.981000000e-03 0.000000000e+00
1.981000001e-03 3.300000000e+00
1.981038092e-03 3.300000000e+00
1.981038093e-03 0.000000000e+00
1.982000000e-03 0.000000000e+00
1.982000001e-03 3.300000000e+00
1.982036093e-03 3.300000000e+00
1.982036094e-03 0.000000000e+00
1.983000000e-03 0.000000000e+00
1.983000001e-03 3.300000000e+00
1.983034093e-03 3.300000000e+00
1.983034094e-03 0.000000000e+00
1.984000000e-03 0.000000000e+00
1.984000001e-03 3.300000000e+00
1.984032094e-03 3.300000000e+00
1.984032095e-03 0.000000000e+00
1.985000000e-03 0.000000000e+00
1.985000001e-03 3.300000000e+00
1.985030094e-03 3.300000000e+00
1.985030095e-03 0.000000000e+00
1.986000000e-03 0.000000000e+00
1.986000001e-03 3.300000000e+00
1.986028094e-03 3.300000000e+00
1.986028095e-03 0.000000000e+00
1.987000000e-03 0.000000000e+00
1.987000001e-03 3.300000000e+00
1.987026095e-03 3.300000000e+00
1.987026096e-03 0.000000000e+00
1.988000000e-03 0.000000000e+00
1.988000001e-03 3.300000000e+00
1.988024095e-03 3.300000000e+00
1.988024096e-03 0.000000000e+00
1.989000000e-03 0.000000000e+00
1.989000001e-03 3.300000000e+00
1.989022096e-03 3.300000000e+00
1.989022097e-03 0.000000000e+00
1.990000000e-03 0.000000000e+00
1.990000001e-03 3.300000000e+00
1.990020096e-03 3.300000000e+00
1.990020097e-03 0.000000000e+00
1.991000000e-03 0.000000000e+00
1.991000001e-03 3.300000000e+00
1.991018096e-03 3.300000000e+00
1.991018097e-03 0.000000000e+00
1.992000000e-03 0.000000000e+00
1.992000001e-03 3.300000000e+00
1.992016097e-03 3.300000000e+00
1.992016098e-03 0.000000000e+00
1.993000000e-03 0.000000000e+00
1.993000001e-03 3.300000000e+00
1.993014097e-03 3.300000000e+00
1.993014098e-03 0.000000000e+00
1.994000000e-03 0.000000000e+00
1.994000001e-03 3.300000000e+00
1.994012098e-03 3.300000000e+00
1.994012099e-03 0.000000000e+00
1.995000000e-03 0.000000000e+00
1.995000001e-03 3.300000000e+00
1.995010098e-03 3.300000000e+00
1.995010099e-03 0.000000000e+00
1.996000000e-03 0.000000000e+00
1.996000001e-03 3.300000000e+00
1.996008098e-03 3.300000000e+00
1.996008099e-03 0.000000000e+00
1.997000000e-03 0.000000000e+00
1.997000001e-03 3.300000000e+00
1.997006099e-03 3.300000000e+00
1.997006100e-03 0.000000000e+00
1.998000000e-03 0.000000000e+00
1.998000001e-03 3.300000000e+00
1.998004099e-03 3.300000000e+00
1.998004100e-03 0.000000000e+00
1.999000000e-03 0.000000000e+00
1.999000001e-03 3.300000000e+00
1.999002100e-03 3.300000000e+00
1.999002101e-03 0.000000000e+00
2.000000000e-03 0.000000000e+00
2.000000001e-03 3.300000000e+00
2.000000100e-03 3.300000000e+00
2.000000101e-03 0.000000000e+00
2.001000000e-03 0.000000000e+00
2.001000001e-03 3.300000000e+00
2.001002100e-03 3.300000000e+00
2.001002101e-03 0.000000000e+00
2.002000000e-03 0.000000000e+00
2.002000001e-03 3.300000000e+00
2.002004099e-03 3.300000000e+00
2.002004100e-03 0.000000000e+00
2.003000000e-03 0.000000000e+00
2.003000001e-03 3.300000000e+00
2.003006099e-03 3.300000000e+00
2.003006100e-03 0.000000000e+00
2.004000000e-03 0.000000000e+00
2.004000001e-03 3.300000000e+00
2.004008098e-03 3.300000000e+00
2.004008099e-03 0.000000000e+00
2.005000000e-03 0.000000000e+00
2.005000001e-03 3.300000000e+00
2.005010098e-03 3.300000000e+00
2.005010099e-03 0.000000000e+00
2.006000000e-03 0.000000000e+00
2.006000001e-03 3.300000000e+00
2.006012098e-03 3.300000000e+00
2.006012099e-03 0.000000000e+00
2.007000000e-03 0.000000000e+00
2.007000001e-03 3.300000000e+00
2.007014097e-03 3.300000000e+00
2.007014098e-03 0.000000000e+00
2.008000000e-03 0.000000000e+00
2.008000001e-03 3.300000000e+00
2.008016097e-03 3.300000000e+00
2.008016098e-03 0.000000000e+00
2.009000000e-03 0.000000000e+00
2.009000001e-03 3.300000000e+00
2.009018096e-03 3.300000000e+00
2.009018097e-03 0.000000000e+00
2.010000000e-03 0.000000000e+00
2.010000001e-03 3.300000000e+00
2.010020096e-03 3.300000000e+00
2.010020097e-03 0.000000000e+00
2.011000000e-03 0.000000000e+00
2.011000001e-03 3.300000000e+00
2.011022096e-03 3.300000000e+00
2.011022097e-03 0.000000000e+00
2.012000000e-03 0.000000000e+00
2.012000001e-03 3.300000000e+00
2.012024095e-03 3.300000000e+00
2.012024096e-03 0.000000000e+00
2.013000000e-03 0.000000000e+00
2.013000001e-03 3.300000000e+00
2.013026095e-03 3.300000000e+00
2.013026096e-03 0.000000000e+00
2.014000000e-03 0.000000000e+00
2.014000001e-03 3.300000000e+00
2.014028094e-03 3.300000000e+00
2.014028095e-03 0.000000000e+00
2.015000000e-03 0.000000000e+00
2.015000001e-03 3.300000000e+00
2.015030094e-03 3.300000000e+00
2.015030095e-03 0.000000000e+00
2.016000000e-03 0.000000000e+00
2.016000001e-03 3.300000000e+00
2.016032094e-03 3.300000000e+00
2.016032095e-03 0.000000000e+00
2.017000000e-03 0.000000000e+00
2.017000001e-03 3.300000000e+00
2.017034093e-03 3.300000000e+00
2.017034094e-03 0.000000000e+00
2.018000000e-03 0.000000000e+00
2.018000001e-03 3.300000000e+00
2.018036093e-03 3.300000000e+00
2.018036094e-03 0.000000000e+00
2.019000000e-03 0.000000000e+00
2.019000001e-03 3.300000000e+00
2.019038092e-03 3.300000000e+00
2.019038093e-03 0.000000000e+00
2.020000000e-03 0.000000000e+00
2.020000001e-03 3.300000000e+00
2.020040092e-03 3.300000000e+00
2.020040093e-03 0.000000000e+00
2.021000000e-03 0.000000000e+00
2.021000001e-03 3.300000000e+00
2.021042092e-03 3.300000000e+00
2.021042093e-03 0.000000000e+00
2.022000000e-03 0.000000000e+00
2.022000001e-03 3.300000000e+00
2.022044091e-03 3.300000000e+00
2.022044092e-03 0.000000000e+00
2.023000000e-03 0.000000000e+00
2.023000001e-03 3.300000000e+00
2.023046091e-03 3.300000000e+00
2.023046092e-03 0.000000000e+00
2.024000000e-03 0.000000000e+00
2.024000001e-03 3.300000000e+00
2.024048090e-03 3.300000000e+00
2.024048091e-03 0.000000000e+00
2.025000000e-03 0.000000000e+00
2.025000001e-03 3.300000000e+00
2.025050090e-03 3.300000000e+00
2.025050091e-03 0.000000000e+00
2.026000000e-03 0.000000000e+00
2.026000001e-03 3.300000000e+00
2.026052090e-03 3.300000000e+00
2.026052091e-03 0.000000000e+00
2.027000000e-03 0.000000000e+00
2.027000001e-03 3.300000000e+00
2.027054089e-03 3.300000000e+00
2.027054090e-03 0.000000000e+00
2.028000000e-03 0.000000000e+00
2.028000001e-03 3.300000000e+00
2.028056089e-03 3.300000000e+00
2.028056090e-03 0.000000000e+00
2.029000000e-03 0.000000000e+00
2.029000001e-03 3.300000000e+00
2.029058088e-03 3.300000000e+00
2.029058089e-03 0.000000000e+00
2.030000000e-03 0.000000000e+00
2.030000001e-03 3.300000000e+00
2.030060088e-03 3.300000000e+00
2.030060089e-03 0.000000000e+00
2.031000000e-03 0.000000000e+00
2.031000001e-03 3.300000000e+00
2.031062088e-03 3.300000000e+00
2.031062089e-03 0.000000000e+00
2.032000000e-03 0.000000000e+00
2.032000001e-03 3.300000000e+00
2.032064087e-03 3.300000000e+00
2.032064088e-03 0.000000000e+00
2.033000000e-03 0.000000000e+00
2.033000001e-03 3.300000000e+00
2.033066087e-03 3.300000000e+00
2.033066088e-03 0.000000000e+00
2.034000000e-03 0.000000000e+00
2.034000001e-03 3.300000000e+00
2.034068086e-03 3.300000000e+00
2.034068087e-03 0.000000000e+00
2.035000000e-03 0.000000000e+00
2.035000001e-03 3.300000000e+00
2.035070086e-03 3.300000000e+00
2.035070087e-03 0.000000000e+00
2.036000000e-03 0.000000000e+00
2.036000001e-03 3.300000000e+00
2.036072086e-03 3.300000000e+00
2.036072087e-03 0.000000000e+00
2.037000000e-03 0.000000000e+00
2.037000001e-03 3.300000000e+00
2.037074085e-03 3.300000000e+00
2.037074086e-03 0.000000000e+00
2.038000000e-03 0.000000000e+00
2.038000001e-03 3.300000000e+00
2.038076085e-03 3.300000000e+00
2.038076086e-03 0.000000000e+00
2.039000000e-03 0.000000000e+00
2.039000001e-03 3.300000000e+00
2.039078084e-03 3.300000000e+00
2.039078085e-03 0.000000000e+00
2.040000000e-03 0.000000000e+00
2.040000001e-03 3.300000000e+00
2.040080084e-03 3.300000000e+00
2.040080085e-03 0.000000000e+00
2.041000000e-03 0.000000000e+00
2.041000001e-03 3.300000000e+00
2.041082084e-03 3.300000000e+00
2.041082085e-03 0.000000000e+00
2.042000000e-03 0.000000000e+00
2.042000001e-03 3.300000000e+00
2.042084083e-03 3.300000000e+00
2.042084084e-03 0.000000000e+00
2.043000000e-03 0.000000000e+00
2.043000001e-03 3.300000000e+00
2.043086083e-03 3.300000000e+00
2.043086084e-03 0.000000000e+00
2.044000000e-03 0.000000000e+00
2.044000001e-03 3.300000000e+00
2.044088082e-03 3.300000000e+00
2.044088083e-03 0.000000000e+00
2.045000000e-03 0.000000000e+00
2.045000001e-03 3.300000000e+00
2.045090082e-03 3.300000000e+00
2.045090083e-03 0.000000000e+00
2.046000000e-03 0.000000000e+00
2.046000001e-03 3.300000000e+00
2.046092082e-03 3.300000000e+00
2.046092083e-03 0.000000000e+00
2.047000000e-03 0.000000000e+00
2.047000001e-03 3.300000000e+00
2.047094081e-03 3.300000000e+00
2.047094082e-03 0.000000000e+00
2.048000000e-03 0.000000000e+00
2.048000001e-03 3.300000000e+00
2.048096081e-03 3.300000000e+00
2.048096082e-03 0.000000000e+00
2.049000000e-03 0.000000000e+00
2.049000001e-03 3.300000000e+00
2.049098080e-03 3.300000000e+00
2.049098081e-03 0.000000000e+00
2.050000000e-03 0.000000000e+00
2.050000001e-03 3.300000000e+00
2.050100080e-03 3.300000000e+00
2.050100081e-03 0.000000000e+00
2.051000000e-03 0.000000000e+00
2.051000001e-03 3.300000000e+00
2.051102080e-03 3.300000000e+00
2.051102081e-03 0.000000000e+00
2.052000000e-03 0.000000000e+00
2.052000001e-03 3.300000000e+00
2.052104079e-03 3.300000000e+00
2.052104080e-03 0.000000000e+00
2.053000000e-03 0.000000000e+00
2.053000001e-03 3.300000000e+00
2.053106079e-03 3.300000000e+00
2.053106080e-03 0.000000000e+00
2.054000000e-03 0.000000000e+00
2.054000001e-03 3.300000000e+00
2.054108078e-03 3.300000000e+00
2.054108079e-03 0.000000000e+00
2.055000000e-03 0.000000000e+00
2.055000001e-03 3.300000000e+00
2.055110078e-03 3.300000000e+00
2.055110079e-03 0.000000000e+00
2.056000000e-03 0.000000000e+00
2.056000001e-03 3.300000000e+00
2.056112078e-03 3.300000000e+00
2.056112079e-03 0.000000000e+00
2.057000000e-03 0.000000000e+00
2.057000001e-03 3.300000000e+00
2.057114077e-03 3.300000000e+00
2.057114078e-03 0.000000000e+00
2.058000000e-03 0.000000000e+00
2.058000001e-03 3.300000000e+00
2.058116077e-03 3.300000000e+00
2.058116078e-03 0.000000000e+00
2.059000000e-03 0.000000000e+00
2.059000001e-03 3.300000000e+00
2.059118076e-03 3.300000000e+00
2.059118077e-03 0.000000000e+00
2.060000000e-03 0.000000000e+00
2.060000001e-03 3.300000000e+00
2.060120076e-03 3.300000000e+00
2.060120077e-03 0.000000000e+00
2.061000000e-03 0.000000000e+00
2.061000001e-03 3.300000000e+00
2.061122076e-03 3.300000000e+00
2.061122077e-03 0.000000000e+00
2.062000000e-03 0.000000000e+00
2.062000001e-03 3.300000000e+00
2.062124075e-03 3.300000000e+00
2.062124076e-03 0.000000000e+00
2.063000000e-03 0.000000000e+00
2.063000001e-03 3.300000000e+00
2.063126075e-03 3.300000000e+00
2.063126076e-03 0.000000000e+00
2.064000000e-03 0.000000000e+00
2.064000001e-03 3.300000000e+00
2.064128074e-03 3.300000000e+00
2.064128075e-03 0.000000000e+00
2.065000000e-03 0.000000000e+00
2.065000001e-03 3.300000000e+00
2.065130074e-03 3.300000000e+00
2.065130075e-03 0.000000000e+00
2.066000000e-03 0.000000000e+00
2.066000001e-03 3.300000000e+00
2.066132074e-03 3.300000000e+00
2.066132075e-03 0.000000000e+00
2.067000000e-03 0.000000000e+00
2.067000001e-03 3.300000000e+00
2.067134073e-03 3.300000000e+00
2.067134074e-03 0.000000000e+00
2.068000000e-03 0.000000000e+00
2.068000001e-03 3.300000000e+00
2.068136073e-03 3.300000000e+00
2.068136074e-03 0.000000000e+00
2.069000000e-03 0.000000000e+00
2.069000001e-03 3.300000000e+00
2.069138072e-03 3.300000000e+00
2.069138073e-03 0.000000000e+00
2.070000000e-03 0.000000000e+00
2.070000001e-03 3.300000000e+00
2.070140072e-03 3.300000000e+00
2.070140073e-03 0.000000000e+00
2.071000000e-03 0.000000000e+00
2.071000001e-03 3.300000000e+00
2.071142072e-03 3.300000000e+00
2.071142073e-03 0.000000000e+00
2.072000000e-03 0.000000000e+00
2.072000001e-03 3.300000000e+00
2.072144071e-03 3.300000000e+00
2.072144072e-03 0.000000000e+00
2.073000000e-03 0.000000000e+00
2.073000001e-03 3.300000000e+00
2.073146071e-03 3.300000000e+00
2.073146072e-03 0.000000000e+00
2.074000000e-03 0.000000000e+00
2.074000001e-03 3.300000000e+00
2.074148070e-03 3.300000000e+00
2.074148071e-03 0.000000000e+00
2.075000000e-03 0.000000000e+00
2.075000001e-03 3.300000000e+00
2.075150070e-03 3.300000000e+00
2.075150071e-03 0.000000000e+00
2.076000000e-03 0.000000000e+00
2.076000001e-03 3.300000000e+00
2.076152070e-03 3.300000000e+00
2.076152071e-03 0.000000000e+00
2.077000000e-03 0.000000000e+00
2.077000001e-03 3.300000000e+00
2.077154069e-03 3.300000000e+00
2.077154070e-03 0.000000000e+00
2.078000000e-03 0.000000000e+00
2.078000001e-03 3.300000000e+00
2.078156069e-03 3.300000000e+00
2.078156070e-03 0.000000000e+00
2.079000000e-03 0.000000000e+00
2.079000001e-03 3.300000000e+00
2.079158068e-03 3.300000000e+00
2.079158069e-03 0.000000000e+00
2.080000000e-03 0.000000000e+00
2.080000001e-03 3.300000000e+00
2.080160068e-03 3.300000000e+00
2.080160069e-03 0.000000000e+00
2.081000000e-03 0.000000000e+00
2.081000001e-03 3.300000000e+00
2.081162068e-03 3.300000000e+00
2.081162069e-03 0.000000000e+00
2.082000000e-03 0.000000000e+00
2.082000001e-03 3.300000000e+00
2.082164067e-03 3.300000000e+00
2.082164068e-03 0.000000000e+00
2.083000000e-03 0.000000000e+00
2.083000001e-03 3.300000000e+00
2.083166067e-03 3.300000000e+00
2.083166068e-03 0.000000000e+00
2.084000000e-03 0.000000000e+00
2.084000001e-03 3.300000000e+00
2.084168066e-03 3.300000000e+00
2.084168067e-03 0.000000000e+00
2.085000000e-03 0.000000000e+00
2.085000001e-03 3.300000000e+00
2.085170066e-03 3.300000000e+00
2.085170067e-03 0.000000000e+00
2.086000000e-03 0.000000000e+00
2.086000001e-03 3.300000000e+00
2.086172066e-03 3.300000000e+00
2.086172067e-03 0.000000000e+00
2.087000000e-03 0.000000000e+00
2.087000001e-03 3.300000000e+00
2.087174065e-03 3.300000000e+00
2.087174066e-03 0.000000000e+00
2.088000000e-03 0.000000000e+00
2.088000001e-03 3.300000000e+00
2.088176065e-03 3.300000000e+00
2.088176066e-03 0.000000000e+00
2.089000000e-03 0.000000000e+00
2.089000001e-03 3.300000000e+00
2.089178064e-03 3.300000000e+00
2.089178065e-03 0.000000000e+00
2.090000000e-03 0.000000000e+00
2.090000001e-03 3.300000000e+00
2.090180064e-03 3.300000000e+00
2.090180065e-03 0.000000000e+00
2.091000000e-03 0.000000000e+00
2.091000001e-03 3.300000000e+00
2.091182064e-03 3.300000000e+00
2.091182065e-03 0.000000000e+00
2.092000000e-03 0.000000000e+00
2.092000001e-03 3.300000000e+00
2.092184063e-03 3.300000000e+00
2.092184064e-03 0.000000000e+00
2.093000000e-03 0.000000000e+00
2.093000001e-03 3.300000000e+00
2.093186063e-03 3.300000000e+00
2.093186064e-03 0.000000000e+00
2.094000000e-03 0.000000000e+00
2.094000001e-03 3.300000000e+00
2.094188062e-03 3.300000000e+00
2.094188063e-03 0.000000000e+00
2.095000000e-03 0.000000000e+00
2.095000001e-03 3.300000000e+00
2.095190062e-03 3.300000000e+00
2.095190063e-03 0.000000000e+00
2.096000000e-03 0.000000000e+00
2.096000001e-03 3.300000000e+00
2.096192062e-03 3.300000000e+00
2.096192063e-03 0.000000000e+00
2.097000000e-03 0.000000000e+00
2.097000001e-03 3.300000000e+00
2.097194061e-03 3.300000000e+00
2.097194062e-03 0.000000000e+00
2.098000000e-03 0.000000000e+00
2.098000001e-03 3.300000000e+00
2.098196061e-03 3.300000000e+00
2.098196062e-03 0.000000000e+00
2.099000000e-03 0.000000000e+00
2.099000001e-03 3.300000000e+00
2.099198060e-03 3.300000000e+00
2.099198061e-03 0.000000000e+00
2.100000000e-03 0.000000000e+00
2.100000001e-03 3.300000000e+00
2.100200060e-03 3.300000000e+00
2.100200061e-03 0.000000000e+00
2.101000000e-03 0.000000000e+00
2.101000001e-03 3.300000000e+00
2.101202060e-03 3.300000000e+00
2.101202061e-03 0.000000000e+00
2.102000000e-03 0.000000000e+00
2.102000001e-03 3.300000000e+00
2.102204059e-03 3.300000000e+00
2.102204060e-03 0.000000000e+00
2.103000000e-03 0.000000000e+00
2.103000001e-03 3.300000000e+00
2.103206059e-03 3.300000000e+00
2.103206060e-03 0.000000000e+00
2.104000000e-03 0.000000000e+00
2.104000001e-03 3.300000000e+00
2.104208058e-03 3.300000000e+00
2.104208059e-03 0.000000000e+00
2.105000000e-03 0.000000000e+00
2.105000001e-03 3.300000000e+00
2.105210058e-03 3.300000000e+00
2.105210059e-03 0.000000000e+00
2.106000000e-03 0.000000000e+00
2.106000001e-03 3.300000000e+00
2.106212058e-03 3.300000000e+00
2.106212059e-03 0.000000000e+00
2.107000000e-03 0.000000000e+00
2.107000001e-03 3.300000000e+00
2.107214057e-03 3.300000000e+00
2.107214058e-03 0.000000000e+00
2.108000000e-03 0.000000000e+00
2.108000001e-03 3.300000000e+00
2.108216057e-03 3.300000000e+00
2.108216058e-03 0.000000000e+00
2.109000000e-03 0.000000000e+00
2.109000001e-03 3.300000000e+00
2.109218056e-03 3.300000000e+00
2.109218057e-03 0.000000000e+00
2.110000000e-03 0.000000000e+00
2.110000001e-03 3.300000000e+00
2.110220056e-03 3.300000000e+00
2.110220057e-03 0.000000000e+00
2.111000000e-03 0.000000000e+00
2.111000001e-03 3.300000000e+00
2.111222056e-03 3.300000000e+00
2.111222057e-03 0.000000000e+00
2.112000000e-03 0.000000000e+00
2.112000001e-03 3.300000000e+00
2.112224055e-03 3.300000000e+00
2.112224056e-03 0.000000000e+00
2.113000000e-03 0.000000000e+00
2.113000001e-03 3.300000000e+00
2.113226055e-03 3.300000000e+00
2.113226056e-03 0.000000000e+00
2.114000000e-03 0.000000000e+00
2.114000001e-03 3.300000000e+00
2.114228054e-03 3.300000000e+00
2.114228055e-03 0.000000000e+00
2.115000000e-03 0.000000000e+00
2.115000001e-03 3.300000000e+00
2.115230054e-03 3.300000000e+00
2.115230055e-03 0.000000000e+00
2.116000000e-03 0.000000000e+00
2.116000001e-03 3.300000000e+00
2.116232054e-03 3.300000000e+00
2.116232055e-03 0.000000000e+00
2.117000000e-03 0.000000000e+00
2.117000001e-03 3.300000000e+00
2.117234053e-03 3.300000000e+00
2.117234054e-03 0.000000000e+00
2.118000000e-03 0.000000000e+00
2.118000001e-03 3.300000000e+00
2.118236053e-03 3.300000000e+00
2.118236054e-03 0.000000000e+00
2.119000000e-03 0.000000000e+00
2.119000001e-03 3.300000000e+00
2.119238052e-03 3.300000000e+00
2.119238053e-03 0.000000000e+00
2.120000000e-03 0.000000000e+00
2.120000001e-03 3.300000000e+00
2.120240052e-03 3.300000000e+00
2.120240053e-03 0.000000000e+00
2.121000000e-03 0.000000000e+00
2.121000001e-03 3.300000000e+00
2.121242052e-03 3.300000000e+00
2.121242053e-03 0.000000000e+00
2.122000000e-03 0.000000000e+00
2.122000001e-03 3.300000000e+00
2.122244051e-03 3.300000000e+00
2.122244052e-03 0.000000000e+00
2.123000000e-03 0.000000000e+00
2.123000001e-03 3.300000000e+00
2.123246051e-03 3.300000000e+00
2.123246052e-03 0.000000000e+00
2.124000000e-03 0.000000000e+00
2.124000001e-03 3.300000000e+00
2.124248050e-03 3.300000000e+00
2.124248051e-03 0.000000000e+00
2.125000000e-03 0.000000000e+00
2.125000001e-03 3.300000000e+00
2.125250050e-03 3.300000000e+00
2.125250051e-03 0.000000000e+00
2.126000000e-03 0.000000000e+00
2.126000001e-03 3.300000000e+00
2.126252050e-03 3.300000000e+00
2.126252051e-03 0.000000000e+00
2.127000000e-03 0.000000000e+00
2.127000001e-03 3.300000000e+00
2.127254049e-03 3.300000000e+00
2.127254050e-03 0.000000000e+00
2.128000000e-03 0.000000000e+00
2.128000001e-03 3.300000000e+00
2.128256049e-03 3.300000000e+00
2.128256050e-03 0.000000000e+00
2.129000000e-03 0.000000000e+00
2.129000001e-03 3.300000000e+00
2.129258048e-03 3.300000000e+00
2.129258049e-03 0.000000000e+00
2.130000000e-03 0.000000000e+00
2.130000001e-03 3.300000000e+00
2.130260048e-03 3.300000000e+00
2.130260049e-03 0.000000000e+00
2.131000000e-03 0.000000000e+00
2.131000001e-03 3.300000000e+00
2.131262048e-03 3.300000000e+00
2.131262049e-03 0.000000000e+00
2.132000000e-03 0.000000000e+00
2.132000001e-03 3.300000000e+00
2.132264047e-03 3.300000000e+00
2.132264048e-03 0.000000000e+00
2.133000000e-03 0.000000000e+00
2.133000001e-03 3.300000000e+00
2.133266047e-03 3.300000000e+00
2.133266048e-03 0.000000000e+00
2.134000000e-03 0.000000000e+00
2.134000001e-03 3.300000000e+00
2.134268046e-03 3.300000000e+00
2.134268047e-03 0.000000000e+00
2.135000000e-03 0.000000000e+00
2.135000001e-03 3.300000000e+00
2.135270046e-03 3.300000000e+00
2.135270047e-03 0.000000000e+00
2.136000000e-03 0.000000000e+00
2.136000001e-03 3.300000000e+00
2.136272046e-03 3.300000000e+00
2.136272047e-03 0.000000000e+00
2.137000000e-03 0.000000000e+00
2.137000001e-03 3.300000000e+00
2.137274045e-03 3.300000000e+00
2.137274046e-03 0.000000000e+00
2.138000000e-03 0.000000000e+00
2.138000001e-03 3.300000000e+00
2.138276045e-03 3.300000000e+00
2.138276046e-03 0.000000000e+00
2.139000000e-03 0.000000000e+00
2.139000001e-03 3.300000000e+00
2.139278044e-03 3.300000000e+00
2.139278045e-03 0.000000000e+00
2.140000000e-03 0.000000000e+00
2.140000001e-03 3.300000000e+00
2.140280044e-03 3.300000000e+00
2.140280045e-03 0.000000000e+00
2.141000000e-03 0.000000000e+00
2.141000001e-03 3.300000000e+00
2.141282044e-03 3.300000000e+00
2.141282045e-03 0.000000000e+00
2.142000000e-03 0.000000000e+00
2.142000001e-03 3.300000000e+00
2.142284043e-03 3.300000000e+00
2.142284044e-03 0.000000000e+00
2.143000000e-03 0.000000000e+00
2.143000001e-03 3.300000000e+00
2.143286043e-03 3.300000000e+00
2.143286044e-03 0.000000000e+00
2.144000000e-03 0.000000000e+00
2.144000001e-03 3.300000000e+00
2.144288042e-03 3.300000000e+00
2.144288043e-03 0.000000000e+00
2.145000000e-03 0.000000000e+00
2.145000001e-03 3.300000000e+00
2.145290042e-03 3.300000000e+00
2.145290043e-03 0.000000000e+00
2.146000000e-03 0.000000000e+00
2.146000001e-03 3.300000000e+00
2.146292042e-03 3.300000000e+00
2.146292043e-03 0.000000000e+00
2.147000000e-03 0.000000000e+00
2.147000001e-03 3.300000000e+00
2.147294041e-03 3.300000000e+00
2.147294042e-03 0.000000000e+00
2.148000000e-03 0.000000000e+00
2.148000001e-03 3.300000000e+00
2.148296041e-03 3.300000000e+00
2.148296042e-03 0.000000000e+00
2.149000000e-03 0.000000000e+00
2.149000001e-03 3.300000000e+00
2.149298040e-03 3.300000000e+00
2.149298041e-03 0.000000000e+00
2.150000000e-03 0.000000000e+00
2.150000001e-03 3.300000000e+00
2.150300040e-03 3.300000000e+00
2.150300041e-03 0.000000000e+00
2.151000000e-03 0.000000000e+00
2.151000001e-03 3.300000000e+00
2.151302040e-03 3.300000000e+00
2.151302041e-03 0.000000000e+00
2.152000000e-03 0.000000000e+00
2.152000001e-03 3.300000000e+00
2.152304039e-03 3.300000000e+00
2.152304040e-03 0.000000000e+00
2.153000000e-03 0.000000000e+00
2.153000001e-03 3.300000000e+00
2.153306039e-03 3.300000000e+00
2.153306040e-03 0.000000000e+00
2.154000000e-03 0.000000000e+00
2.154000001e-03 3.300000000e+00
2.154308038e-03 3.300000000e+00
2.154308039e-03 0.000000000e+00
2.155000000e-03 0.000000000e+00
2.155000001e-03 3.300000000e+00
2.155310038e-03 3.300000000e+00
2.155310039e-03 0.000000000e+00
2.156000000e-03 0.000000000e+00
2.156000001e-03 3.300000000e+00
2.156312038e-03 3.300000000e+00
2.156312039e-03 0.000000000e+00
2.157000000e-03 0.000000000e+00
2.157000001e-03 3.300000000e+00
2.157314037e-03 3.300000000e+00
2.157314038e-03 0.000000000e+00
2.158000000e-03 0.000000000e+00
2.158000001e-03 3.300000000e+00
2.158316037e-03 3.300000000e+00
2.158316038e-03 0.000000000e+00
2.159000000e-03 0.000000000e+00
2.159000001e-03 3.300000000e+00
2.159318036e-03 3.300000000e+00
2.159318037e-03 0.000000000e+00
2.160000000e-03 0.000000000e+00
2.160000001e-03 3.300000000e+00
2.160320036e-03 3.300000000e+00
2.160320037e-03 0.000000000e+00
2.161000000e-03 0.000000000e+00
2.161000001e-03 3.300000000e+00
2.161322036e-03 3.300000000e+00
2.161322037e-03 0.000000000e+00
2.162000000e-03 0.000000000e+00
2.162000001e-03 3.300000000e+00
2.162324035e-03 3.300000000e+00
2.162324036e-03 0.000000000e+00
2.163000000e-03 0.000000000e+00
2.163000001e-03 3.300000000e+00
2.163326035e-03 3.300000000e+00
2.163326036e-03 0.000000000e+00
2.164000000e-03 0.000000000e+00
2.164000001e-03 3.300000000e+00
2.164328034e-03 3.300000000e+00
2.164328035e-03 0.000000000e+00
2.165000000e-03 0.000000000e+00
2.165000001e-03 3.300000000e+00
2.165330034e-03 3.300000000e+00
2.165330035e-03 0.000000000e+00
2.166000000e-03 0.000000000e+00
2.166000001e-03 3.300000000e+00
2.166332034e-03 3.300000000e+00
2.166332035e-03 0.000000000e+00
2.167000000e-03 0.000000000e+00
2.167000001e-03 3.300000000e+00
2.167334033e-03 3.300000000e+00
2.167334034e-03 0.000000000e+00
2.168000000e-03 0.000000000e+00
2.168000001e-03 3.300000000e+00
2.168336033e-03 3.300000000e+00
2.168336034e-03 0.000000000e+00
2.169000000e-03 0.000000000e+00
2.169000001e-03 3.300000000e+00
2.169338032e-03 3.300000000e+00
2.169338033e-03 0.000000000e+00
2.170000000e-03 0.000000000e+00
2.170000001e-03 3.300000000e+00
2.170340032e-03 3.300000000e+00
2.170340033e-03 0.000000000e+00
2.171000000e-03 0.000000000e+00
2.171000001e-03 3.300000000e+00
2.171342032e-03 3.300000000e+00
2.171342033e-03 0.000000000e+00
2.172000000e-03 0.000000000e+00
2.172000001e-03 3.300000000e+00
2.172344031e-03 3.300000000e+00
2.172344032e-03 0.000000000e+00
2.173000000e-03 0.000000000e+00
2.173000001e-03 3.300000000e+00
2.173346031e-03 3.300000000e+00
2.173346032e-03 0.000000000e+00
2.174000000e-03 0.000000000e+00
2.174000001e-03 3.300000000e+00
2.174348030e-03 3.300000000e+00
2.174348031e-03 0.000000000e+00
2.175000000e-03 0.000000000e+00
2.175000001e-03 3.300000000e+00
2.175350030e-03 3.300000000e+00
2.175350031e-03 0.000000000e+00
2.176000000e-03 0.000000000e+00
2.176000001e-03 3.300000000e+00
2.176352030e-03 3.300000000e+00
2.176352031e-03 0.000000000e+00
2.177000000e-03 0.000000000e+00
2.177000001e-03 3.300000000e+00
2.177354029e-03 3.300000000e+00
2.177354030e-03 0.000000000e+00
2.178000000e-03 0.000000000e+00
2.178000001e-03 3.300000000e+00
2.178356029e-03 3.300000000e+00
2.178356030e-03 0.000000000e+00
2.179000000e-03 0.000000000e+00
2.179000001e-03 3.300000000e+00
2.179358028e-03 3.300000000e+00
2.179358029e-03 0.000000000e+00
2.180000000e-03 0.000000000e+00
2.180000001e-03 3.300000000e+00
2.180360028e-03 3.300000000e+00
2.180360029e-03 0.000000000e+00
2.181000000e-03 0.000000000e+00
2.181000001e-03 3.300000000e+00
2.181362028e-03 3.300000000e+00
2.181362029e-03 0.000000000e+00
2.182000000e-03 0.000000000e+00
2.182000001e-03 3.300000000e+00
2.182364027e-03 3.300000000e+00
2.182364028e-03 0.000000000e+00
2.183000000e-03 0.000000000e+00
2.183000001e-03 3.300000000e+00
2.183366027e-03 3.300000000e+00
2.183366028e-03 0.000000000e+00
2.184000000e-03 0.000000000e+00
2.184000001e-03 3.300000000e+00
2.184368026e-03 3.300000000e+00
2.184368027e-03 0.000000000e+00
2.185000000e-03 0.000000000e+00
2.185000001e-03 3.300000000e+00
2.185370026e-03 3.300000000e+00
2.185370027e-03 0.000000000e+00
2.186000000e-03 0.000000000e+00
2.186000001e-03 3.300000000e+00
2.186372026e-03 3.300000000e+00
2.186372027e-03 0.000000000e+00
2.187000000e-03 0.000000000e+00
2.187000001e-03 3.300000000e+00
2.187374025e-03 3.300000000e+00
2.187374026e-03 0.000000000e+00
2.188000000e-03 0.000000000e+00
2.188000001e-03 3.300000000e+00
2.188376025e-03 3.300000000e+00
2.188376026e-03 0.000000000e+00
2.189000000e-03 0.000000000e+00
2.189000001e-03 3.300000000e+00
2.189378024e-03 3.300000000e+00
2.189378025e-03 0.000000000e+00
2.190000000e-03 0.000000000e+00
2.190000001e-03 3.300000000e+00
2.190380024e-03 3.300000000e+00
2.190380025e-03 0.000000000e+00
2.191000000e-03 0.000000000e+00
2.191000001e-03 3.300000000e+00
2.191382024e-03 3.300000000e+00
2.191382025e-03 0.000000000e+00
2.192000000e-03 0.000000000e+00
2.192000001e-03 3.300000000e+00
2.192384023e-03 3.300000000e+00
2.192384024e-03 0.000000000e+00
2.193000000e-03 0.000000000e+00
2.193000001e-03 3.300000000e+00
2.193386023e-03 3.300000000e+00
2.193386024e-03 0.000000000e+00
2.194000000e-03 0.000000000e+00
2.194000001e-03 3.300000000e+00
2.194388022e-03 3.300000000e+00
2.194388023e-03 0.000000000e+00
2.195000000e-03 0.000000000e+00
2.195000001e-03 3.300000000e+00
2.195390022e-03 3.300000000e+00
2.195390023e-03 0.000000000e+00
2.196000000e-03 0.000000000e+00
2.196000001e-03 3.300000000e+00
2.196392022e-03 3.300000000e+00
2.196392023e-03 0.000000000e+00
2.197000000e-03 0.000000000e+00
2.197000001e-03 3.300000000e+00
2.197394021e-03 3.300000000e+00
2.197394022e-03 0.000000000e+00
2.198000000e-03 0.000000000e+00
2.198000001e-03 3.300000000e+00
2.198396021e-03 3.300000000e+00
2.198396022e-03 0.000000000e+00
2.199000000e-03 0.000000000e+00
2.199000001e-03 3.300000000e+00
2.199398020e-03 3.300000000e+00
2.199398021e-03 0.000000000e+00
2.200000000e-03 0.000000000e+00
2.200000001e-03 3.300000000e+00
2.200400020e-03 3.300000000e+00
2.200400021e-03 0.000000000e+00
2.201000000e-03 0.000000000e+00
2.201000001e-03 3.300000000e+00
2.201402020e-03 3.300000000e+00
2.201402021e-03 0.000000000e+00
2.202000000e-03 0.000000000e+00
2.202000001e-03 3.300000000e+00
2.202404019e-03 3.300000000e+00
2.202404020e-03 0.000000000e+00
2.203000000e-03 0.000000000e+00
2.203000001e-03 3.300000000e+00
2.203406019e-03 3.300000000e+00
2.203406020e-03 0.000000000e+00
2.204000000e-03 0.000000000e+00
2.204000001e-03 3.300000000e+00
2.204408018e-03 3.300000000e+00
2.204408019e-03 0.000000000e+00
2.205000000e-03 0.000000000e+00
2.205000001e-03 3.300000000e+00
2.205410018e-03 3.300000000e+00
2.205410019e-03 0.000000000e+00
2.206000000e-03 0.000000000e+00
2.206000001e-03 3.300000000e+00
2.206412018e-03 3.300000000e+00
2.206412019e-03 0.000000000e+00
2.207000000e-03 0.000000000e+00
2.207000001e-03 3.300000000e+00
2.207414017e-03 3.300000000e+00
2.207414018e-03 0.000000000e+00
2.208000000e-03 0.000000000e+00
2.208000001e-03 3.300000000e+00
2.208416017e-03 3.300000000e+00
2.208416018e-03 0.000000000e+00
2.209000000e-03 0.000000000e+00
2.209000001e-03 3.300000000e+00
2.209418016e-03 3.300000000e+00
2.209418017e-03 0.000000000e+00
2.210000000e-03 0.000000000e+00
2.210000001e-03 3.300000000e+00
2.210420016e-03 3.300000000e+00
2.210420017e-03 0.000000000e+00
2.211000000e-03 0.000000000e+00
2.211000001e-03 3.300000000e+00
2.211422016e-03 3.300000000e+00
2.211422017e-03 0.000000000e+00
2.212000000e-03 0.000000000e+00
2.212000001e-03 3.300000000e+00
2.212424015e-03 3.300000000e+00
2.212424016e-03 0.000000000e+00
2.213000000e-03 0.000000000e+00
2.213000001e-03 3.300000000e+00
2.213426015e-03 3.300000000e+00
2.213426016e-03 0.000000000e+00
2.214000000e-03 0.000000000e+00
2.214000001e-03 3.300000000e+00
2.214428014e-03 3.300000000e+00
2.214428015e-03 0.000000000e+00
2.215000000e-03 0.000000000e+00
2.215000001e-03 3.300000000e+00
2.215430014e-03 3.300000000e+00
2.215430015e-03 0.000000000e+00
2.216000000e-03 0.000000000e+00
2.216000001e-03 3.300000000e+00
2.216432014e-03 3.300000000e+00
2.216432015e-03 0.000000000e+00
2.217000000e-03 0.000000000e+00
2.217000001e-03 3.300000000e+00
2.217434013e-03 3.300000000e+00
2.217434014e-03 0.000000000e+00
2.218000000e-03 0.000000000e+00
2.218000001e-03 3.300000000e+00
2.218436013e-03 3.300000000e+00
2.218436014e-03 0.000000000e+00
2.219000000e-03 0.000000000e+00
2.219000001e-03 3.300000000e+00
2.219438012e-03 3.300000000e+00
2.219438013e-03 0.000000000e+00
2.220000000e-03 0.000000000e+00
2.220000001e-03 3.300000000e+00
2.220440012e-03 3.300000000e+00
2.220440013e-03 0.000000000e+00
2.221000000e-03 0.000000000e+00
2.221000001e-03 3.300000000e+00
2.221442012e-03 3.300000000e+00
2.221442013e-03 0.000000000e+00
2.222000000e-03 0.000000000e+00
2.222000001e-03 3.300000000e+00
2.222444011e-03 3.300000000e+00
2.222444012e-03 0.000000000e+00
2.223000000e-03 0.000000000e+00
2.223000001e-03 3.300000000e+00
2.223446011e-03 3.300000000e+00
2.223446012e-03 0.000000000e+00
2.224000000e-03 0.000000000e+00
2.224000001e-03 3.300000000e+00
2.224448010e-03 3.300000000e+00
2.224448011e-03 0.000000000e+00
2.225000000e-03 0.000000000e+00
2.225000001e-03 3.300000000e+00
2.225450010e-03 3.300000000e+00
2.225450011e-03 0.000000000e+00
2.226000000e-03 0.000000000e+00
2.226000001e-03 3.300000000e+00
2.226452010e-03 3.300000000e+00
2.226452011e-03 0.000000000e+00
2.227000000e-03 0.000000000e+00
2.227000001e-03 3.300000000e+00
2.227454009e-03 3.300000000e+00
2.227454010e-03 0.000000000e+00
2.228000000e-03 0.000000000e+00
2.228000001e-03 3.300000000e+00
2.228456009e-03 3.300000000e+00
2.228456010e-03 0.000000000e+00
2.229000000e-03 0.000000000e+00
2.229000001e-03 3.300000000e+00
2.229458008e-03 3.300000000e+00
2.229458009e-03 0.000000000e+00
2.230000000e-03 0.000000000e+00
2.230000001e-03 3.300000000e+00
2.230460008e-03 3.300000000e+00
2.230460009e-03 0.000000000e+00
2.231000000e-03 0.000000000e+00
2.231000001e-03 3.300000000e+00
2.231462008e-03 3.300000000e+00
2.231462009e-03 0.000000000e+00
2.232000000e-03 0.000000000e+00
2.232000001e-03 3.300000000e+00
2.232464007e-03 3.300000000e+00
2.232464008e-03 0.000000000e+00
2.233000000e-03 0.000000000e+00
2.233000001e-03 3.300000000e+00
2.233466007e-03 3.300000000e+00
2.233466008e-03 0.000000000e+00
2.234000000e-03 0.000000000e+00
2.234000001e-03 3.300000000e+00
2.234468006e-03 3.300000000e+00
2.234468007e-03 0.000000000e+00
2.235000000e-03 0.000000000e+00
2.235000001e-03 3.300000000e+00
2.235470006e-03 3.300000000e+00
2.235470007e-03 0.000000000e+00
2.236000000e-03 0.000000000e+00
2.236000001e-03 3.300000000e+00
2.236472006e-03 3.300000000e+00
2.236472007e-03 0.000000000e+00
2.237000000e-03 0.000000000e+00
2.237000001e-03 3.300000000e+00
2.237474005e-03 3.300000000e+00
2.237474006e-03 0.000000000e+00
2.238000000e-03 0.000000000e+00
2.238000001e-03 3.300000000e+00
2.238476005e-03 3.300000000e+00
2.238476006e-03 0.000000000e+00
2.239000000e-03 0.000000000e+00
2.239000001e-03 3.300000000e+00
2.239478004e-03 3.300000000e+00
2.239478005e-03 0.000000000e+00
2.240000000e-03 0.000000000e+00
2.240000001e-03 3.300000000e+00
2.240480004e-03 3.300000000e+00
2.240480005e-03 0.000000000e+00
2.241000000e-03 0.000000000e+00
2.241000001e-03 3.300000000e+00
2.241482004e-03 3.300000000e+00
2.241482005e-03 0.000000000e+00
2.242000000e-03 0.000000000e+00
2.242000001e-03 3.300000000e+00
2.242484003e-03 3.300000000e+00
2.242484004e-03 0.000000000e+00
2.243000000e-03 0.000000000e+00
2.243000001e-03 3.300000000e+00
2.243486003e-03 3.300000000e+00
2.243486004e-03 0.000000000e+00
2.244000000e-03 0.000000000e+00
2.244000001e-03 3.300000000e+00
2.244488002e-03 3.300000000e+00
2.244488003e-03 0.000000000e+00
2.245000000e-03 0.000000000e+00
2.245000001e-03 3.300000000e+00
2.245490002e-03 3.300000000e+00
2.245490003e-03 0.000000000e+00
2.246000000e-03 0.000000000e+00
2.246000001e-03 3.300000000e+00
2.246492002e-03 3.300000000e+00
2.246492003e-03 0.000000000e+00
2.247000000e-03 0.000000000e+00
2.247000001e-03 3.300000000e+00
2.247494001e-03 3.300000000e+00
2.247494002e-03 0.000000000e+00
2.248000000e-03 0.000000000e+00
2.248000001e-03 3.300000000e+00
2.248496001e-03 3.300000000e+00
2.248496002e-03 0.000000000e+00
2.249000000e-03 0.000000000e+00
2.249000001e-03 3.300000000e+00
2.249498000e-03 3.300000000e+00
2.249498001e-03 0.000000000e+00
2.250000000e-03 0.000000000e+00
2.250000001e-03 3.300000000e+00
2.250500000e-03 3.300000000e+00
2.250500001e-03 0.000000000e+00
2.251000000e-03 0.000000000e+00
2.251000001e-03 3.300000000e+00
2.251502000e-03 3.300000000e+00
2.251502001e-03 0.000000000e+00
2.252000000e-03 0.000000000e+00
2.252000001e-03 3.300000000e+00
2.252503999e-03 3.300000000e+00
2.252504000e-03 0.000000000e+00
2.253000000e-03 0.000000000e+00
2.253000001e-03 3.300000000e+00
2.253505999e-03 3.300000000e+00
2.253506000e-03 0.000000000e+00
2.254000000e-03 0.000000000e+00
2.254000001e-03 3.300000000e+00
2.254507998e-03 3.300000000e+00
2.254507999e-03 0.000000000e+00
2.255000000e-03 0.000000000e+00
2.255000001e-03 3.300000000e+00
2.255509998e-03 3.300000000e+00
2.255509999e-03 0.000000000e+00
2.256000000e-03 0.000000000e+00
2.256000001e-03 3.300000000e+00
2.256511998e-03 3.300000000e+00
2.256511999e-03 0.000000000e+00
2.257000000e-03 0.000000000e+00
2.257000001e-03 3.300000000e+00
2.257513997e-03 3.300000000e+00
2.257513998e-03 0.000000000e+00
2.258000000e-03 0.000000000e+00
2.258000001e-03 3.300000000e+00
2.258515997e-03 3.300000000e+00
2.258515998e-03 0.000000000e+00
2.259000000e-03 0.000000000e+00
2.259000001e-03 3.300000000e+00
2.259517996e-03 3.300000000e+00
2.259517997e-03 0.000000000e+00
2.260000000e-03 0.000000000e+00
2.260000001e-03 3.300000000e+00
2.260519996e-03 3.300000000e+00
2.260519997e-03 0.000000000e+00
2.261000000e-03 0.000000000e+00
2.261000001e-03 3.300000000e+00
2.261521996e-03 3.300000000e+00
2.261521997e-03 0.000000000e+00
2.262000000e-03 0.000000000e+00
2.262000001e-03 3.300000000e+00
2.262523995e-03 3.300000000e+00
2.262523996e-03 0.000000000e+00
2.263000000e-03 0.000000000e+00
2.263000001e-03 3.300000000e+00
2.263525995e-03 3.300000000e+00
2.263525996e-03 0.000000000e+00
2.264000000e-03 0.000000000e+00
2.264000001e-03 3.300000000e+00
2.264527994e-03 3.300000000e+00
2.264527995e-03 0.000000000e+00
2.265000000e-03 0.000000000e+00
2.265000001e-03 3.300000000e+00
2.265529994e-03 3.300000000e+00
2.265529995e-03 0.000000000e+00
2.266000000e-03 0.000000000e+00
2.266000001e-03 3.300000000e+00
2.266531994e-03 3.300000000e+00
2.266531995e-03 0.000000000e+00
2.267000000e-03 0.000000000e+00
2.267000001e-03 3.300000000e+00
2.267533993e-03 3.300000000e+00
2.267533994e-03 0.000000000e+00
2.268000000e-03 0.000000000e+00
2.268000001e-03 3.300000000e+00
2.268535993e-03 3.300000000e+00
2.268535994e-03 0.000000000e+00
2.269000000e-03 0.000000000e+00
2.269000001e-03 3.300000000e+00
2.269537992e-03 3.300000000e+00
2.269537993e-03 0.000000000e+00
2.270000000e-03 0.000000000e+00
2.270000001e-03 3.300000000e+00
2.270539992e-03 3.300000000e+00
2.270539993e-03 0.000000000e+00
2.271000000e-03 0.000000000e+00
2.271000001e-03 3.300000000e+00
2.271541992e-03 3.300000000e+00
2.271541993e-03 0.000000000e+00
2.272000000e-03 0.000000000e+00
2.272000001e-03 3.300000000e+00
2.272543991e-03 3.300000000e+00
2.272543992e-03 0.000000000e+00
2.273000000e-03 0.000000000e+00
2.273000001e-03 3.300000000e+00
2.273545991e-03 3.300000000e+00
2.273545992e-03 0.000000000e+00
2.274000000e-03 0.000000000e+00
2.274000001e-03 3.300000000e+00
2.274547990e-03 3.300000000e+00
2.274547991e-03 0.000000000e+00
2.275000000e-03 0.000000000e+00
2.275000001e-03 3.300000000e+00
2.275549990e-03 3.300000000e+00
2.275549991e-03 0.000000000e+00
2.276000000e-03 0.000000000e+00
2.276000001e-03 3.300000000e+00
2.276551990e-03 3.300000000e+00
2.276551991e-03 0.000000000e+00
2.277000000e-03 0.000000000e+00
2.277000001e-03 3.300000000e+00
2.277553989e-03 3.300000000e+00
2.277553990e-03 0.000000000e+00
2.278000000e-03 0.000000000e+00
2.278000001e-03 3.300000000e+00
2.278555989e-03 3.300000000e+00
2.278555990e-03 0.000000000e+00
2.279000000e-03 0.000000000e+00
2.279000001e-03 3.300000000e+00
2.279557988e-03 3.300000000e+00
2.279557989e-03 0.000000000e+00
2.280000000e-03 0.000000000e+00
2.280000001e-03 3.300000000e+00
2.280559988e-03 3.300000000e+00
2.280559989e-03 0.000000000e+00
2.281000000e-03 0.000000000e+00
2.281000001e-03 3.300000000e+00
2.281561988e-03 3.300000000e+00
2.281561989e-03 0.000000000e+00
2.282000000e-03 0.000000000e+00
2.282000001e-03 3.300000000e+00
2.282563987e-03 3.300000000e+00
2.282563988e-03 0.000000000e+00
2.283000000e-03 0.000000000e+00
2.283000001e-03 3.300000000e+00
2.283565987e-03 3.300000000e+00
2.283565988e-03 0.000000000e+00
2.284000000e-03 0.000000000e+00
2.284000001e-03 3.300000000e+00
2.284567986e-03 3.300000000e+00
2.284567987e-03 0.000000000e+00
2.285000000e-03 0.000000000e+00
2.285000001e-03 3.300000000e+00
2.285569986e-03 3.300000000e+00
2.285569987e-03 0.000000000e+00
2.286000000e-03 0.000000000e+00
2.286000001e-03 3.300000000e+00
2.286571986e-03 3.300000000e+00
2.286571987e-03 0.000000000e+00
2.287000000e-03 0.000000000e+00
2.287000001e-03 3.300000000e+00
2.287573985e-03 3.300000000e+00
2.287573986e-03 0.000000000e+00
2.288000000e-03 0.000000000e+00
2.288000001e-03 3.300000000e+00
2.288575985e-03 3.300000000e+00
2.288575986e-03 0.000000000e+00
2.289000000e-03 0.000000000e+00
2.289000001e-03 3.300000000e+00
2.289577984e-03 3.300000000e+00
2.289577985e-03 0.000000000e+00
2.290000000e-03 0.000000000e+00
2.290000001e-03 3.300000000e+00
2.290579984e-03 3.300000000e+00
2.290579985e-03 0.000000000e+00
2.291000000e-03 0.000000000e+00
2.291000001e-03 3.300000000e+00
2.291581984e-03 3.300000000e+00
2.291581985e-03 0.000000000e+00
2.292000000e-03 0.000000000e+00
2.292000001e-03 3.300000000e+00
2.292583983e-03 3.300000000e+00
2.292583984e-03 0.000000000e+00
2.293000000e-03 0.000000000e+00
2.293000001e-03 3.300000000e+00
2.293585983e-03 3.300000000e+00
2.293585984e-03 0.000000000e+00
2.294000000e-03 0.000000000e+00
2.294000001e-03 3.300000000e+00
2.294587982e-03 3.300000000e+00
2.294587983e-03 0.000000000e+00
2.295000000e-03 0.000000000e+00
2.295000001e-03 3.300000000e+00
2.295589982e-03 3.300000000e+00
2.295589983e-03 0.000000000e+00
2.296000000e-03 0.000000000e+00
2.296000001e-03 3.300000000e+00
2.296591982e-03 3.300000000e+00
2.296591983e-03 0.000000000e+00
2.297000000e-03 0.000000000e+00
2.297000001e-03 3.300000000e+00
2.297593981e-03 3.300000000e+00
2.297593982e-03 0.000000000e+00
2.298000000e-03 0.000000000e+00
2.298000001e-03 3.300000000e+00
2.298595981e-03 3.300000000e+00
2.298595982e-03 0.000000000e+00
2.299000000e-03 0.000000000e+00
2.299000001e-03 3.300000000e+00
2.299597980e-03 3.300000000e+00
2.299597981e-03 0.000000000e+00
2.300000000e-03 0.000000000e+00
2.300000001e-03 3.300000000e+00
2.300599980e-03 3.300000000e+00
2.300599981e-03 0.000000000e+00
2.301000000e-03 0.000000000e+00
2.301000001e-03 3.300000000e+00
2.301601980e-03 3.300000000e+00
2.301601981e-03 0.000000000e+00
2.302000000e-03 0.000000000e+00
2.302000001e-03 3.300000000e+00
2.302603979e-03 3.300000000e+00
2.302603980e-03 0.000000000e+00
2.303000000e-03 0.000000000e+00
2.303000001e-03 3.300000000e+00
2.303605979e-03 3.300000000e+00
2.303605980e-03 0.000000000e+00
2.304000000e-03 0.000000000e+00
2.304000001e-03 3.300000000e+00
2.304607978e-03 3.300000000e+00
2.304607979e-03 0.000000000e+00
2.305000000e-03 0.000000000e+00
2.305000001e-03 3.300000000e+00
2.305609978e-03 3.300000000e+00
2.305609979e-03 0.000000000e+00
2.306000000e-03 0.000000000e+00
2.306000001e-03 3.300000000e+00
2.306611978e-03 3.300000000e+00
2.306611979e-03 0.000000000e+00
2.307000000e-03 0.000000000e+00
2.307000001e-03 3.300000000e+00
2.307613977e-03 3.300000000e+00
2.307613978e-03 0.000000000e+00
2.308000000e-03 0.000000000e+00
2.308000001e-03 3.300000000e+00
2.308615977e-03 3.300000000e+00
2.308615978e-03 0.000000000e+00
2.309000000e-03 0.000000000e+00
2.309000001e-03 3.300000000e+00
2.309617976e-03 3.300000000e+00
2.309617977e-03 0.000000000e+00
2.310000000e-03 0.000000000e+00
2.310000001e-03 3.300000000e+00
2.310619976e-03 3.300000000e+00
2.310619977e-03 0.000000000e+00
2.311000000e-03 0.000000000e+00
2.311000001e-03 3.300000000e+00
2.311621976e-03 3.300000000e+00
2.311621977e-03 0.000000000e+00
2.312000000e-03 0.000000000e+00
2.312000001e-03 3.300000000e+00
2.312623975e-03 3.300000000e+00
2.312623976e-03 0.000000000e+00
2.313000000e-03 0.000000000e+00
2.313000001e-03 3.300000000e+00
2.313625975e-03 3.300000000e+00
2.313625976e-03 0.000000000e+00
2.314000000e-03 0.000000000e+00
2.314000001e-03 3.300000000e+00
2.314627974e-03 3.300000000e+00
2.314627975e-03 0.000000000e+00
2.315000000e-03 0.000000000e+00
2.315000001e-03 3.300000000e+00
2.315629974e-03 3.300000000e+00
2.315629975e-03 0.000000000e+00
2.316000000e-03 0.000000000e+00
2.316000001e-03 3.300000000e+00
2.316631974e-03 3.300000000e+00
2.316631975e-03 0.000000000e+00
2.317000000e-03 0.000000000e+00
2.317000001e-03 3.300000000e+00
2.317633973e-03 3.300000000e+00
2.317633974e-03 0.000000000e+00
2.318000000e-03 0.000000000e+00
2.318000001e-03 3.300000000e+00
2.318635973e-03 3.300000000e+00
2.318635974e-03 0.000000000e+00
2.319000000e-03 0.000000000e+00
2.319000001e-03 3.300000000e+00
2.319637972e-03 3.300000000e+00
2.319637973e-03 0.000000000e+00
2.320000000e-03 0.000000000e+00
2.320000001e-03 3.300000000e+00
2.320639972e-03 3.300000000e+00
2.320639973e-03 0.000000000e+00
2.321000000e-03 0.000000000e+00
2.321000001e-03 3.300000000e+00
2.321641972e-03 3.300000000e+00
2.321641973e-03 0.000000000e+00
2.322000000e-03 0.000000000e+00
2.322000001e-03 3.300000000e+00
2.322643971e-03 3.300000000e+00
2.322643972e-03 0.000000000e+00
2.323000000e-03 0.000000000e+00
2.323000001e-03 3.300000000e+00
2.323645971e-03 3.300000000e+00
2.323645972e-03 0.000000000e+00
2.324000000e-03 0.000000000e+00
2.324000001e-03 3.300000000e+00
2.324647970e-03 3.300000000e+00
2.324647971e-03 0.000000000e+00
2.325000000e-03 0.000000000e+00
2.325000001e-03 3.300000000e+00
2.325649970e-03 3.300000000e+00
2.325649971e-03 0.000000000e+00
2.326000000e-03 0.000000000e+00
2.326000001e-03 3.300000000e+00
2.326651970e-03 3.300000000e+00
2.326651971e-03 0.000000000e+00
2.327000000e-03 0.000000000e+00
2.327000001e-03 3.300000000e+00
2.327653969e-03 3.300000000e+00
2.327653970e-03 0.000000000e+00
2.328000000e-03 0.000000000e+00
2.328000001e-03 3.300000000e+00
2.328655969e-03 3.300000000e+00
2.328655970e-03 0.000000000e+00
2.329000000e-03 0.000000000e+00
2.329000001e-03 3.300000000e+00
2.329657968e-03 3.300000000e+00
2.329657969e-03 0.000000000e+00
2.330000000e-03 0.000000000e+00
2.330000001e-03 3.300000000e+00
2.330659968e-03 3.300000000e+00
2.330659969e-03 0.000000000e+00
2.331000000e-03 0.000000000e+00
2.331000001e-03 3.300000000e+00
2.331661968e-03 3.300000000e+00
2.331661969e-03 0.000000000e+00
2.332000000e-03 0.000000000e+00
2.332000001e-03 3.300000000e+00
2.332663967e-03 3.300000000e+00
2.332663968e-03 0.000000000e+00
2.333000000e-03 0.000000000e+00
2.333000001e-03 3.300000000e+00
2.333665967e-03 3.300000000e+00
2.333665968e-03 0.000000000e+00
2.334000000e-03 0.000000000e+00
2.334000001e-03 3.300000000e+00
2.334667966e-03 3.300000000e+00
2.334667967e-03 0.000000000e+00
2.335000000e-03 0.000000000e+00
2.335000001e-03 3.300000000e+00
2.335669966e-03 3.300000000e+00
2.335669967e-03 0.000000000e+00
2.336000000e-03 0.000000000e+00
2.336000001e-03 3.300000000e+00
2.336671966e-03 3.300000000e+00
2.336671967e-03 0.000000000e+00
2.337000000e-03 0.000000000e+00
2.337000001e-03 3.300000000e+00
2.337673965e-03 3.300000000e+00
2.337673966e-03 0.000000000e+00
2.338000000e-03 0.000000000e+00
2.338000001e-03 3.300000000e+00
2.338675965e-03 3.300000000e+00
2.338675966e-03 0.000000000e+00
2.339000000e-03 0.000000000e+00
2.339000001e-03 3.300000000e+00
2.339677964e-03 3.300000000e+00
2.339677965e-03 0.000000000e+00
2.340000000e-03 0.000000000e+00
2.340000001e-03 3.300000000e+00
2.340679964e-03 3.300000000e+00
2.340679965e-03 0.000000000e+00
2.341000000e-03 0.000000000e+00
2.341000001e-03 3.300000000e+00
2.341681964e-03 3.300000000e+00
2.341681965e-03 0.000000000e+00
2.342000000e-03 0.000000000e+00
2.342000001e-03 3.300000000e+00
2.342683963e-03 3.300000000e+00
2.342683964e-03 0.000000000e+00
2.343000000e-03 0.000000000e+00
2.343000001e-03 3.300000000e+00
2.343685963e-03 3.300000000e+00
2.343685964e-03 0.000000000e+00
2.344000000e-03 0.000000000e+00
2.344000001e-03 3.300000000e+00
2.344687962e-03 3.300000000e+00
2.344687963e-03 0.000000000e+00
2.345000000e-03 0.000000000e+00
2.345000001e-03 3.300000000e+00
2.345689962e-03 3.300000000e+00
2.345689963e-03 0.000000000e+00
2.346000000e-03 0.000000000e+00
2.346000001e-03 3.300000000e+00
2.346691962e-03 3.300000000e+00
2.346691963e-03 0.000000000e+00
2.347000000e-03 0.000000000e+00
2.347000001e-03 3.300000000e+00
2.347693961e-03 3.300000000e+00
2.347693962e-03 0.000000000e+00
2.348000000e-03 0.000000000e+00
2.348000001e-03 3.300000000e+00
2.348695961e-03 3.300000000e+00
2.348695962e-03 0.000000000e+00
2.349000000e-03 0.000000000e+00
2.349000001e-03 3.300000000e+00
2.349697960e-03 3.300000000e+00
2.349697961e-03 0.000000000e+00
2.350000000e-03 0.000000000e+00
2.350000001e-03 3.300000000e+00
2.350699960e-03 3.300000000e+00
2.350699961e-03 0.000000000e+00
2.351000000e-03 0.000000000e+00
2.351000001e-03 3.300000000e+00
2.351701960e-03 3.300000000e+00
2.351701961e-03 0.000000000e+00
2.352000000e-03 0.000000000e+00
2.352000001e-03 3.300000000e+00
2.352703959e-03 3.300000000e+00
2.352703960e-03 0.000000000e+00
2.353000000e-03 0.000000000e+00
2.353000001e-03 3.300000000e+00
2.353705959e-03 3.300000000e+00
2.353705960e-03 0.000000000e+00
2.354000000e-03 0.000000000e+00
2.354000001e-03 3.300000000e+00
2.354707958e-03 3.300000000e+00
2.354707959e-03 0.000000000e+00
2.355000000e-03 0.000000000e+00
2.355000001e-03 3.300000000e+00
2.355709958e-03 3.300000000e+00
2.355709959e-03 0.000000000e+00
2.356000000e-03 0.000000000e+00
2.356000001e-03 3.300000000e+00
2.356711958e-03 3.300000000e+00
2.356711959e-03 0.000000000e+00
2.357000000e-03 0.000000000e+00
2.357000001e-03 3.300000000e+00
2.357713957e-03 3.300000000e+00
2.357713958e-03 0.000000000e+00
2.358000000e-03 0.000000000e+00
2.358000001e-03 3.300000000e+00
2.358715957e-03 3.300000000e+00
2.358715958e-03 0.000000000e+00
2.359000000e-03 0.000000000e+00
2.359000001e-03 3.300000000e+00
2.359717956e-03 3.300000000e+00
2.359717957e-03 0.000000000e+00
2.360000000e-03 0.000000000e+00
2.360000001e-03 3.300000000e+00
2.360719956e-03 3.300000000e+00
2.360719957e-03 0.000000000e+00
2.361000000e-03 0.000000000e+00
2.361000001e-03 3.300000000e+00
2.361721956e-03 3.300000000e+00
2.361721957e-03 0.000000000e+00
2.362000000e-03 0.000000000e+00
2.362000001e-03 3.300000000e+00
2.362723955e-03 3.300000000e+00
2.362723956e-03 0.000000000e+00
2.363000000e-03 0.000000000e+00
2.363000001e-03 3.300000000e+00
2.363725955e-03 3.300000000e+00
2.363725956e-03 0.000000000e+00
2.364000000e-03 0.000000000e+00
2.364000001e-03 3.300000000e+00
2.364727954e-03 3.300000000e+00
2.364727955e-03 0.000000000e+00
2.365000000e-03 0.000000000e+00
2.365000001e-03 3.300000000e+00
2.365729954e-03 3.300000000e+00
2.365729955e-03 0.000000000e+00
2.366000000e-03 0.000000000e+00
2.366000001e-03 3.300000000e+00
2.366731954e-03 3.300000000e+00
2.366731955e-03 0.000000000e+00
2.367000000e-03 0.000000000e+00
2.367000001e-03 3.300000000e+00
2.367733953e-03 3.300000000e+00
2.367733954e-03 0.000000000e+00
2.368000000e-03 0.000000000e+00
2.368000001e-03 3.300000000e+00
2.368735953e-03 3.300000000e+00
2.368735954e-03 0.000000000e+00
2.369000000e-03 0.000000000e+00
2.369000001e-03 3.300000000e+00
2.369737952e-03 3.300000000e+00
2.369737953e-03 0.000000000e+00
2.370000000e-03 0.000000000e+00
2.370000001e-03 3.300000000e+00
2.370739952e-03 3.300000000e+00
2.370739953e-03 0.000000000e+00
2.371000000e-03 0.000000000e+00
2.371000001e-03 3.300000000e+00
2.371741952e-03 3.300000000e+00
2.371741953e-03 0.000000000e+00
2.372000000e-03 0.000000000e+00
2.372000001e-03 3.300000000e+00
2.372743951e-03 3.300000000e+00
2.372743952e-03 0.000000000e+00
2.373000000e-03 0.000000000e+00
2.373000001e-03 3.300000000e+00
2.373745951e-03 3.300000000e+00
2.373745952e-03 0.000000000e+00
2.374000000e-03 0.000000000e+00
2.374000001e-03 3.300000000e+00
2.374747950e-03 3.300000000e+00
2.374747951e-03 0.000000000e+00
2.375000000e-03 0.000000000e+00
2.375000001e-03 3.300000000e+00
2.375749950e-03 3.300000000e+00
2.375749951e-03 0.000000000e+00
2.376000000e-03 0.000000000e+00
2.376000001e-03 3.300000000e+00
2.376751950e-03 3.300000000e+00
2.376751951e-03 0.000000000e+00
2.377000000e-03 0.000000000e+00
2.377000001e-03 3.300000000e+00
2.377753949e-03 3.300000000e+00
2.377753950e-03 0.000000000e+00
2.378000000e-03 0.000000000e+00
2.378000001e-03 3.300000000e+00
2.378755949e-03 3.300000000e+00
2.378755950e-03 0.000000000e+00
2.379000000e-03 0.000000000e+00
2.379000001e-03 3.300000000e+00
2.379757948e-03 3.300000000e+00
2.379757949e-03 0.000000000e+00
2.380000000e-03 0.000000000e+00
2.380000001e-03 3.300000000e+00
2.380759948e-03 3.300000000e+00
2.380759949e-03 0.000000000e+00
2.381000000e-03 0.000000000e+00
2.381000001e-03 3.300000000e+00
2.381761948e-03 3.300000000e+00
2.381761949e-03 0.000000000e+00
2.382000000e-03 0.000000000e+00
2.382000001e-03 3.300000000e+00
2.382763947e-03 3.300000000e+00
2.382763948e-03 0.000000000e+00
2.383000000e-03 0.000000000e+00
2.383000001e-03 3.300000000e+00
2.383765947e-03 3.300000000e+00
2.383765948e-03 0.000000000e+00
2.384000000e-03 0.000000000e+00
2.384000001e-03 3.300000000e+00
2.384767946e-03 3.300000000e+00
2.384767947e-03 0.000000000e+00
2.385000000e-03 0.000000000e+00
2.385000001e-03 3.300000000e+00
2.385769946e-03 3.300000000e+00
2.385769947e-03 0.000000000e+00
2.386000000e-03 0.000000000e+00
2.386000001e-03 3.300000000e+00
2.386771946e-03 3.300000000e+00
2.386771947e-03 0.000000000e+00
2.387000000e-03 0.000000000e+00
2.387000001e-03 3.300000000e+00
2.387773945e-03 3.300000000e+00
2.387773946e-03 0.000000000e+00
2.388000000e-03 0.000000000e+00
2.388000001e-03 3.300000000e+00
2.388775945e-03 3.300000000e+00
2.388775946e-03 0.000000000e+00
2.389000000e-03 0.000000000e+00
2.389000001e-03 3.300000000e+00
2.389777944e-03 3.300000000e+00
2.389777945e-03 0.000000000e+00
2.390000000e-03 0.000000000e+00
2.390000001e-03 3.300000000e+00
2.390779944e-03 3.300000000e+00
2.390779945e-03 0.000000000e+00
2.391000000e-03 0.000000000e+00
2.391000001e-03 3.300000000e+00
2.391781944e-03 3.300000000e+00
2.391781945e-03 0.000000000e+00
2.392000000e-03 0.000000000e+00
2.392000001e-03 3.300000000e+00
2.392783943e-03 3.300000000e+00
2.392783944e-03 0.000000000e+00
2.393000000e-03 0.000000000e+00
2.393000001e-03 3.300000000e+00
2.393785943e-03 3.300000000e+00
2.393785944e-03 0.000000000e+00
2.394000000e-03 0.000000000e+00
2.394000001e-03 3.300000000e+00
2.394787942e-03 3.300000000e+00
2.394787943e-03 0.000000000e+00
2.395000000e-03 0.000000000e+00
2.395000001e-03 3.300000000e+00
2.395789942e-03 3.300000000e+00
2.395789943e-03 0.000000000e+00
2.396000000e-03 0.000000000e+00
2.396000001e-03 3.300000000e+00
2.396791942e-03 3.300000000e+00
2.396791943e-03 0.000000000e+00
2.397000000e-03 0.000000000e+00
2.397000001e-03 3.300000000e+00
2.397793941e-03 3.300000000e+00
2.397793942e-03 0.000000000e+00
2.398000000e-03 0.000000000e+00
2.398000001e-03 3.300000000e+00
2.398795941e-03 3.300000000e+00
2.398795942e-03 0.000000000e+00
2.399000000e-03 0.000000000e+00
2.399000001e-03 3.300000000e+00
2.399797940e-03 3.300000000e+00
2.399797941e-03 0.000000000e+00
2.400000000e-03 0.000000000e+00
2.400000001e-03 3.300000000e+00
2.400799940e-03 3.300000000e+00
2.400799941e-03 0.000000000e+00
2.401000000e-03 0.000000000e+00
2.401000001e-03 3.300000000e+00
2.401801940e-03 3.300000000e+00
2.401801941e-03 0.000000000e+00
2.402000000e-03 0.000000000e+00
2.402000001e-03 3.300000000e+00
2.402803939e-03 3.300000000e+00
2.402803940e-03 0.000000000e+00
2.403000000e-03 0.000000000e+00
2.403000001e-03 3.300000000e+00
2.403805939e-03 3.300000000e+00
2.403805940e-03 0.000000000e+00
2.404000000e-03 0.000000000e+00
2.404000001e-03 3.300000000e+00
2.404807938e-03 3.300000000e+00
2.404807939e-03 0.000000000e+00
2.405000000e-03 0.000000000e+00
2.405000001e-03 3.300000000e+00
2.405809938e-03 3.300000000e+00
2.405809939e-03 0.000000000e+00
2.406000000e-03 0.000000000e+00
2.406000001e-03 3.300000000e+00
2.406811938e-03 3.300000000e+00
2.406811939e-03 0.000000000e+00
2.407000000e-03 0.000000000e+00
2.407000001e-03 3.300000000e+00
2.407813937e-03 3.300000000e+00
2.407813938e-03 0.000000000e+00
2.408000000e-03 0.000000000e+00
2.408000001e-03 3.300000000e+00
2.408815937e-03 3.300000000e+00
2.408815938e-03 0.000000000e+00
2.409000000e-03 0.000000000e+00
2.409000001e-03 3.300000000e+00
2.409817936e-03 3.300000000e+00
2.409817937e-03 0.000000000e+00
2.410000000e-03 0.000000000e+00
2.410000001e-03 3.300000000e+00
2.410819936e-03 3.300000000e+00
2.410819937e-03 0.000000000e+00
2.411000000e-03 0.000000000e+00
2.411000001e-03 3.300000000e+00
2.411821936e-03 3.300000000e+00
2.411821937e-03 0.000000000e+00
2.412000000e-03 0.000000000e+00
2.412000001e-03 3.300000000e+00
2.412823935e-03 3.300000000e+00
2.412823936e-03 0.000000000e+00
2.413000000e-03 0.000000000e+00
2.413000001e-03 3.300000000e+00
2.413825935e-03 3.300000000e+00
2.413825936e-03 0.000000000e+00
2.414000000e-03 0.000000000e+00
2.414000001e-03 3.300000000e+00
2.414827934e-03 3.300000000e+00
2.414827935e-03 0.000000000e+00
2.415000000e-03 0.000000000e+00
2.415000001e-03 3.300000000e+00
2.415829934e-03 3.300000000e+00
2.415829935e-03 0.000000000e+00
2.416000000e-03 0.000000000e+00
2.416000001e-03 3.300000000e+00
2.416831934e-03 3.300000000e+00
2.416831935e-03 0.000000000e+00
2.417000000e-03 0.000000000e+00
2.417000001e-03 3.300000000e+00
2.417833933e-03 3.300000000e+00
2.417833934e-03 0.000000000e+00
2.418000000e-03 0.000000000e+00
2.418000001e-03 3.300000000e+00
2.418835933e-03 3.300000000e+00
2.418835934e-03 0.000000000e+00
2.419000000e-03 0.000000000e+00
2.419000001e-03 3.300000000e+00
2.419837932e-03 3.300000000e+00
2.419837933e-03 0.000000000e+00
2.420000000e-03 0.000000000e+00
2.420000001e-03 3.300000000e+00
2.420839932e-03 3.300000000e+00
2.420839933e-03 0.000000000e+00
2.421000000e-03 0.000000000e+00
2.421000001e-03 3.300000000e+00
2.421841932e-03 3.300000000e+00
2.421841933e-03 0.000000000e+00
2.422000000e-03 0.000000000e+00
2.422000001e-03 3.300000000e+00
2.422843931e-03 3.300000000e+00
2.422843932e-03 0.000000000e+00
2.423000000e-03 0.000000000e+00
2.423000001e-03 3.300000000e+00
2.423845931e-03 3.300000000e+00
2.423845932e-03 0.000000000e+00
2.424000000e-03 0.000000000e+00
2.424000001e-03 3.300000000e+00
2.424847930e-03 3.300000000e+00
2.424847931e-03 0.000000000e+00
2.425000000e-03 0.000000000e+00
2.425000001e-03 3.300000000e+00
2.425849930e-03 3.300000000e+00
2.425849931e-03 0.000000000e+00
2.426000000e-03 0.000000000e+00
2.426000001e-03 3.300000000e+00
2.426851930e-03 3.300000000e+00
2.426851931e-03 0.000000000e+00
2.427000000e-03 0.000000000e+00
2.427000001e-03 3.300000000e+00
2.427853929e-03 3.300000000e+00
2.427853930e-03 0.000000000e+00
2.428000000e-03 0.000000000e+00
2.428000001e-03 3.300000000e+00
2.428855929e-03 3.300000000e+00
2.428855930e-03 0.000000000e+00
2.429000000e-03 0.000000000e+00
2.429000001e-03 3.300000000e+00
2.429857928e-03 3.300000000e+00
2.429857929e-03 0.000000000e+00
2.430000000e-03 0.000000000e+00
2.430000001e-03 3.300000000e+00
2.430859928e-03 3.300000000e+00
2.430859929e-03 0.000000000e+00
2.431000000e-03 0.000000000e+00
2.431000001e-03 3.300000000e+00
2.431861928e-03 3.300000000e+00
2.431861929e-03 0.000000000e+00
2.432000000e-03 0.000000000e+00
2.432000001e-03 3.300000000e+00
2.432863927e-03 3.300000000e+00
2.432863928e-03 0.000000000e+00
2.433000000e-03 0.000000000e+00
2.433000001e-03 3.300000000e+00
2.433865927e-03 3.300000000e+00
2.433865928e-03 0.000000000e+00
2.434000000e-03 0.000000000e+00
2.434000001e-03 3.300000000e+00
2.434867926e-03 3.300000000e+00
2.434867927e-03 0.000000000e+00
2.435000000e-03 0.000000000e+00
2.435000001e-03 3.300000000e+00
2.435869926e-03 3.300000000e+00
2.435869927e-03 0.000000000e+00
2.436000000e-03 0.000000000e+00
2.436000001e-03 3.300000000e+00
2.436871926e-03 3.300000000e+00
2.436871927e-03 0.000000000e+00
2.437000000e-03 0.000000000e+00
2.437000001e-03 3.300000000e+00
2.437873925e-03 3.300000000e+00
2.437873926e-03 0.000000000e+00
2.438000000e-03 0.000000000e+00
2.438000001e-03 3.300000000e+00
2.438875925e-03 3.300000000e+00
2.438875926e-03 0.000000000e+00
2.439000000e-03 0.000000000e+00
2.439000001e-03 3.300000000e+00
2.439877924e-03 3.300000000e+00
2.439877925e-03 0.000000000e+00
2.440000000e-03 0.000000000e+00
2.440000001e-03 3.300000000e+00
2.440879924e-03 3.300000000e+00
2.440879925e-03 0.000000000e+00
2.441000000e-03 0.000000000e+00
2.441000001e-03 3.300000000e+00
2.441881924e-03 3.300000000e+00
2.441881925e-03 0.000000000e+00
2.442000000e-03 0.000000000e+00
2.442000001e-03 3.300000000e+00
2.442883923e-03 3.300000000e+00
2.442883924e-03 0.000000000e+00
2.443000000e-03 0.000000000e+00
2.443000001e-03 3.300000000e+00
2.443885923e-03 3.300000000e+00
2.443885924e-03 0.000000000e+00
2.444000000e-03 0.000000000e+00
2.444000001e-03 3.300000000e+00
2.444887922e-03 3.300000000e+00
2.444887923e-03 0.000000000e+00
2.445000000e-03 0.000000000e+00
2.445000001e-03 3.300000000e+00
2.445889922e-03 3.300000000e+00
2.445889923e-03 0.000000000e+00
2.446000000e-03 0.000000000e+00
2.446000001e-03 3.300000000e+00
2.446891922e-03 3.300000000e+00
2.446891923e-03 0.000000000e+00
2.447000000e-03 0.000000000e+00
2.447000001e-03 3.300000000e+00
2.447893921e-03 3.300000000e+00
2.447893922e-03 0.000000000e+00
2.448000000e-03 0.000000000e+00
2.448000001e-03 3.300000000e+00
2.448895921e-03 3.300000000e+00
2.448895922e-03 0.000000000e+00
2.449000000e-03 0.000000000e+00
2.449000001e-03 3.300000000e+00
2.449897920e-03 3.300000000e+00
2.449897921e-03 0.000000000e+00
2.450000000e-03 0.000000000e+00
2.450000001e-03 3.300000000e+00
2.450899920e-03 3.300000000e+00
2.450899921e-03 0.000000000e+00
2.451000000e-03 0.000000000e+00
2.451000001e-03 3.300000000e+00
2.451901920e-03 3.300000000e+00
2.451901921e-03 0.000000000e+00
2.452000000e-03 0.000000000e+00
2.452000001e-03 3.300000000e+00
2.452903919e-03 3.300000000e+00
2.452903920e-03 0.000000000e+00
2.453000000e-03 0.000000000e+00
2.453000001e-03 3.300000000e+00
2.453905919e-03 3.300000000e+00
2.453905920e-03 0.000000000e+00
2.454000000e-03 0.000000000e+00
2.454000001e-03 3.300000000e+00
2.454907918e-03 3.300000000e+00
2.454907919e-03 0.000000000e+00
2.455000000e-03 0.000000000e+00
2.455000001e-03 3.300000000e+00
2.455909918e-03 3.300000000e+00
2.455909919e-03 0.000000000e+00
2.456000000e-03 0.000000000e+00
2.456000001e-03 3.300000000e+00
2.456911918e-03 3.300000000e+00
2.456911919e-03 0.000000000e+00
2.457000000e-03 0.000000000e+00
2.457000001e-03 3.300000000e+00
2.457913917e-03 3.300000000e+00
2.457913918e-03 0.000000000e+00
2.458000000e-03 0.000000000e+00
2.458000001e-03 3.300000000e+00
2.458915917e-03 3.300000000e+00
2.458915918e-03 0.000000000e+00
2.459000000e-03 0.000000000e+00
2.459000001e-03 3.300000000e+00
2.459917916e-03 3.300000000e+00
2.459917917e-03 0.000000000e+00
2.460000000e-03 0.000000000e+00
2.460000001e-03 3.300000000e+00
2.460919916e-03 3.300000000e+00
2.460919917e-03 0.000000000e+00
2.461000000e-03 0.000000000e+00
2.461000001e-03 3.300000000e+00
2.461921916e-03 3.300000000e+00
2.461921917e-03 0.000000000e+00
2.462000000e-03 0.000000000e+00
2.462000001e-03 3.300000000e+00
2.462923915e-03 3.300000000e+00
2.462923916e-03 0.000000000e+00
2.463000000e-03 0.000000000e+00
2.463000001e-03 3.300000000e+00
2.463925915e-03 3.300000000e+00
2.463925916e-03 0.000000000e+00
2.464000000e-03 0.000000000e+00
2.464000001e-03 3.300000000e+00
2.464927914e-03 3.300000000e+00
2.464927915e-03 0.000000000e+00
2.465000000e-03 0.000000000e+00
2.465000001e-03 3.300000000e+00
2.465929914e-03 3.300000000e+00
2.465929915e-03 0.000000000e+00
2.466000000e-03 0.000000000e+00
2.466000001e-03 3.300000000e+00
2.466931914e-03 3.300000000e+00
2.466931915e-03 0.000000000e+00
2.467000000e-03 0.000000000e+00
2.467000001e-03 3.300000000e+00
2.467933913e-03 3.300000000e+00
2.467933914e-03 0.000000000e+00
2.468000000e-03 0.000000000e+00
2.468000001e-03 3.300000000e+00
2.468935913e-03 3.300000000e+00
2.468935914e-03 0.000000000e+00
2.469000000e-03 0.000000000e+00
2.469000001e-03 3.300000000e+00
2.469937912e-03 3.300000000e+00
2.469937913e-03 0.000000000e+00
2.470000000e-03 0.000000000e+00
2.470000001e-03 3.300000000e+00
2.470939912e-03 3.300000000e+00
2.470939913e-03 0.000000000e+00
2.471000000e-03 0.000000000e+00
2.471000001e-03 3.300000000e+00
2.471941912e-03 3.300000000e+00
2.471941913e-03 0.000000000e+00
2.472000000e-03 0.000000000e+00
2.472000001e-03 3.300000000e+00
2.472943911e-03 3.300000000e+00
2.472943912e-03 0.000000000e+00
2.473000000e-03 0.000000000e+00
2.473000001e-03 3.300000000e+00
2.473945911e-03 3.300000000e+00
2.473945912e-03 0.000000000e+00
2.474000000e-03 0.000000000e+00
2.474000001e-03 3.300000000e+00
2.474947910e-03 3.300000000e+00
2.474947911e-03 0.000000000e+00
2.475000000e-03 0.000000000e+00
2.475000001e-03 3.300000000e+00
2.475949910e-03 3.300000000e+00
2.475949911e-03 0.000000000e+00
2.476000000e-03 0.000000000e+00
2.476000001e-03 3.300000000e+00
2.476951910e-03 3.300000000e+00
2.476951911e-03 0.000000000e+00
2.477000000e-03 0.000000000e+00
2.477000001e-03 3.300000000e+00
2.477953909e-03 3.300000000e+00
2.477953910e-03 0.000000000e+00
2.478000000e-03 0.000000000e+00
2.478000001e-03 3.300000000e+00
2.478955909e-03 3.300000000e+00
2.478955910e-03 0.000000000e+00
2.479000000e-03 0.000000000e+00
2.479000001e-03 3.300000000e+00
2.479957908e-03 3.300000000e+00
2.479957909e-03 0.000000000e+00
2.480000000e-03 0.000000000e+00
2.480000001e-03 3.300000000e+00
2.480959908e-03 3.300000000e+00
2.480959909e-03 0.000000000e+00
2.481000000e-03 0.000000000e+00
2.481000001e-03 3.300000000e+00
2.481961908e-03 3.300000000e+00
2.481961909e-03 0.000000000e+00
2.482000000e-03 0.000000000e+00
2.482000001e-03 3.300000000e+00
2.482963907e-03 3.300000000e+00
2.482963908e-03 0.000000000e+00
2.483000000e-03 0.000000000e+00
2.483000001e-03 3.300000000e+00
2.483965907e-03 3.300000000e+00
2.483965908e-03 0.000000000e+00
2.484000000e-03 0.000000000e+00
2.484000001e-03 3.300000000e+00
2.484967906e-03 3.300000000e+00
2.484967907e-03 0.000000000e+00
2.485000000e-03 0.000000000e+00
2.485000001e-03 3.300000000e+00
2.485969906e-03 3.300000000e+00
2.485969907e-03 0.000000000e+00
2.486000000e-03 0.000000000e+00
2.486000001e-03 3.300000000e+00
2.486971906e-03 3.300000000e+00
2.486971907e-03 0.000000000e+00
2.487000000e-03 0.000000000e+00
2.487000001e-03 3.300000000e+00
2.487973905e-03 3.300000000e+00
2.487973906e-03 0.000000000e+00
2.488000000e-03 0.000000000e+00
2.488000001e-03 3.300000000e+00
2.488975905e-03 3.300000000e+00
2.488975906e-03 0.000000000e+00
2.489000000e-03 0.000000000e+00
2.489000001e-03 3.300000000e+00
2.489977904e-03 3.300000000e+00
2.489977905e-03 0.000000000e+00
2.490000000e-03 0.000000000e+00
2.490000001e-03 3.300000000e+00
2.490979904e-03 3.300000000e+00
2.490979905e-03 0.000000000e+00
2.491000000e-03 0.000000000e+00
2.491000001e-03 3.300000000e+00
2.491981904e-03 3.300000000e+00
2.491981905e-03 0.000000000e+00
2.492000000e-03 0.000000000e+00
2.492000001e-03 3.300000000e+00
2.492983903e-03 3.300000000e+00
2.492983904e-03 0.000000000e+00
2.493000000e-03 0.000000000e+00
2.493000001e-03 3.300000000e+00
2.493985903e-03 3.300000000e+00
2.493985904e-03 0.000000000e+00
2.494000000e-03 0.000000000e+00
2.494000001e-03 3.300000000e+00
2.494987902e-03 3.300000000e+00
2.494987903e-03 0.000000000e+00
2.495000000e-03 0.000000000e+00
2.495000001e-03 3.300000000e+00
2.495989902e-03 3.300000000e+00
2.495989903e-03 0.000000000e+00
2.496000000e-03 0.000000000e+00
2.496000001e-03 3.300000000e+00
2.496991902e-03 3.300000000e+00
2.496991903e-03 0.000000000e+00
2.497000000e-03 0.000000000e+00
2.497000001e-03 3.300000000e+00
2.497993901e-03 3.300000000e+00
2.497993902e-03 0.000000000e+00
2.498000000e-03 0.000000000e+00
2.498000001e-03 3.300000000e+00
2.498995901e-03 3.300000000e+00
2.498995902e-03 0.000000000e+00
2.499000000e-03 0.000000000e+00
2.499000001e-03 3.300000000e+00
2.499997900e-03 3.300000000e+00
2.499997901e-03 0.000000000e+00
2.500000000e-03 0.000000000e+00
2.500000001e-03 3.300000000e+00
2.500999900e-03 3.300000000e+00
2.500999901e-03 0.000000000e+00
2.501000000e-03 0.000000000e+00
2.501000001e-03 3.300000000e+00
2.501997900e-03 3.300000000e+00
2.501997901e-03 0.000000000e+00
2.502000000e-03 0.000000000e+00
2.502000001e-03 3.300000000e+00
2.502995901e-03 3.300000000e+00
2.502995902e-03 0.000000000e+00
2.503000000e-03 0.000000000e+00
2.503000001e-03 3.300000000e+00
2.503993901e-03 3.300000000e+00
2.503993902e-03 0.000000000e+00
2.504000000e-03 0.000000000e+00
2.504000001e-03 3.300000000e+00
2.504991902e-03 3.300000000e+00
2.504991903e-03 0.000000000e+00
2.505000000e-03 0.000000000e+00
2.505000001e-03 3.300000000e+00
2.505989902e-03 3.300000000e+00
2.505989903e-03 0.000000000e+00
2.506000000e-03 0.000000000e+00
2.506000001e-03 3.300000000e+00
2.506987902e-03 3.300000000e+00
2.506987903e-03 0.000000000e+00
2.507000000e-03 0.000000000e+00
2.507000001e-03 3.300000000e+00
2.507985903e-03 3.300000000e+00
2.507985904e-03 0.000000000e+00
2.508000000e-03 0.000000000e+00
2.508000001e-03 3.300000000e+00
2.508983903e-03 3.300000000e+00
2.508983904e-03 0.000000000e+00
2.509000000e-03 0.000000000e+00
2.509000001e-03 3.300000000e+00
2.509981904e-03 3.300000000e+00
2.509981905e-03 0.000000000e+00
2.510000000e-03 0.000000000e+00
2.510000001e-03 3.300000000e+00
2.510979904e-03 3.300000000e+00
2.510979905e-03 0.000000000e+00
2.511000000e-03 0.000000000e+00
2.511000001e-03 3.300000000e+00
2.511977904e-03 3.300000000e+00
2.511977905e-03 0.000000000e+00
2.512000000e-03 0.000000000e+00
2.512000001e-03 3.300000000e+00
2.512975905e-03 3.300000000e+00
2.512975906e-03 0.000000000e+00
2.513000000e-03 0.000000000e+00
2.513000001e-03 3.300000000e+00
2.513973905e-03 3.300000000e+00
2.513973906e-03 0.000000000e+00
2.514000000e-03 0.000000000e+00
2.514000001e-03 3.300000000e+00
2.514971906e-03 3.300000000e+00
2.514971907e-03 0.000000000e+00
2.515000000e-03 0.000000000e+00
2.515000001e-03 3.300000000e+00
2.515969906e-03 3.300000000e+00
2.515969907e-03 0.000000000e+00
2.516000000e-03 0.000000000e+00
2.516000001e-03 3.300000000e+00
2.516967906e-03 3.300000000e+00
2.516967907e-03 0.000000000e+00
2.517000000e-03 0.000000000e+00
2.517000001e-03 3.300000000e+00
2.517965907e-03 3.300000000e+00
2.517965908e-03 0.000000000e+00
2.518000000e-03 0.000000000e+00
2.518000001e-03 3.300000000e+00
2.518963907e-03 3.300000000e+00
2.518963908e-03 0.000000000e+00
2.519000000e-03 0.000000000e+00
2.519000001e-03 3.300000000e+00
2.519961908e-03 3.300000000e+00
2.519961909e-03 0.000000000e+00
2.520000000e-03 0.000000000e+00
2.520000001e-03 3.300000000e+00
2.520959908e-03 3.300000000e+00
2.520959909e-03 0.000000000e+00
2.521000000e-03 0.000000000e+00
2.521000001e-03 3.300000000e+00
2.521957908e-03 3.300000000e+00
2.521957909e-03 0.000000000e+00
2.522000000e-03 0.000000000e+00
2.522000001e-03 3.300000000e+00
2.522955909e-03 3.300000000e+00
2.522955910e-03 0.000000000e+00
2.523000000e-03 0.000000000e+00
2.523000001e-03 3.300000000e+00
2.523953909e-03 3.300000000e+00
2.523953910e-03 0.000000000e+00
2.524000000e-03 0.000000000e+00
2.524000001e-03 3.300000000e+00
2.524951910e-03 3.300000000e+00
2.524951911e-03 0.000000000e+00
2.525000000e-03 0.000000000e+00
2.525000001e-03 3.300000000e+00
2.525949910e-03 3.300000000e+00
2.525949911e-03 0.000000000e+00
2.526000000e-03 0.000000000e+00
2.526000001e-03 3.300000000e+00
2.526947910e-03 3.300000000e+00
2.526947911e-03 0.000000000e+00
2.527000000e-03 0.000000000e+00
2.527000001e-03 3.300000000e+00
2.527945911e-03 3.300000000e+00
2.527945912e-03 0.000000000e+00
2.528000000e-03 0.000000000e+00
2.528000001e-03 3.300000000e+00
2.528943911e-03 3.300000000e+00
2.528943912e-03 0.000000000e+00
2.529000000e-03 0.000000000e+00
2.529000001e-03 3.300000000e+00
2.529941912e-03 3.300000000e+00
2.529941913e-03 0.000000000e+00
2.530000000e-03 0.000000000e+00
2.530000001e-03 3.300000000e+00
2.530939912e-03 3.300000000e+00
2.530939913e-03 0.000000000e+00
2.531000000e-03 0.000000000e+00
2.531000001e-03 3.300000000e+00
2.531937912e-03 3.300000000e+00
2.531937913e-03 0.000000000e+00
2.532000000e-03 0.000000000e+00
2.532000001e-03 3.300000000e+00
2.532935913e-03 3.300000000e+00
2.532935914e-03 0.000000000e+00
2.533000000e-03 0.000000000e+00
2.533000001e-03 3.300000000e+00
2.533933913e-03 3.300000000e+00
2.533933914e-03 0.000000000e+00
2.534000000e-03 0.000000000e+00
2.534000001e-03 3.300000000e+00
2.534931914e-03 3.300000000e+00
2.534931915e-03 0.000000000e+00
2.535000000e-03 0.000000000e+00
2.535000001e-03 3.300000000e+00
2.535929914e-03 3.300000000e+00
2.535929915e-03 0.000000000e+00
2.536000000e-03 0.000000000e+00
2.536000001e-03 3.300000000e+00
2.536927914e-03 3.300000000e+00
2.536927915e-03 0.000000000e+00
2.537000000e-03 0.000000000e+00
2.537000001e-03 3.300000000e+00
2.537925915e-03 3.300000000e+00
2.537925916e-03 0.000000000e+00
2.538000000e-03 0.000000000e+00
2.538000001e-03 3.300000000e+00
2.538923915e-03 3.300000000e+00
2.538923916e-03 0.000000000e+00
2.539000000e-03 0.000000000e+00
2.539000001e-03 3.300000000e+00
2.539921916e-03 3.300000000e+00
2.539921917e-03 0.000000000e+00
2.540000000e-03 0.000000000e+00
2.540000001e-03 3.300000000e+00
2.540919916e-03 3.300000000e+00
2.540919917e-03 0.000000000e+00
2.541000000e-03 0.000000000e+00
2.541000001e-03 3.300000000e+00
2.541917916e-03 3.300000000e+00
2.541917917e-03 0.000000000e+00
2.542000000e-03 0.000000000e+00
2.542000001e-03 3.300000000e+00
2.542915917e-03 3.300000000e+00
2.542915918e-03 0.000000000e+00
2.543000000e-03 0.000000000e+00
2.543000001e-03 3.300000000e+00
2.543913917e-03 3.300000000e+00
2.543913918e-03 0.000000000e+00
2.544000000e-03 0.000000000e+00
2.544000001e-03 3.300000000e+00
2.544911918e-03 3.300000000e+00
2.544911919e-03 0.000000000e+00
2.545000000e-03 0.000000000e+00
2.545000001e-03 3.300000000e+00
2.545909918e-03 3.300000000e+00
2.545909919e-03 0.000000000e+00
2.546000000e-03 0.000000000e+00
2.546000001e-03 3.300000000e+00
2.546907918e-03 3.300000000e+00
2.546907919e-03 0.000000000e+00
2.547000000e-03 0.000000000e+00
2.547000001e-03 3.300000000e+00
2.547905919e-03 3.300000000e+00
2.547905920e-03 0.000000000e+00
2.548000000e-03 0.000000000e+00
2.548000001e-03 3.300000000e+00
2.548903919e-03 3.300000000e+00
2.548903920e-03 0.000000000e+00
2.549000000e-03 0.000000000e+00
2.549000001e-03 3.300000000e+00
2.549901920e-03 3.300000000e+00
2.549901921e-03 0.000000000e+00
2.550000000e-03 0.000000000e+00
2.550000001e-03 3.300000000e+00
2.550899920e-03 3.300000000e+00
2.550899921e-03 0.000000000e+00
2.551000000e-03 0.000000000e+00
2.551000001e-03 3.300000000e+00
2.551897920e-03 3.300000000e+00
2.551897921e-03 0.000000000e+00
2.552000000e-03 0.000000000e+00
2.552000001e-03 3.300000000e+00
2.552895921e-03 3.300000000e+00
2.552895922e-03 0.000000000e+00
2.553000000e-03 0.000000000e+00
2.553000001e-03 3.300000000e+00
2.553893921e-03 3.300000000e+00
2.553893922e-03 0.000000000e+00
2.554000000e-03 0.000000000e+00
2.554000001e-03 3.300000000e+00
2.554891922e-03 3.300000000e+00
2.554891923e-03 0.000000000e+00
2.555000000e-03 0.000000000e+00
2.555000001e-03 3.300000000e+00
2.555889922e-03 3.300000000e+00
2.555889923e-03 0.000000000e+00
2.556000000e-03 0.000000000e+00
2.556000001e-03 3.300000000e+00
2.556887922e-03 3.300000000e+00
2.556887923e-03 0.000000000e+00
2.557000000e-03 0.000000000e+00
2.557000001e-03 3.300000000e+00
2.557885923e-03 3.300000000e+00
2.557885924e-03 0.000000000e+00
2.558000000e-03 0.000000000e+00
2.558000001e-03 3.300000000e+00
2.558883923e-03 3.300000000e+00
2.558883924e-03 0.000000000e+00
2.559000000e-03 0.000000000e+00
2.559000001e-03 3.300000000e+00
2.559881924e-03 3.300000000e+00
2.559881925e-03 0.000000000e+00
2.560000000e-03 0.000000000e+00
2.560000001e-03 3.300000000e+00
2.560879924e-03 3.300000000e+00
2.560879925e-03 0.000000000e+00
2.561000000e-03 0.000000000e+00
2.561000001e-03 3.300000000e+00
2.561877924e-03 3.300000000e+00
2.561877925e-03 0.000000000e+00
2.562000000e-03 0.000000000e+00
2.562000001e-03 3.300000000e+00
2.562875925e-03 3.300000000e+00
2.562875926e-03 0.000000000e+00
2.563000000e-03 0.000000000e+00
2.563000001e-03 3.300000000e+00
2.563873925e-03 3.300000000e+00
2.563873926e-03 0.000000000e+00
2.564000000e-03 0.000000000e+00
2.564000001e-03 3.300000000e+00
2.564871926e-03 3.300000000e+00
2.564871927e-03 0.000000000e+00
2.565000000e-03 0.000000000e+00
2.565000001e-03 3.300000000e+00
2.565869926e-03 3.300000000e+00
2.565869927e-03 0.000000000e+00
2.566000000e-03 0.000000000e+00
2.566000001e-03 3.300000000e+00
2.566867926e-03 3.300000000e+00
2.566867927e-03 0.000000000e+00
2.567000000e-03 0.000000000e+00
2.567000001e-03 3.300000000e+00
2.567865927e-03 3.300000000e+00
2.567865928e-03 0.000000000e+00
2.568000000e-03 0.000000000e+00
2.568000001e-03 3.300000000e+00
2.568863927e-03 3.300000000e+00
2.568863928e-03 0.000000000e+00
2.569000000e-03 0.000000000e+00
2.569000001e-03 3.300000000e+00
2.569861928e-03 3.300000000e+00
2.569861929e-03 0.000000000e+00
2.570000000e-03 0.000000000e+00
2.570000001e-03 3.300000000e+00
2.570859928e-03 3.300000000e+00
2.570859929e-03 0.000000000e+00
2.571000000e-03 0.000000000e+00
2.571000001e-03 3.300000000e+00
2.571857928e-03 3.300000000e+00
2.571857929e-03 0.000000000e+00
2.572000000e-03 0.000000000e+00
2.572000001e-03 3.300000000e+00
2.572855929e-03 3.300000000e+00
2.572855930e-03 0.000000000e+00
2.573000000e-03 0.000000000e+00
2.573000001e-03 3.300000000e+00
2.573853929e-03 3.300000000e+00
2.573853930e-03 0.000000000e+00
2.574000000e-03 0.000000000e+00
2.574000001e-03 3.300000000e+00
2.574851930e-03 3.300000000e+00
2.574851931e-03 0.000000000e+00
2.575000000e-03 0.000000000e+00
2.575000001e-03 3.300000000e+00
2.575849930e-03 3.300000000e+00
2.575849931e-03 0.000000000e+00
2.576000000e-03 0.000000000e+00
2.576000001e-03 3.300000000e+00
2.576847930e-03 3.300000000e+00
2.576847931e-03 0.000000000e+00
2.577000000e-03 0.000000000e+00
2.577000001e-03 3.300000000e+00
2.577845931e-03 3.300000000e+00
2.577845932e-03 0.000000000e+00
2.578000000e-03 0.000000000e+00
2.578000001e-03 3.300000000e+00
2.578843931e-03 3.300000000e+00
2.578843932e-03 0.000000000e+00
2.579000000e-03 0.000000000e+00
2.579000001e-03 3.300000000e+00
2.579841932e-03 3.300000000e+00
2.579841933e-03 0.000000000e+00
2.580000000e-03 0.000000000e+00
2.580000001e-03 3.300000000e+00
2.580839932e-03 3.300000000e+00
2.580839933e-03 0.000000000e+00
2.581000000e-03 0.000000000e+00
2.581000001e-03 3.300000000e+00
2.581837932e-03 3.300000000e+00
2.581837933e-03 0.000000000e+00
2.582000000e-03 0.000000000e+00
2.582000001e-03 3.300000000e+00
2.582835933e-03 3.300000000e+00
2.582835934e-03 0.000000000e+00
2.583000000e-03 0.000000000e+00
2.583000001e-03 3.300000000e+00
2.583833933e-03 3.300000000e+00
2.583833934e-03 0.000000000e+00
2.584000000e-03 0.000000000e+00
2.584000001e-03 3.300000000e+00
2.584831934e-03 3.300000000e+00
2.584831935e-03 0.000000000e+00
2.585000000e-03 0.000000000e+00
2.585000001e-03 3.300000000e+00
2.585829934e-03 3.300000000e+00
2.585829935e-03 0.000000000e+00
2.586000000e-03 0.000000000e+00
2.586000001e-03 3.300000000e+00
2.586827934e-03 3.300000000e+00
2.586827935e-03 0.000000000e+00
2.587000000e-03 0.000000000e+00
2.587000001e-03 3.300000000e+00
2.587825935e-03 3.300000000e+00
2.587825936e-03 0.000000000e+00
2.588000000e-03 0.000000000e+00
2.588000001e-03 3.300000000e+00
2.588823935e-03 3.300000000e+00
2.588823936e-03 0.000000000e+00
2.589000000e-03 0.000000000e+00
2.589000001e-03 3.300000000e+00
2.589821936e-03 3.300000000e+00
2.589821937e-03 0.000000000e+00
2.590000000e-03 0.000000000e+00
2.590000001e-03 3.300000000e+00
2.590819936e-03 3.300000000e+00
2.590819937e-03 0.000000000e+00
2.591000000e-03 0.000000000e+00
2.591000001e-03 3.300000000e+00
2.591817936e-03 3.300000000e+00
2.591817937e-03 0.000000000e+00
2.592000000e-03 0.000000000e+00
2.592000001e-03 3.300000000e+00
2.592815937e-03 3.300000000e+00
2.592815938e-03 0.000000000e+00
2.593000000e-03 0.000000000e+00
2.593000001e-03 3.300000000e+00
2.593813937e-03 3.300000000e+00
2.593813938e-03 0.000000000e+00
2.594000000e-03 0.000000000e+00
2.594000001e-03 3.300000000e+00
2.594811938e-03 3.300000000e+00
2.594811939e-03 0.000000000e+00
2.595000000e-03 0.000000000e+00
2.595000001e-03 3.300000000e+00
2.595809938e-03 3.300000000e+00
2.595809939e-03 0.000000000e+00
2.596000000e-03 0.000000000e+00
2.596000001e-03 3.300000000e+00
2.596807938e-03 3.300000000e+00
2.596807939e-03 0.000000000e+00
2.597000000e-03 0.000000000e+00
2.597000001e-03 3.300000000e+00
2.597805939e-03 3.300000000e+00
2.597805940e-03 0.000000000e+00
2.598000000e-03 0.000000000e+00
2.598000001e-03 3.300000000e+00
2.598803939e-03 3.300000000e+00
2.598803940e-03 0.000000000e+00
2.599000000e-03 0.000000000e+00
2.599000001e-03 3.300000000e+00
2.599801940e-03 3.300000000e+00
2.599801941e-03 0.000000000e+00
2.600000000e-03 0.000000000e+00
2.600000001e-03 3.300000000e+00
2.600799940e-03 3.300000000e+00
2.600799941e-03 0.000000000e+00
2.601000000e-03 0.000000000e+00
2.601000001e-03 3.300000000e+00
2.601797940e-03 3.300000000e+00
2.601797941e-03 0.000000000e+00
2.602000000e-03 0.000000000e+00
2.602000001e-03 3.300000000e+00
2.602795941e-03 3.300000000e+00
2.602795942e-03 0.000000000e+00
2.603000000e-03 0.000000000e+00
2.603000001e-03 3.300000000e+00
2.603793941e-03 3.300000000e+00
2.603793942e-03 0.000000000e+00
2.604000000e-03 0.000000000e+00
2.604000001e-03 3.300000000e+00
2.604791942e-03 3.300000000e+00
2.604791943e-03 0.000000000e+00
2.605000000e-03 0.000000000e+00
2.605000001e-03 3.300000000e+00
2.605789942e-03 3.300000000e+00
2.605789943e-03 0.000000000e+00
2.606000000e-03 0.000000000e+00
2.606000001e-03 3.300000000e+00
2.606787942e-03 3.300000000e+00
2.606787943e-03 0.000000000e+00
2.607000000e-03 0.000000000e+00
2.607000001e-03 3.300000000e+00
2.607785943e-03 3.300000000e+00
2.607785944e-03 0.000000000e+00
2.608000000e-03 0.000000000e+00
2.608000001e-03 3.300000000e+00
2.608783943e-03 3.300000000e+00
2.608783944e-03 0.000000000e+00
2.609000000e-03 0.000000000e+00
2.609000001e-03 3.300000000e+00
2.609781944e-03 3.300000000e+00
2.609781945e-03 0.000000000e+00
2.610000000e-03 0.000000000e+00
2.610000001e-03 3.300000000e+00
2.610779944e-03 3.300000000e+00
2.610779945e-03 0.000000000e+00
2.611000000e-03 0.000000000e+00
2.611000001e-03 3.300000000e+00
2.611777944e-03 3.300000000e+00
2.611777945e-03 0.000000000e+00
2.612000000e-03 0.000000000e+00
2.612000001e-03 3.300000000e+00
2.612775945e-03 3.300000000e+00
2.612775946e-03 0.000000000e+00
2.613000000e-03 0.000000000e+00
2.613000001e-03 3.300000000e+00
2.613773945e-03 3.300000000e+00
2.613773946e-03 0.000000000e+00
2.614000000e-03 0.000000000e+00
2.614000001e-03 3.300000000e+00
2.614771946e-03 3.300000000e+00
2.614771947e-03 0.000000000e+00
2.615000000e-03 0.000000000e+00
2.615000001e-03 3.300000000e+00
2.615769946e-03 3.300000000e+00
2.615769947e-03 0.000000000e+00
2.616000000e-03 0.000000000e+00
2.616000001e-03 3.300000000e+00
2.616767946e-03 3.300000000e+00
2.616767947e-03 0.000000000e+00
2.617000000e-03 0.000000000e+00
2.617000001e-03 3.300000000e+00
2.617765947e-03 3.300000000e+00
2.617765948e-03 0.000000000e+00
2.618000000e-03 0.000000000e+00
2.618000001e-03 3.300000000e+00
2.618763947e-03 3.300000000e+00
2.618763948e-03 0.000000000e+00
2.619000000e-03 0.000000000e+00
2.619000001e-03 3.300000000e+00
2.619761948e-03 3.300000000e+00
2.619761949e-03 0.000000000e+00
2.620000000e-03 0.000000000e+00
2.620000001e-03 3.300000000e+00
2.620759948e-03 3.300000000e+00
2.620759949e-03 0.000000000e+00
2.621000000e-03 0.000000000e+00
2.621000001e-03 3.300000000e+00
2.621757948e-03 3.300000000e+00
2.621757949e-03 0.000000000e+00
2.622000000e-03 0.000000000e+00
2.622000001e-03 3.300000000e+00
2.622755949e-03 3.300000000e+00
2.622755950e-03 0.000000000e+00
2.623000000e-03 0.000000000e+00
2.623000001e-03 3.300000000e+00
2.623753949e-03 3.300000000e+00
2.623753950e-03 0.000000000e+00
2.624000000e-03 0.000000000e+00
2.624000001e-03 3.300000000e+00
2.624751950e-03 3.300000000e+00
2.624751951e-03 0.000000000e+00
2.625000000e-03 0.000000000e+00
2.625000001e-03 3.300000000e+00
2.625749950e-03 3.300000000e+00
2.625749951e-03 0.000000000e+00
2.626000000e-03 0.000000000e+00
2.626000001e-03 3.300000000e+00
2.626747950e-03 3.300000000e+00
2.626747951e-03 0.000000000e+00
2.627000000e-03 0.000000000e+00
2.627000001e-03 3.300000000e+00
2.627745951e-03 3.300000000e+00
2.627745952e-03 0.000000000e+00
2.628000000e-03 0.000000000e+00
2.628000001e-03 3.300000000e+00
2.628743951e-03 3.300000000e+00
2.628743952e-03 0.000000000e+00
2.629000000e-03 0.000000000e+00
2.629000001e-03 3.300000000e+00
2.629741952e-03 3.300000000e+00
2.629741953e-03 0.000000000e+00
2.630000000e-03 0.000000000e+00
2.630000001e-03 3.300000000e+00
2.630739952e-03 3.300000000e+00
2.630739953e-03 0.000000000e+00
2.631000000e-03 0.000000000e+00
2.631000001e-03 3.300000000e+00
2.631737952e-03 3.300000000e+00
2.631737953e-03 0.000000000e+00
2.632000000e-03 0.000000000e+00
2.632000001e-03 3.300000000e+00
2.632735953e-03 3.300000000e+00
2.632735954e-03 0.000000000e+00
2.633000000e-03 0.000000000e+00
2.633000001e-03 3.300000000e+00
2.633733953e-03 3.300000000e+00
2.633733954e-03 0.000000000e+00
2.634000000e-03 0.000000000e+00
2.634000001e-03 3.300000000e+00
2.634731954e-03 3.300000000e+00
2.634731955e-03 0.000000000e+00
2.635000000e-03 0.000000000e+00
2.635000001e-03 3.300000000e+00
2.635729954e-03 3.300000000e+00
2.635729955e-03 0.000000000e+00
2.636000000e-03 0.000000000e+00
2.636000001e-03 3.300000000e+00
2.636727954e-03 3.300000000e+00
2.636727955e-03 0.000000000e+00
2.637000000e-03 0.000000000e+00
2.637000001e-03 3.300000000e+00
2.637725955e-03 3.300000000e+00
2.637725956e-03 0.000000000e+00
2.638000000e-03 0.000000000e+00
2.638000001e-03 3.300000000e+00
2.638723955e-03 3.300000000e+00
2.638723956e-03 0.000000000e+00
2.639000000e-03 0.000000000e+00
2.639000001e-03 3.300000000e+00
2.639721956e-03 3.300000000e+00
2.639721957e-03 0.000000000e+00
2.640000000e-03 0.000000000e+00
2.640000001e-03 3.300000000e+00
2.640719956e-03 3.300000000e+00
2.640719957e-03 0.000000000e+00
2.641000000e-03 0.000000000e+00
2.641000001e-03 3.300000000e+00
2.641717956e-03 3.300000000e+00
2.641717957e-03 0.000000000e+00
2.642000000e-03 0.000000000e+00
2.642000001e-03 3.300000000e+00
2.642715957e-03 3.300000000e+00
2.642715958e-03 0.000000000e+00
2.643000000e-03 0.000000000e+00
2.643000001e-03 3.300000000e+00
2.643713957e-03 3.300000000e+00
2.643713958e-03 0.000000000e+00
2.644000000e-03 0.000000000e+00
2.644000001e-03 3.300000000e+00
2.644711958e-03 3.300000000e+00
2.644711959e-03 0.000000000e+00
2.645000000e-03 0.000000000e+00
2.645000001e-03 3.300000000e+00
2.645709958e-03 3.300000000e+00
2.645709959e-03 0.000000000e+00
2.646000000e-03 0.000000000e+00
2.646000001e-03 3.300000000e+00
2.646707958e-03 3.300000000e+00
2.646707959e-03 0.000000000e+00
2.647000000e-03 0.000000000e+00
2.647000001e-03 3.300000000e+00
2.647705959e-03 3.300000000e+00
2.647705960e-03 0.000000000e+00
2.648000000e-03 0.000000000e+00
2.648000001e-03 3.300000000e+00
2.648703959e-03 3.300000000e+00
2.648703960e-03 0.000000000e+00
2.649000000e-03 0.000000000e+00
2.649000001e-03 3.300000000e+00
2.649701960e-03 3.300000000e+00
2.649701961e-03 0.000000000e+00
2.650000000e-03 0.000000000e+00
2.650000001e-03 3.300000000e+00
2.650699960e-03 3.300000000e+00
2.650699961e-03 0.000000000e+00
2.651000000e-03 0.000000000e+00
2.651000001e-03 3.300000000e+00
2.651697960e-03 3.300000000e+00
2.651697961e-03 0.000000000e+00
2.652000000e-03 0.000000000e+00
2.652000001e-03 3.300000000e+00
2.652695961e-03 3.300000000e+00
2.652695962e-03 0.000000000e+00
2.653000000e-03 0.000000000e+00
2.653000001e-03 3.300000000e+00
2.653693961e-03 3.300000000e+00
2.653693962e-03 0.000000000e+00
2.654000000e-03 0.000000000e+00
2.654000001e-03 3.300000000e+00
2.654691962e-03 3.300000000e+00
2.654691963e-03 0.000000000e+00
2.655000000e-03 0.000000000e+00
2.655000001e-03 3.300000000e+00
2.655689962e-03 3.300000000e+00
2.655689963e-03 0.000000000e+00
2.656000000e-03 0.000000000e+00
2.656000001e-03 3.300000000e+00
2.656687962e-03 3.300000000e+00
2.656687963e-03 0.000000000e+00
2.657000000e-03 0.000000000e+00
2.657000001e-03 3.300000000e+00
2.657685963e-03 3.300000000e+00
2.657685964e-03 0.000000000e+00
2.658000000e-03 0.000000000e+00
2.658000001e-03 3.300000000e+00
2.658683963e-03 3.300000000e+00
2.658683964e-03 0.000000000e+00
2.659000000e-03 0.000000000e+00
2.659000001e-03 3.300000000e+00
2.659681964e-03 3.300000000e+00
2.659681965e-03 0.000000000e+00
2.660000000e-03 0.000000000e+00
2.660000001e-03 3.300000000e+00
2.660679964e-03 3.300000000e+00
2.660679965e-03 0.000000000e+00
2.661000000e-03 0.000000000e+00
2.661000001e-03 3.300000000e+00
2.661677964e-03 3.300000000e+00
2.661677965e-03 0.000000000e+00
2.662000000e-03 0.000000000e+00
2.662000001e-03 3.300000000e+00
2.662675965e-03 3.300000000e+00
2.662675966e-03 0.000000000e+00
2.663000000e-03 0.000000000e+00
2.663000001e-03 3.300000000e+00
2.663673965e-03 3.300000000e+00
2.663673966e-03 0.000000000e+00
2.664000000e-03 0.000000000e+00
2.664000001e-03 3.300000000e+00
2.664671966e-03 3.300000000e+00
2.664671967e-03 0.000000000e+00
2.665000000e-03 0.000000000e+00
2.665000001e-03 3.300000000e+00
2.665669966e-03 3.300000000e+00
2.665669967e-03 0.000000000e+00
2.666000000e-03 0.000000000e+00
2.666000001e-03 3.300000000e+00
2.666667966e-03 3.300000000e+00
2.666667967e-03 0.000000000e+00
2.667000000e-03 0.000000000e+00
2.667000001e-03 3.300000000e+00
2.667665967e-03 3.300000000e+00
2.667665968e-03 0.000000000e+00
2.668000000e-03 0.000000000e+00
2.668000001e-03 3.300000000e+00
2.668663967e-03 3.300000000e+00
2.668663968e-03 0.000000000e+00
2.669000000e-03 0.000000000e+00
2.669000001e-03 3.300000000e+00
2.669661968e-03 3.300000000e+00
2.669661969e-03 0.000000000e+00
2.670000000e-03 0.000000000e+00
2.670000001e-03 3.300000000e+00
2.670659968e-03 3.300000000e+00
2.670659969e-03 0.000000000e+00
2.671000000e-03 0.000000000e+00
2.671000001e-03 3.300000000e+00
2.671657968e-03 3.300000000e+00
2.671657969e-03 0.000000000e+00
2.672000000e-03 0.000000000e+00
2.672000001e-03 3.300000000e+00
2.672655969e-03 3.300000000e+00
2.672655970e-03 0.000000000e+00
2.673000000e-03 0.000000000e+00
2.673000001e-03 3.300000000e+00
2.673653969e-03 3.300000000e+00
2.673653970e-03 0.000000000e+00
2.674000000e-03 0.000000000e+00
2.674000001e-03 3.300000000e+00
2.674651970e-03 3.300000000e+00
2.674651971e-03 0.000000000e+00
2.675000000e-03 0.000000000e+00
2.675000001e-03 3.300000000e+00
2.675649970e-03 3.300000000e+00
2.675649971e-03 0.000000000e+00
2.676000000e-03 0.000000000e+00
2.676000001e-03 3.300000000e+00
2.676647970e-03 3.300000000e+00
2.676647971e-03 0.000000000e+00
2.677000000e-03 0.000000000e+00
2.677000001e-03 3.300000000e+00
2.677645971e-03 3.300000000e+00
2.677645972e-03 0.000000000e+00
2.678000000e-03 0.000000000e+00
2.678000001e-03 3.300000000e+00
2.678643971e-03 3.300000000e+00
2.678643972e-03 0.000000000e+00
2.679000000e-03 0.000000000e+00
2.679000001e-03 3.300000000e+00
2.679641972e-03 3.300000000e+00
2.679641973e-03 0.000000000e+00
2.680000000e-03 0.000000000e+00
2.680000001e-03 3.300000000e+00
2.680639972e-03 3.300000000e+00
2.680639973e-03 0.000000000e+00
2.681000000e-03 0.000000000e+00
2.681000001e-03 3.300000000e+00
2.681637972e-03 3.300000000e+00
2.681637973e-03 0.000000000e+00
2.682000000e-03 0.000000000e+00
2.682000001e-03 3.300000000e+00
2.682635973e-03 3.300000000e+00
2.682635974e-03 0.000000000e+00
2.683000000e-03 0.000000000e+00
2.683000001e-03 3.300000000e+00
2.683633973e-03 3.300000000e+00
2.683633974e-03 0.000000000e+00
2.684000000e-03 0.000000000e+00
2.684000001e-03 3.300000000e+00
2.684631974e-03 3.300000000e+00
2.684631975e-03 0.000000000e+00
2.685000000e-03 0.000000000e+00
2.685000001e-03 3.300000000e+00
2.685629974e-03 3.300000000e+00
2.685629975e-03 0.000000000e+00
2.686000000e-03 0.000000000e+00
2.686000001e-03 3.300000000e+00
2.686627974e-03 3.300000000e+00
2.686627975e-03 0.000000000e+00
2.687000000e-03 0.000000000e+00
2.687000001e-03 3.300000000e+00
2.687625975e-03 3.300000000e+00
2.687625976e-03 0.000000000e+00
2.688000000e-03 0.000000000e+00
2.688000001e-03 3.300000000e+00
2.688623975e-03 3.300000000e+00
2.688623976e-03 0.000000000e+00
2.689000000e-03 0.000000000e+00
2.689000001e-03 3.300000000e+00
2.689621976e-03 3.300000000e+00
2.689621977e-03 0.000000000e+00
2.690000000e-03 0.000000000e+00
2.690000001e-03 3.300000000e+00
2.690619976e-03 3.300000000e+00
2.690619977e-03 0.000000000e+00
2.691000000e-03 0.000000000e+00
2.691000001e-03 3.300000000e+00
2.691617976e-03 3.300000000e+00
2.691617977e-03 0.000000000e+00
2.692000000e-03 0.000000000e+00
2.692000001e-03 3.300000000e+00
2.692615977e-03 3.300000000e+00
2.692615978e-03 0.000000000e+00
2.693000000e-03 0.000000000e+00
2.693000001e-03 3.300000000e+00
2.693613977e-03 3.300000000e+00
2.693613978e-03 0.000000000e+00
2.694000000e-03 0.000000000e+00
2.694000001e-03 3.300000000e+00
2.694611978e-03 3.300000000e+00
2.694611979e-03 0.000000000e+00
2.695000000e-03 0.000000000e+00
2.695000001e-03 3.300000000e+00
2.695609978e-03 3.300000000e+00
2.695609979e-03 0.000000000e+00
2.696000000e-03 0.000000000e+00
2.696000001e-03 3.300000000e+00
2.696607978e-03 3.300000000e+00
2.696607979e-03 0.000000000e+00
2.697000000e-03 0.000000000e+00
2.697000001e-03 3.300000000e+00
2.697605979e-03 3.300000000e+00
2.697605980e-03 0.000000000e+00
2.698000000e-03 0.000000000e+00
2.698000001e-03 3.300000000e+00
2.698603979e-03 3.300000000e+00
2.698603980e-03 0.000000000e+00
2.699000000e-03 0.000000000e+00
2.699000001e-03 3.300000000e+00
2.699601980e-03 3.300000000e+00
2.699601981e-03 0.000000000e+00
2.700000000e-03 0.000000000e+00
2.700000001e-03 3.300000000e+00
2.700599980e-03 3.300000000e+00
2.700599981e-03 0.000000000e+00
2.701000000e-03 0.000000000e+00
2.701000001e-03 3.300000000e+00
2.701597980e-03 3.300000000e+00
2.701597981e-03 0.000000000e+00
2.702000000e-03 0.000000000e+00
2.702000001e-03 3.300000000e+00
2.702595981e-03 3.300000000e+00
2.702595982e-03 0.000000000e+00
2.703000000e-03 0.000000000e+00
2.703000001e-03 3.300000000e+00
2.703593981e-03 3.300000000e+00
2.703593982e-03 0.000000000e+00
2.704000000e-03 0.000000000e+00
2.704000001e-03 3.300000000e+00
2.704591982e-03 3.300000000e+00
2.704591983e-03 0.000000000e+00
2.705000000e-03 0.000000000e+00
2.705000001e-03 3.300000000e+00
2.705589982e-03 3.300000000e+00
2.705589983e-03 0.000000000e+00
2.706000000e-03 0.000000000e+00
2.706000001e-03 3.300000000e+00
2.706587982e-03 3.300000000e+00
2.706587983e-03 0.000000000e+00
2.707000000e-03 0.000000000e+00
2.707000001e-03 3.300000000e+00
2.707585983e-03 3.300000000e+00
2.707585984e-03 0.000000000e+00
2.708000000e-03 0.000000000e+00
2.708000001e-03 3.300000000e+00
2.708583983e-03 3.300000000e+00
2.708583984e-03 0.000000000e+00
2.709000000e-03 0.000000000e+00
2.709000001e-03 3.300000000e+00
2.709581984e-03 3.300000000e+00
2.709581985e-03 0.000000000e+00
2.710000000e-03 0.000000000e+00
2.710000001e-03 3.300000000e+00
2.710579984e-03 3.300000000e+00
2.710579985e-03 0.000000000e+00
2.711000000e-03 0.000000000e+00
2.711000001e-03 3.300000000e+00
2.711577984e-03 3.300000000e+00
2.711577985e-03 0.000000000e+00
2.712000000e-03 0.000000000e+00
2.712000001e-03 3.300000000e+00
2.712575985e-03 3.300000000e+00
2.712575986e-03 0.000000000e+00
2.713000000e-03 0.000000000e+00
2.713000001e-03 3.300000000e+00
2.713573985e-03 3.300000000e+00
2.713573986e-03 0.000000000e+00
2.714000000e-03 0.000000000e+00
2.714000001e-03 3.300000000e+00
2.714571986e-03 3.300000000e+00
2.714571987e-03 0.000000000e+00
2.715000000e-03 0.000000000e+00
2.715000001e-03 3.300000000e+00
2.715569986e-03 3.300000000e+00
2.715569987e-03 0.000000000e+00
2.716000000e-03 0.000000000e+00
2.716000001e-03 3.300000000e+00
2.716567986e-03 3.300000000e+00
2.716567987e-03 0.000000000e+00
2.717000000e-03 0.000000000e+00
2.717000001e-03 3.300000000e+00
2.717565987e-03 3.300000000e+00
2.717565988e-03 0.000000000e+00
2.718000000e-03 0.000000000e+00
2.718000001e-03 3.300000000e+00
2.718563987e-03 3.300000000e+00
2.718563988e-03 0.000000000e+00
2.719000000e-03 0.000000000e+00
2.719000001e-03 3.300000000e+00
2.719561988e-03 3.300000000e+00
2.719561989e-03 0.000000000e+00
2.720000000e-03 0.000000000e+00
2.720000001e-03 3.300000000e+00
2.720559988e-03 3.300000000e+00
2.720559989e-03 0.000000000e+00
2.721000000e-03 0.000000000e+00
2.721000001e-03 3.300000000e+00
2.721557988e-03 3.300000000e+00
2.721557989e-03 0.000000000e+00
2.722000000e-03 0.000000000e+00
2.722000001e-03 3.300000000e+00
2.722555989e-03 3.300000000e+00
2.722555990e-03 0.000000000e+00
2.723000000e-03 0.000000000e+00
2.723000001e-03 3.300000000e+00
2.723553989e-03 3.300000000e+00
2.723553990e-03 0.000000000e+00
2.724000000e-03 0.000000000e+00
2.724000001e-03 3.300000000e+00
2.724551990e-03 3.300000000e+00
2.724551991e-03 0.000000000e+00
2.725000000e-03 0.000000000e+00
2.725000001e-03 3.300000000e+00
2.725549990e-03 3.300000000e+00
2.725549991e-03 0.000000000e+00
2.726000000e-03 0.000000000e+00
2.726000001e-03 3.300000000e+00
2.726547990e-03 3.300000000e+00
2.726547991e-03 0.000000000e+00
2.727000000e-03 0.000000000e+00
2.727000001e-03 3.300000000e+00
2.727545991e-03 3.300000000e+00
2.727545992e-03 0.000000000e+00
2.728000000e-03 0.000000000e+00
2.728000001e-03 3.300000000e+00
2.728543991e-03 3.300000000e+00
2.728543992e-03 0.000000000e+00
2.729000000e-03 0.000000000e+00
2.729000001e-03 3.300000000e+00
2.729541992e-03 3.300000000e+00
2.729541993e-03 0.000000000e+00
2.730000000e-03 0.000000000e+00
2.730000001e-03 3.300000000e+00
2.730539992e-03 3.300000000e+00
2.730539993e-03 0.000000000e+00
2.731000000e-03 0.000000000e+00
2.731000001e-03 3.300000000e+00
2.731537992e-03 3.300000000e+00
2.731537993e-03 0.000000000e+00
2.732000000e-03 0.000000000e+00
2.732000001e-03 3.300000000e+00
2.732535993e-03 3.300000000e+00
2.732535994e-03 0.000000000e+00
2.733000000e-03 0.000000000e+00
2.733000001e-03 3.300000000e+00
2.733533993e-03 3.300000000e+00
2.733533994e-03 0.000000000e+00
2.734000000e-03 0.000000000e+00
2.734000001e-03 3.300000000e+00
2.734531994e-03 3.300000000e+00
2.734531995e-03 0.000000000e+00
2.735000000e-03 0.000000000e+00
2.735000001e-03 3.300000000e+00
2.735529994e-03 3.300000000e+00
2.735529995e-03 0.000000000e+00
2.736000000e-03 0.000000000e+00
2.736000001e-03 3.300000000e+00
2.736527994e-03 3.300000000e+00
2.736527995e-03 0.000000000e+00
2.737000000e-03 0.000000000e+00
2.737000001e-03 3.300000000e+00
2.737525995e-03 3.300000000e+00
2.737525996e-03 0.000000000e+00
2.738000000e-03 0.000000000e+00
2.738000001e-03 3.300000000e+00
2.738523995e-03 3.300000000e+00
2.738523996e-03 0.000000000e+00
2.739000000e-03 0.000000000e+00
2.739000001e-03 3.300000000e+00
2.739521996e-03 3.300000000e+00
2.739521997e-03 0.000000000e+00
2.740000000e-03 0.000000000e+00
2.740000001e-03 3.300000000e+00
2.740519996e-03 3.300000000e+00
2.740519997e-03 0.000000000e+00
2.741000000e-03 0.000000000e+00
2.741000001e-03 3.300000000e+00
2.741517996e-03 3.300000000e+00
2.741517997e-03 0.000000000e+00
2.742000000e-03 0.000000000e+00
2.742000001e-03 3.300000000e+00
2.742515997e-03 3.300000000e+00
2.742515998e-03 0.000000000e+00
2.743000000e-03 0.000000000e+00
2.743000001e-03 3.300000000e+00
2.743513997e-03 3.300000000e+00
2.743513998e-03 0.000000000e+00
2.744000000e-03 0.000000000e+00
2.744000001e-03 3.300000000e+00
2.744511998e-03 3.300000000e+00
2.744511999e-03 0.000000000e+00
2.745000000e-03 0.000000000e+00
2.745000001e-03 3.300000000e+00
2.745509998e-03 3.300000000e+00
2.745509999e-03 0.000000000e+00
2.746000000e-03 0.000000000e+00
2.746000001e-03 3.300000000e+00
2.746507998e-03 3.300000000e+00
2.746507999e-03 0.000000000e+00
2.747000000e-03 0.000000000e+00
2.747000001e-03 3.300000000e+00
2.747505999e-03 3.300000000e+00
2.747506000e-03 0.000000000e+00
2.748000000e-03 0.000000000e+00
2.748000001e-03 3.300000000e+00
2.748503999e-03 3.300000000e+00
2.748504000e-03 0.000000000e+00
2.749000000e-03 0.000000000e+00
2.749000001e-03 3.300000000e+00
2.749502000e-03 3.300000000e+00
2.749502001e-03 0.000000000e+00
2.750000000e-03 0.000000000e+00
2.750000001e-03 3.300000000e+00
2.750500000e-03 3.300000000e+00
2.750500001e-03 0.000000000e+00
2.751000000e-03 0.000000000e+00
2.751000001e-03 3.300000000e+00
2.751498000e-03 3.300000000e+00
2.751498001e-03 0.000000000e+00
2.752000000e-03 0.000000000e+00
2.752000001e-03 3.300000000e+00
2.752496001e-03 3.300000000e+00
2.752496002e-03 0.000000000e+00
2.753000000e-03 0.000000000e+00
2.753000001e-03 3.300000000e+00
2.753494001e-03 3.300000000e+00
2.753494002e-03 0.000000000e+00
2.754000000e-03 0.000000000e+00
2.754000001e-03 3.300000000e+00
2.754492002e-03 3.300000000e+00
2.754492003e-03 0.000000000e+00
2.755000000e-03 0.000000000e+00
2.755000001e-03 3.300000000e+00
2.755490002e-03 3.300000000e+00
2.755490003e-03 0.000000000e+00
2.756000000e-03 0.000000000e+00
2.756000001e-03 3.300000000e+00
2.756488002e-03 3.300000000e+00
2.756488003e-03 0.000000000e+00
2.757000000e-03 0.000000000e+00
2.757000001e-03 3.300000000e+00
2.757486003e-03 3.300000000e+00
2.757486004e-03 0.000000000e+00
2.758000000e-03 0.000000000e+00
2.758000001e-03 3.300000000e+00
2.758484003e-03 3.300000000e+00
2.758484004e-03 0.000000000e+00
2.759000000e-03 0.000000000e+00
2.759000001e-03 3.300000000e+00
2.759482004e-03 3.300000000e+00
2.759482005e-03 0.000000000e+00
2.760000000e-03 0.000000000e+00
2.760000001e-03 3.300000000e+00
2.760480004e-03 3.300000000e+00
2.760480005e-03 0.000000000e+00
2.761000000e-03 0.000000000e+00
2.761000001e-03 3.300000000e+00
2.761478004e-03 3.300000000e+00
2.761478005e-03 0.000000000e+00
2.762000000e-03 0.000000000e+00
2.762000001e-03 3.300000000e+00
2.762476005e-03 3.300000000e+00
2.762476006e-03 0.000000000e+00
2.763000000e-03 0.000000000e+00
2.763000001e-03 3.300000000e+00
2.763474005e-03 3.300000000e+00
2.763474006e-03 0.000000000e+00
2.764000000e-03 0.000000000e+00
2.764000001e-03 3.300000000e+00
2.764472006e-03 3.300000000e+00
2.764472007e-03 0.000000000e+00
2.765000000e-03 0.000000000e+00
2.765000001e-03 3.300000000e+00
2.765470006e-03 3.300000000e+00
2.765470007e-03 0.000000000e+00
2.766000000e-03 0.000000000e+00
2.766000001e-03 3.300000000e+00
2.766468006e-03 3.300000000e+00
2.766468007e-03 0.000000000e+00
2.767000000e-03 0.000000000e+00
2.767000001e-03 3.300000000e+00
2.767466007e-03 3.300000000e+00
2.767466008e-03 0.000000000e+00
2.768000000e-03 0.000000000e+00
2.768000001e-03 3.300000000e+00
2.768464007e-03 3.300000000e+00
2.768464008e-03 0.000000000e+00
2.769000000e-03 0.000000000e+00
2.769000001e-03 3.300000000e+00
2.769462008e-03 3.300000000e+00
2.769462009e-03 0.000000000e+00
2.770000000e-03 0.000000000e+00
2.770000001e-03 3.300000000e+00
2.770460008e-03 3.300000000e+00
2.770460009e-03 0.000000000e+00
2.771000000e-03 0.000000000e+00
2.771000001e-03 3.300000000e+00
2.771458008e-03 3.300000000e+00
2.771458009e-03 0.000000000e+00
2.772000000e-03 0.000000000e+00
2.772000001e-03 3.300000000e+00
2.772456009e-03 3.300000000e+00
2.772456010e-03 0.000000000e+00
2.773000000e-03 0.000000000e+00
2.773000001e-03 3.300000000e+00
2.773454009e-03 3.300000000e+00
2.773454010e-03 0.000000000e+00
2.774000000e-03 0.000000000e+00
2.774000001e-03 3.300000000e+00
2.774452010e-03 3.300000000e+00
2.774452011e-03 0.000000000e+00
2.775000000e-03 0.000000000e+00
2.775000001e-03 3.300000000e+00
2.775450010e-03 3.300000000e+00
2.775450011e-03 0.000000000e+00
2.776000000e-03 0.000000000e+00
2.776000001e-03 3.300000000e+00
2.776448010e-03 3.300000000e+00
2.776448011e-03 0.000000000e+00
2.777000000e-03 0.000000000e+00
2.777000001e-03 3.300000000e+00
2.777446011e-03 3.300000000e+00
2.777446012e-03 0.000000000e+00
2.778000000e-03 0.000000000e+00
2.778000001e-03 3.300000000e+00
2.778444011e-03 3.300000000e+00
2.778444012e-03 0.000000000e+00
2.779000000e-03 0.000000000e+00
2.779000001e-03 3.300000000e+00
2.779442012e-03 3.300000000e+00
2.779442013e-03 0.000000000e+00
2.780000000e-03 0.000000000e+00
2.780000001e-03 3.300000000e+00
2.780440012e-03 3.300000000e+00
2.780440013e-03 0.000000000e+00
2.781000000e-03 0.000000000e+00
2.781000001e-03 3.300000000e+00
2.781438012e-03 3.300000000e+00
2.781438013e-03 0.000000000e+00
2.782000000e-03 0.000000000e+00
2.782000001e-03 3.300000000e+00
2.782436013e-03 3.300000000e+00
2.782436014e-03 0.000000000e+00
2.783000000e-03 0.000000000e+00
2.783000001e-03 3.300000000e+00
2.783434013e-03 3.300000000e+00
2.783434014e-03 0.000000000e+00
2.784000000e-03 0.000000000e+00
2.784000001e-03 3.300000000e+00
2.784432014e-03 3.300000000e+00
2.784432015e-03 0.000000000e+00
2.785000000e-03 0.000000000e+00
2.785000001e-03 3.300000000e+00
2.785430014e-03 3.300000000e+00
2.785430015e-03 0.000000000e+00
2.786000000e-03 0.000000000e+00
2.786000001e-03 3.300000000e+00
2.786428014e-03 3.300000000e+00
2.786428015e-03 0.000000000e+00
2.787000000e-03 0.000000000e+00
2.787000001e-03 3.300000000e+00
2.787426015e-03 3.300000000e+00
2.787426016e-03 0.000000000e+00
2.788000000e-03 0.000000000e+00
2.788000001e-03 3.300000000e+00
2.788424015e-03 3.300000000e+00
2.788424016e-03 0.000000000e+00
2.789000000e-03 0.000000000e+00
2.789000001e-03 3.300000000e+00
2.789422016e-03 3.300000000e+00
2.789422017e-03 0.000000000e+00
2.790000000e-03 0.000000000e+00
2.790000001e-03 3.300000000e+00
2.790420016e-03 3.300000000e+00
2.790420017e-03 0.000000000e+00
2.791000000e-03 0.000000000e+00
2.791000001e-03 3.300000000e+00
2.791418016e-03 3.300000000e+00
2.791418017e-03 0.000000000e+00
2.792000000e-03 0.000000000e+00
2.792000001e-03 3.300000000e+00
2.792416017e-03 3.300000000e+00
2.792416018e-03 0.000000000e+00
2.793000000e-03 0.000000000e+00
2.793000001e-03 3.300000000e+00
2.793414017e-03 3.300000000e+00
2.793414018e-03 0.000000000e+00
2.794000000e-03 0.000000000e+00
2.794000001e-03 3.300000000e+00
2.794412018e-03 3.300000000e+00
2.794412019e-03 0.000000000e+00
2.795000000e-03 0.000000000e+00
2.795000001e-03 3.300000000e+00
2.795410018e-03 3.300000000e+00
2.795410019e-03 0.000000000e+00
2.796000000e-03 0.000000000e+00
2.796000001e-03 3.300000000e+00
2.796408018e-03 3.300000000e+00
2.796408019e-03 0.000000000e+00
2.797000000e-03 0.000000000e+00
2.797000001e-03 3.300000000e+00
2.797406019e-03 3.300000000e+00
2.797406020e-03 0.000000000e+00
2.798000000e-03 0.000000000e+00
2.798000001e-03 3.300000000e+00
2.798404019e-03 3.300000000e+00
2.798404020e-03 0.000000000e+00
2.799000000e-03 0.000000000e+00
2.799000001e-03 3.300000000e+00
2.799402020e-03 3.300000000e+00
2.799402021e-03 0.000000000e+00
2.800000000e-03 0.000000000e+00
2.800000001e-03 3.300000000e+00
2.800400020e-03 3.300000000e+00
2.800400021e-03 0.000000000e+00
2.801000000e-03 0.000000000e+00
2.801000001e-03 3.300000000e+00
2.801398020e-03 3.300000000e+00
2.801398021e-03 0.000000000e+00
2.802000000e-03 0.000000000e+00
2.802000001e-03 3.300000000e+00
2.802396021e-03 3.300000000e+00
2.802396022e-03 0.000000000e+00
2.803000000e-03 0.000000000e+00
2.803000001e-03 3.300000000e+00
2.803394021e-03 3.300000000e+00
2.803394022e-03 0.000000000e+00
2.804000000e-03 0.000000000e+00
2.804000001e-03 3.300000000e+00
2.804392022e-03 3.300000000e+00
2.804392023e-03 0.000000000e+00
2.805000000e-03 0.000000000e+00
2.805000001e-03 3.300000000e+00
2.805390022e-03 3.300000000e+00
2.805390023e-03 0.000000000e+00
2.806000000e-03 0.000000000e+00
2.806000001e-03 3.300000000e+00
2.806388022e-03 3.300000000e+00
2.806388023e-03 0.000000000e+00
2.807000000e-03 0.000000000e+00
2.807000001e-03 3.300000000e+00
2.807386023e-03 3.300000000e+00
2.807386024e-03 0.000000000e+00
2.808000000e-03 0.000000000e+00
2.808000001e-03 3.300000000e+00
2.808384023e-03 3.300000000e+00
2.808384024e-03 0.000000000e+00
2.809000000e-03 0.000000000e+00
2.809000001e-03 3.300000000e+00
2.809382024e-03 3.300000000e+00
2.809382025e-03 0.000000000e+00
2.810000000e-03 0.000000000e+00
2.810000001e-03 3.300000000e+00
2.810380024e-03 3.300000000e+00
2.810380025e-03 0.000000000e+00
2.811000000e-03 0.000000000e+00
2.811000001e-03 3.300000000e+00
2.811378024e-03 3.300000000e+00
2.811378025e-03 0.000000000e+00
2.812000000e-03 0.000000000e+00
2.812000001e-03 3.300000000e+00
2.812376025e-03 3.300000000e+00
2.812376026e-03 0.000000000e+00
2.813000000e-03 0.000000000e+00
2.813000001e-03 3.300000000e+00
2.813374025e-03 3.300000000e+00
2.813374026e-03 0.000000000e+00
2.814000000e-03 0.000000000e+00
2.814000001e-03 3.300000000e+00
2.814372026e-03 3.300000000e+00
2.814372027e-03 0.000000000e+00
2.815000000e-03 0.000000000e+00
2.815000001e-03 3.300000000e+00
2.815370026e-03 3.300000000e+00
2.815370027e-03 0.000000000e+00
2.816000000e-03 0.000000000e+00
2.816000001e-03 3.300000000e+00
2.816368026e-03 3.300000000e+00
2.816368027e-03 0.000000000e+00
2.817000000e-03 0.000000000e+00
2.817000001e-03 3.300000000e+00
2.817366027e-03 3.300000000e+00
2.817366028e-03 0.000000000e+00
2.818000000e-03 0.000000000e+00
2.818000001e-03 3.300000000e+00
2.818364027e-03 3.300000000e+00
2.818364028e-03 0.000000000e+00
2.819000000e-03 0.000000000e+00
2.819000001e-03 3.300000000e+00
2.819362028e-03 3.300000000e+00
2.819362029e-03 0.000000000e+00
2.820000000e-03 0.000000000e+00
2.820000001e-03 3.300000000e+00
2.820360028e-03 3.300000000e+00
2.820360029e-03 0.000000000e+00
2.821000000e-03 0.000000000e+00
2.821000001e-03 3.300000000e+00
2.821358028e-03 3.300000000e+00
2.821358029e-03 0.000000000e+00
2.822000000e-03 0.000000000e+00
2.822000001e-03 3.300000000e+00
2.822356029e-03 3.300000000e+00
2.822356030e-03 0.000000000e+00
2.823000000e-03 0.000000000e+00
2.823000001e-03 3.300000000e+00
2.823354029e-03 3.300000000e+00
2.823354030e-03 0.000000000e+00
2.824000000e-03 0.000000000e+00
2.824000001e-03 3.300000000e+00
2.824352030e-03 3.300000000e+00
2.824352031e-03 0.000000000e+00
2.825000000e-03 0.000000000e+00
2.825000001e-03 3.300000000e+00
2.825350030e-03 3.300000000e+00
2.825350031e-03 0.000000000e+00
2.826000000e-03 0.000000000e+00
2.826000001e-03 3.300000000e+00
2.826348030e-03 3.300000000e+00
2.826348031e-03 0.000000000e+00
2.827000000e-03 0.000000000e+00
2.827000001e-03 3.300000000e+00
2.827346031e-03 3.300000000e+00
2.827346032e-03 0.000000000e+00
2.828000000e-03 0.000000000e+00
2.828000001e-03 3.300000000e+00
2.828344031e-03 3.300000000e+00
2.828344032e-03 0.000000000e+00
2.829000000e-03 0.000000000e+00
2.829000001e-03 3.300000000e+00
2.829342032e-03 3.300000000e+00
2.829342033e-03 0.000000000e+00
2.830000000e-03 0.000000000e+00
2.830000001e-03 3.300000000e+00
2.830340032e-03 3.300000000e+00
2.830340033e-03 0.000000000e+00
2.831000000e-03 0.000000000e+00
2.831000001e-03 3.300000000e+00
2.831338032e-03 3.300000000e+00
2.831338033e-03 0.000000000e+00
2.832000000e-03 0.000000000e+00
2.832000001e-03 3.300000000e+00
2.832336033e-03 3.300000000e+00
2.832336034e-03 0.000000000e+00
2.833000000e-03 0.000000000e+00
2.833000001e-03 3.300000000e+00
2.833334033e-03 3.300000000e+00
2.833334034e-03 0.000000000e+00
2.834000000e-03 0.000000000e+00
2.834000001e-03 3.300000000e+00
2.834332034e-03 3.300000000e+00
2.834332035e-03 0.000000000e+00
2.835000000e-03 0.000000000e+00
2.835000001e-03 3.300000000e+00
2.835330034e-03 3.300000000e+00
2.835330035e-03 0.000000000e+00
2.836000000e-03 0.000000000e+00
2.836000001e-03 3.300000000e+00
2.836328034e-03 3.300000000e+00
2.836328035e-03 0.000000000e+00
2.837000000e-03 0.000000000e+00
2.837000001e-03 3.300000000e+00
2.837326035e-03 3.300000000e+00
2.837326036e-03 0.000000000e+00
2.838000000e-03 0.000000000e+00
2.838000001e-03 3.300000000e+00
2.838324035e-03 3.300000000e+00
2.838324036e-03 0.000000000e+00
2.839000000e-03 0.000000000e+00
2.839000001e-03 3.300000000e+00
2.839322036e-03 3.300000000e+00
2.839322037e-03 0.000000000e+00
2.840000000e-03 0.000000000e+00
2.840000001e-03 3.300000000e+00
2.840320036e-03 3.300000000e+00
2.840320037e-03 0.000000000e+00
2.841000000e-03 0.000000000e+00
2.841000001e-03 3.300000000e+00
2.841318036e-03 3.300000000e+00
2.841318037e-03 0.000000000e+00
2.842000000e-03 0.000000000e+00
2.842000001e-03 3.300000000e+00
2.842316037e-03 3.300000000e+00
2.842316038e-03 0.000000000e+00
2.843000000e-03 0.000000000e+00
2.843000001e-03 3.300000000e+00
2.843314037e-03 3.300000000e+00
2.843314038e-03 0.000000000e+00
2.844000000e-03 0.000000000e+00
2.844000001e-03 3.300000000e+00
2.844312038e-03 3.300000000e+00
2.844312039e-03 0.000000000e+00
2.845000000e-03 0.000000000e+00
2.845000001e-03 3.300000000e+00
2.845310038e-03 3.300000000e+00
2.845310039e-03 0.000000000e+00
2.846000000e-03 0.000000000e+00
2.846000001e-03 3.300000000e+00
2.846308038e-03 3.300000000e+00
2.846308039e-03 0.000000000e+00
2.847000000e-03 0.000000000e+00
2.847000001e-03 3.300000000e+00
2.847306039e-03 3.300000000e+00
2.847306040e-03 0.000000000e+00
2.848000000e-03 0.000000000e+00
2.848000001e-03 3.300000000e+00
2.848304039e-03 3.300000000e+00
2.848304040e-03 0.000000000e+00
2.849000000e-03 0.000000000e+00
2.849000001e-03 3.300000000e+00
2.849302040e-03 3.300000000e+00
2.849302041e-03 0.000000000e+00
2.850000000e-03 0.000000000e+00
2.850000001e-03 3.300000000e+00
2.850300040e-03 3.300000000e+00
2.850300041e-03 0.000000000e+00
2.851000000e-03 0.000000000e+00
2.851000001e-03 3.300000000e+00
2.851298040e-03 3.300000000e+00
2.851298041e-03 0.000000000e+00
2.852000000e-03 0.000000000e+00
2.852000001e-03 3.300000000e+00
2.852296041e-03 3.300000000e+00
2.852296042e-03 0.000000000e+00
2.853000000e-03 0.000000000e+00
2.853000001e-03 3.300000000e+00
2.853294041e-03 3.300000000e+00
2.853294042e-03 0.000000000e+00
2.854000000e-03 0.000000000e+00
2.854000001e-03 3.300000000e+00
2.854292042e-03 3.300000000e+00
2.854292043e-03 0.000000000e+00
2.855000000e-03 0.000000000e+00
2.855000001e-03 3.300000000e+00
2.855290042e-03 3.300000000e+00
2.855290043e-03 0.000000000e+00
2.856000000e-03 0.000000000e+00
2.856000001e-03 3.300000000e+00
2.856288042e-03 3.300000000e+00
2.856288043e-03 0.000000000e+00
2.857000000e-03 0.000000000e+00
2.857000001e-03 3.300000000e+00
2.857286043e-03 3.300000000e+00
2.857286044e-03 0.000000000e+00
2.858000000e-03 0.000000000e+00
2.858000001e-03 3.300000000e+00
2.858284043e-03 3.300000000e+00
2.858284044e-03 0.000000000e+00
2.859000000e-03 0.000000000e+00
2.859000001e-03 3.300000000e+00
2.859282044e-03 3.300000000e+00
2.859282045e-03 0.000000000e+00
2.860000000e-03 0.000000000e+00
2.860000001e-03 3.300000000e+00
2.860280044e-03 3.300000000e+00
2.860280045e-03 0.000000000e+00
2.861000000e-03 0.000000000e+00
2.861000001e-03 3.300000000e+00
2.861278044e-03 3.300000000e+00
2.861278045e-03 0.000000000e+00
2.862000000e-03 0.000000000e+00
2.862000001e-03 3.300000000e+00
2.862276045e-03 3.300000000e+00
2.862276046e-03 0.000000000e+00
2.863000000e-03 0.000000000e+00
2.863000001e-03 3.300000000e+00
2.863274045e-03 3.300000000e+00
2.863274046e-03 0.000000000e+00
2.864000000e-03 0.000000000e+00
2.864000001e-03 3.300000000e+00
2.864272046e-03 3.300000000e+00
2.864272047e-03 0.000000000e+00
2.865000000e-03 0.000000000e+00
2.865000001e-03 3.300000000e+00
2.865270046e-03 3.300000000e+00
2.865270047e-03 0.000000000e+00
2.866000000e-03 0.000000000e+00
2.866000001e-03 3.300000000e+00
2.866268046e-03 3.300000000e+00
2.866268047e-03 0.000000000e+00
2.867000000e-03 0.000000000e+00
2.867000001e-03 3.300000000e+00
2.867266047e-03 3.300000000e+00
2.867266048e-03 0.000000000e+00
2.868000000e-03 0.000000000e+00
2.868000001e-03 3.300000000e+00
2.868264047e-03 3.300000000e+00
2.868264048e-03 0.000000000e+00
2.869000000e-03 0.000000000e+00
2.869000001e-03 3.300000000e+00
2.869262048e-03 3.300000000e+00
2.869262049e-03 0.000000000e+00
2.870000000e-03 0.000000000e+00
2.870000001e-03 3.300000000e+00
2.870260048e-03 3.300000000e+00
2.870260049e-03 0.000000000e+00
2.871000000e-03 0.000000000e+00
2.871000001e-03 3.300000000e+00
2.871258048e-03 3.300000000e+00
2.871258049e-03 0.000000000e+00
2.872000000e-03 0.000000000e+00
2.872000001e-03 3.300000000e+00
2.872256049e-03 3.300000000e+00
2.872256050e-03 0.000000000e+00
2.873000000e-03 0.000000000e+00
2.873000001e-03 3.300000000e+00
2.873254049e-03 3.300000000e+00
2.873254050e-03 0.000000000e+00
2.874000000e-03 0.000000000e+00
2.874000001e-03 3.300000000e+00
2.874252050e-03 3.300000000e+00
2.874252051e-03 0.000000000e+00
2.875000000e-03 0.000000000e+00
2.875000001e-03 3.300000000e+00
2.875250050e-03 3.300000000e+00
2.875250051e-03 0.000000000e+00
2.876000000e-03 0.000000000e+00
2.876000001e-03 3.300000000e+00
2.876248050e-03 3.300000000e+00
2.876248051e-03 0.000000000e+00
2.877000000e-03 0.000000000e+00
2.877000001e-03 3.300000000e+00
2.877246051e-03 3.300000000e+00
2.877246052e-03 0.000000000e+00
2.878000000e-03 0.000000000e+00
2.878000001e-03 3.300000000e+00
2.878244051e-03 3.300000000e+00
2.878244052e-03 0.000000000e+00
2.879000000e-03 0.000000000e+00
2.879000001e-03 3.300000000e+00
2.879242052e-03 3.300000000e+00
2.879242053e-03 0.000000000e+00
2.880000000e-03 0.000000000e+00
2.880000001e-03 3.300000000e+00
2.880240052e-03 3.300000000e+00
2.880240053e-03 0.000000000e+00
2.881000000e-03 0.000000000e+00
2.881000001e-03 3.300000000e+00
2.881238052e-03 3.300000000e+00
2.881238053e-03 0.000000000e+00
2.882000000e-03 0.000000000e+00
2.882000001e-03 3.300000000e+00
2.882236053e-03 3.300000000e+00
2.882236054e-03 0.000000000e+00
2.883000000e-03 0.000000000e+00
2.883000001e-03 3.300000000e+00
2.883234053e-03 3.300000000e+00
2.883234054e-03 0.000000000e+00
2.884000000e-03 0.000000000e+00
2.884000001e-03 3.300000000e+00
2.884232054e-03 3.300000000e+00
2.884232055e-03 0.000000000e+00
2.885000000e-03 0.000000000e+00
2.885000001e-03 3.300000000e+00
2.885230054e-03 3.300000000e+00
2.885230055e-03 0.000000000e+00
2.886000000e-03 0.000000000e+00
2.886000001e-03 3.300000000e+00
2.886228054e-03 3.300000000e+00
2.886228055e-03 0.000000000e+00
2.887000000e-03 0.000000000e+00
2.887000001e-03 3.300000000e+00
2.887226055e-03 3.300000000e+00
2.887226056e-03 0.000000000e+00
2.888000000e-03 0.000000000e+00
2.888000001e-03 3.300000000e+00
2.888224055e-03 3.300000000e+00
2.888224056e-03 0.000000000e+00
2.889000000e-03 0.000000000e+00
2.889000001e-03 3.300000000e+00
2.889222056e-03 3.300000000e+00
2.889222057e-03 0.000000000e+00
2.890000000e-03 0.000000000e+00
2.890000001e-03 3.300000000e+00
2.890220056e-03 3.300000000e+00
2.890220057e-03 0.000000000e+00
2.891000000e-03 0.000000000e+00
2.891000001e-03 3.300000000e+00
2.891218056e-03 3.300000000e+00
2.891218057e-03 0.000000000e+00
2.892000000e-03 0.000000000e+00
2.892000001e-03 3.300000000e+00
2.892216057e-03 3.300000000e+00
2.892216058e-03 0.000000000e+00
2.893000000e-03 0.000000000e+00
2.893000001e-03 3.300000000e+00
2.893214057e-03 3.300000000e+00
2.893214058e-03 0.000000000e+00
2.894000000e-03 0.000000000e+00
2.894000001e-03 3.300000000e+00
2.894212058e-03 3.300000000e+00
2.894212059e-03 0.000000000e+00
2.895000000e-03 0.000000000e+00
2.895000001e-03 3.300000000e+00
2.895210058e-03 3.300000000e+00
2.895210059e-03 0.000000000e+00
2.896000000e-03 0.000000000e+00
2.896000001e-03 3.300000000e+00
2.896208058e-03 3.300000000e+00
2.896208059e-03 0.000000000e+00
2.897000000e-03 0.000000000e+00
2.897000001e-03 3.300000000e+00
2.897206059e-03 3.300000000e+00
2.897206060e-03 0.000000000e+00
2.898000000e-03 0.000000000e+00
2.898000001e-03 3.300000000e+00
2.898204059e-03 3.300000000e+00
2.898204060e-03 0.000000000e+00
2.899000000e-03 0.000000000e+00
2.899000001e-03 3.300000000e+00
2.899202060e-03 3.300000000e+00
2.899202061e-03 0.000000000e+00
2.900000000e-03 0.000000000e+00
2.900000001e-03 3.300000000e+00
2.900200060e-03 3.300000000e+00
2.900200061e-03 0.000000000e+00
2.901000000e-03 0.000000000e+00
2.901000001e-03 3.300000000e+00
2.901198060e-03 3.300000000e+00
2.901198061e-03 0.000000000e+00
2.902000000e-03 0.000000000e+00
2.902000001e-03 3.300000000e+00
2.902196061e-03 3.300000000e+00
2.902196062e-03 0.000000000e+00
2.903000000e-03 0.000000000e+00
2.903000001e-03 3.300000000e+00
2.903194061e-03 3.300000000e+00
2.903194062e-03 0.000000000e+00
2.904000000e-03 0.000000000e+00
2.904000001e-03 3.300000000e+00
2.904192062e-03 3.300000000e+00
2.904192063e-03 0.000000000e+00
2.905000000e-03 0.000000000e+00
2.905000001e-03 3.300000000e+00
2.905190062e-03 3.300000000e+00
2.905190063e-03 0.000000000e+00
2.906000000e-03 0.000000000e+00
2.906000001e-03 3.300000000e+00
2.906188062e-03 3.300000000e+00
2.906188063e-03 0.000000000e+00
2.907000000e-03 0.000000000e+00
2.907000001e-03 3.300000000e+00
2.907186063e-03 3.300000000e+00
2.907186064e-03 0.000000000e+00
2.908000000e-03 0.000000000e+00
2.908000001e-03 3.300000000e+00
2.908184063e-03 3.300000000e+00
2.908184064e-03 0.000000000e+00
2.909000000e-03 0.000000000e+00
2.909000001e-03 3.300000000e+00
2.909182064e-03 3.300000000e+00
2.909182065e-03 0.000000000e+00
2.910000000e-03 0.000000000e+00
2.910000001e-03 3.300000000e+00
2.910180064e-03 3.300000000e+00
2.910180065e-03 0.000000000e+00
2.911000000e-03 0.000000000e+00
2.911000001e-03 3.300000000e+00
2.911178064e-03 3.300000000e+00
2.911178065e-03 0.000000000e+00
2.912000000e-03 0.000000000e+00
2.912000001e-03 3.300000000e+00
2.912176065e-03 3.300000000e+00
2.912176066e-03 0.000000000e+00
2.913000000e-03 0.000000000e+00
2.913000001e-03 3.300000000e+00
2.913174065e-03 3.300000000e+00
2.913174066e-03 0.000000000e+00
2.914000000e-03 0.000000000e+00
2.914000001e-03 3.300000000e+00
2.914172066e-03 3.300000000e+00
2.914172067e-03 0.000000000e+00
2.915000000e-03 0.000000000e+00
2.915000001e-03 3.300000000e+00
2.915170066e-03 3.300000000e+00
2.915170067e-03 0.000000000e+00
2.916000000e-03 0.000000000e+00
2.916000001e-03 3.300000000e+00
2.916168066e-03 3.300000000e+00
2.916168067e-03 0.000000000e+00
2.917000000e-03 0.000000000e+00
2.917000001e-03 3.300000000e+00
2.917166067e-03 3.300000000e+00
2.917166068e-03 0.000000000e+00
2.918000000e-03 0.000000000e+00
2.918000001e-03 3.300000000e+00
2.918164067e-03 3.300000000e+00
2.918164068e-03 0.000000000e+00
2.919000000e-03 0.000000000e+00
2.919000001e-03 3.300000000e+00
2.919162068e-03 3.300000000e+00
2.919162069e-03 0.000000000e+00
2.920000000e-03 0.000000000e+00
2.920000001e-03 3.300000000e+00
2.920160068e-03 3.300000000e+00
2.920160069e-03 0.000000000e+00
2.921000000e-03 0.000000000e+00
2.921000001e-03 3.300000000e+00
2.921158068e-03 3.300000000e+00
2.921158069e-03 0.000000000e+00
2.922000000e-03 0.000000000e+00
2.922000001e-03 3.300000000e+00
2.922156069e-03 3.300000000e+00
2.922156070e-03 0.000000000e+00
2.923000000e-03 0.000000000e+00
2.923000001e-03 3.300000000e+00
2.923154069e-03 3.300000000e+00
2.923154070e-03 0.000000000e+00
2.924000000e-03 0.000000000e+00
2.924000001e-03 3.300000000e+00
2.924152070e-03 3.300000000e+00
2.924152071e-03 0.000000000e+00
2.925000000e-03 0.000000000e+00
2.925000001e-03 3.300000000e+00
2.925150070e-03 3.300000000e+00
2.925150071e-03 0.000000000e+00
2.926000000e-03 0.000000000e+00
2.926000001e-03 3.300000000e+00
2.926148070e-03 3.300000000e+00
2.926148071e-03 0.000000000e+00
2.927000000e-03 0.000000000e+00
2.927000001e-03 3.300000000e+00
2.927146071e-03 3.300000000e+00
2.927146072e-03 0.000000000e+00
2.928000000e-03 0.000000000e+00
2.928000001e-03 3.300000000e+00
2.928144071e-03 3.300000000e+00
2.928144072e-03 0.000000000e+00
2.929000000e-03 0.000000000e+00
2.929000001e-03 3.300000000e+00
2.929142072e-03 3.300000000e+00
2.929142073e-03 0.000000000e+00
2.930000000e-03 0.000000000e+00
2.930000001e-03 3.300000000e+00
2.930140072e-03 3.300000000e+00
2.930140073e-03 0.000000000e+00
2.931000000e-03 0.000000000e+00
2.931000001e-03 3.300000000e+00
2.931138072e-03 3.300000000e+00
2.931138073e-03 0.000000000e+00
2.932000000e-03 0.000000000e+00
2.932000001e-03 3.300000000e+00
2.932136073e-03 3.300000000e+00
2.932136074e-03 0.000000000e+00
2.933000000e-03 0.000000000e+00
2.933000001e-03 3.300000000e+00
2.933134073e-03 3.300000000e+00
2.933134074e-03 0.000000000e+00
2.934000000e-03 0.000000000e+00
2.934000001e-03 3.300000000e+00
2.934132074e-03 3.300000000e+00
2.934132075e-03 0.000000000e+00
2.935000000e-03 0.000000000e+00
2.935000001e-03 3.300000000e+00
2.935130074e-03 3.300000000e+00
2.935130075e-03 0.000000000e+00
2.936000000e-03 0.000000000e+00
2.936000001e-03 3.300000000e+00
2.936128074e-03 3.300000000e+00
2.936128075e-03 0.000000000e+00
2.937000000e-03 0.000000000e+00
2.937000001e-03 3.300000000e+00
2.937126075e-03 3.300000000e+00
2.937126076e-03 0.000000000e+00
2.938000000e-03 0.000000000e+00
2.938000001e-03 3.300000000e+00
2.938124075e-03 3.300000000e+00
2.938124076e-03 0.000000000e+00
2.939000000e-03 0.000000000e+00
2.939000001e-03 3.300000000e+00
2.939122076e-03 3.300000000e+00
2.939122077e-03 0.000000000e+00
2.940000000e-03 0.000000000e+00
2.940000001e-03 3.300000000e+00
2.940120076e-03 3.300000000e+00
2.940120077e-03 0.000000000e+00
2.941000000e-03 0.000000000e+00
2.941000001e-03 3.300000000e+00
2.941118076e-03 3.300000000e+00
2.941118077e-03 0.000000000e+00
2.942000000e-03 0.000000000e+00
2.942000001e-03 3.300000000e+00
2.942116077e-03 3.300000000e+00
2.942116078e-03 0.000000000e+00
2.943000000e-03 0.000000000e+00
2.943000001e-03 3.300000000e+00
2.943114077e-03 3.300000000e+00
2.943114078e-03 0.000000000e+00
2.944000000e-03 0.000000000e+00
2.944000001e-03 3.300000000e+00
2.944112078e-03 3.300000000e+00
2.944112079e-03 0.000000000e+00
2.945000000e-03 0.000000000e+00
2.945000001e-03 3.300000000e+00
2.945110078e-03 3.300000000e+00
2.945110079e-03 0.000000000e+00
2.946000000e-03 0.000000000e+00
2.946000001e-03 3.300000000e+00
2.946108078e-03 3.300000000e+00
2.946108079e-03 0.000000000e+00
2.947000000e-03 0.000000000e+00
2.947000001e-03 3.300000000e+00
2.947106079e-03 3.300000000e+00
2.947106080e-03 0.000000000e+00
2.948000000e-03 0.000000000e+00
2.948000001e-03 3.300000000e+00
2.948104079e-03 3.300000000e+00
2.948104080e-03 0.000000000e+00
2.949000000e-03 0.000000000e+00
2.949000001e-03 3.300000000e+00
2.949102080e-03 3.300000000e+00
2.949102081e-03 0.000000000e+00
2.950000000e-03 0.000000000e+00
2.950000001e-03 3.300000000e+00
2.950100080e-03 3.300000000e+00
2.950100081e-03 0.000000000e+00
2.951000000e-03 0.000000000e+00
2.951000001e-03 3.300000000e+00
2.951098080e-03 3.300000000e+00
2.951098081e-03 0.000000000e+00
2.952000000e-03 0.000000000e+00
2.952000001e-03 3.300000000e+00
2.952096081e-03 3.300000000e+00
2.952096082e-03 0.000000000e+00
2.953000000e-03 0.000000000e+00
2.953000001e-03 3.300000000e+00
2.953094081e-03 3.300000000e+00
2.953094082e-03 0.000000000e+00
2.954000000e-03 0.000000000e+00
2.954000001e-03 3.300000000e+00
2.954092082e-03 3.300000000e+00
2.954092083e-03 0.000000000e+00
2.955000000e-03 0.000000000e+00
2.955000001e-03 3.300000000e+00
2.955090082e-03 3.300000000e+00
2.955090083e-03 0.000000000e+00
2.956000000e-03 0.000000000e+00
2.956000001e-03 3.300000000e+00
2.956088082e-03 3.300000000e+00
2.956088083e-03 0.000000000e+00
2.957000000e-03 0.000000000e+00
2.957000001e-03 3.300000000e+00
2.957086083e-03 3.300000000e+00
2.957086084e-03 0.000000000e+00
2.958000000e-03 0.000000000e+00
2.958000001e-03 3.300000000e+00
2.958084083e-03 3.300000000e+00
2.958084084e-03 0.000000000e+00
2.959000000e-03 0.000000000e+00
2.959000001e-03 3.300000000e+00
2.959082084e-03 3.300000000e+00
2.959082085e-03 0.000000000e+00
2.960000000e-03 0.000000000e+00
2.960000001e-03 3.300000000e+00
2.960080084e-03 3.300000000e+00
2.960080085e-03 0.000000000e+00
2.961000000e-03 0.000000000e+00
2.961000001e-03 3.300000000e+00
2.961078084e-03 3.300000000e+00
2.961078085e-03 0.000000000e+00
2.962000000e-03 0.000000000e+00
2.962000001e-03 3.300000000e+00
2.962076085e-03 3.300000000e+00
2.962076086e-03 0.000000000e+00
2.963000000e-03 0.000000000e+00
2.963000001e-03 3.300000000e+00
2.963074085e-03 3.300000000e+00
2.963074086e-03 0.000000000e+00
2.964000000e-03 0.000000000e+00
2.964000001e-03 3.300000000e+00
2.964072086e-03 3.300000000e+00
2.964072087e-03 0.000000000e+00
2.965000000e-03 0.000000000e+00
2.965000001e-03 3.300000000e+00
2.965070086e-03 3.300000000e+00
2.965070087e-03 0.000000000e+00
2.966000000e-03 0.000000000e+00
2.966000001e-03 3.300000000e+00
2.966068086e-03 3.300000000e+00
2.966068087e-03 0.000000000e+00
2.967000000e-03 0.000000000e+00
2.967000001e-03 3.300000000e+00
2.967066087e-03 3.300000000e+00
2.967066088e-03 0.000000000e+00
2.968000000e-03 0.000000000e+00
2.968000001e-03 3.300000000e+00
2.968064087e-03 3.300000000e+00
2.968064088e-03 0.000000000e+00
2.969000000e-03 0.000000000e+00
2.969000001e-03 3.300000000e+00
2.969062088e-03 3.300000000e+00
2.969062089e-03 0.000000000e+00
2.970000000e-03 0.000000000e+00
2.970000001e-03 3.300000000e+00
2.970060088e-03 3.300000000e+00
2.970060089e-03 0.000000000e+00
2.971000000e-03 0.000000000e+00
2.971000001e-03 3.300000000e+00
2.971058088e-03 3.300000000e+00
2.971058089e-03 0.000000000e+00
2.972000000e-03 0.000000000e+00
2.972000001e-03 3.300000000e+00
2.972056089e-03 3.300000000e+00
2.972056090e-03 0.000000000e+00
2.973000000e-03 0.000000000e+00
2.973000001e-03 3.300000000e+00
2.973054089e-03 3.300000000e+00
2.973054090e-03 0.000000000e+00
2.974000000e-03 0.000000000e+00
2.974000001e-03 3.300000000e+00
2.974052090e-03 3.300000000e+00
2.974052091e-03 0.000000000e+00
2.975000000e-03 0.000000000e+00
2.975000001e-03 3.300000000e+00
2.975050090e-03 3.300000000e+00
2.975050091e-03 0.000000000e+00
2.976000000e-03 0.000000000e+00
2.976000001e-03 3.300000000e+00
2.976048090e-03 3.300000000e+00
2.976048091e-03 0.000000000e+00
2.977000000e-03 0.000000000e+00
2.977000001e-03 3.300000000e+00
2.977046091e-03 3.300000000e+00
2.977046092e-03 0.000000000e+00
2.978000000e-03 0.000000000e+00
2.978000001e-03 3.300000000e+00
2.978044091e-03 3.300000000e+00
2.978044092e-03 0.000000000e+00
2.979000000e-03 0.000000000e+00
2.979000001e-03 3.300000000e+00
2.979042092e-03 3.300000000e+00
2.979042093e-03 0.000000000e+00
2.980000000e-03 0.000000000e+00
2.980000001e-03 3.300000000e+00
2.980040092e-03 3.300000000e+00
2.980040093e-03 0.000000000e+00
2.981000000e-03 0.000000000e+00
2.981000001e-03 3.300000000e+00
2.981038092e-03 3.300000000e+00
2.981038093e-03 0.000000000e+00
2.982000000e-03 0.000000000e+00
2.982000001e-03 3.300000000e+00
2.982036093e-03 3.300000000e+00
2.982036094e-03 0.000000000e+00
2.983000000e-03 0.000000000e+00
2.983000001e-03 3.300000000e+00
2.983034093e-03 3.300000000e+00
2.983034094e-03 0.000000000e+00
2.984000000e-03 0.000000000e+00
2.984000001e-03 3.300000000e+00
2.984032094e-03 3.300000000e+00
2.984032095e-03 0.000000000e+00
2.985000000e-03 0.000000000e+00
2.985000001e-03 3.300000000e+00
2.985030094e-03 3.300000000e+00
2.985030095e-03 0.000000000e+00
2.986000000e-03 0.000000000e+00
2.986000001e-03 3.300000000e+00
2.986028094e-03 3.300000000e+00
2.986028095e-03 0.000000000e+00
2.987000000e-03 0.000000000e+00
2.987000001e-03 3.300000000e+00
2.987026095e-03 3.300000000e+00
2.987026096e-03 0.000000000e+00
2.988000000e-03 0.000000000e+00
2.988000001e-03 3.300000000e+00
2.988024095e-03 3.300000000e+00
2.988024096e-03 0.000000000e+00
2.989000000e-03 0.000000000e+00
2.989000001e-03 3.300000000e+00
2.989022096e-03 3.300000000e+00
2.989022097e-03 0.000000000e+00
2.990000000e-03 0.000000000e+00
2.990000001e-03 3.300000000e+00
2.990020096e-03 3.300000000e+00
2.990020097e-03 0.000000000e+00
2.991000000e-03 0.000000000e+00
2.991000001e-03 3.300000000e+00
2.991018096e-03 3.300000000e+00
2.991018097e-03 0.000000000e+00
2.992000000e-03 0.000000000e+00
2.992000001e-03 3.300000000e+00
2.992016097e-03 3.300000000e+00
2.992016098e-03 0.000000000e+00
2.993000000e-03 0.000000000e+00
2.993000001e-03 3.300000000e+00
2.993014097e-03 3.300000000e+00
2.993014098e-03 0.000000000e+00
2.994000000e-03 0.000000000e+00
2.994000001e-03 3.300000000e+00
2.994012098e-03 3.300000000e+00
2.994012099e-03 0.000000000e+00
2.995000000e-03 0.000000000e+00
2.995000001e-03 3.300000000e+00
2.995010098e-03 3.300000000e+00
2.995010099e-03 0.000000000e+00
2.996000000e-03 0.000000000e+00
2.996000001e-03 3.300000000e+00
2.996008098e-03 3.300000000e+00
2.996008099e-03 0.000000000e+00
2.997000000e-03 0.000000000e+00
2.997000001e-03 3.300000000e+00
2.997006099e-03 3.300000000e+00
2.997006100e-03 0.000000000e+00
2.998000000e-03 0.000000000e+00
2.998000001e-03 3.300000000e+00
2.998004099e-03 3.300000000e+00
2.998004100e-03 0.000000000e+00
2.999000000e-03 0.000000000e+00
2.999000001e-03 3.300000000e+00
2.999002100e-03 3.300000000e+00
2.999002101e-03 0.000000000e+00
3.000000000e-03 0.000000000e+00
3.000000001e-03 3.300000000e+00
3.000000100e-03 3.300000000e+00
3.000000101e-03 0.000000000e+00
3.001000000e-03 0.000000000e+00
3.001000001e-03 3.300000000e+00
3.001002100e-03 3.300000000e+00
3.001002101e-03 0.000000000e+00
3.002000000e-03 0.000000000e+00
3.002000001e-03 3.300000000e+00
3.002004099e-03 3.300000000e+00
3.002004100e-03 0.000000000e+00
3.003000000e-03 0.000000000e+00
3.003000001e-03 3.300000000e+00
3.003006099e-03 3.300000000e+00
3.003006100e-03 0.000000000e+00
3.004000000e-03 0.000000000e+00
3.004000001e-03 3.300000000e+00
3.004008098e-03 3.300000000e+00
3.004008099e-03 0.000000000e+00
3.005000000e-03 0.000000000e+00
3.005000001e-03 3.300000000e+00
3.005010098e-03 3.300000000e+00
3.005010099e-03 0.000000000e+00
3.006000000e-03 0.000000000e+00
3.006000001e-03 3.300000000e+00
3.006012098e-03 3.300000000e+00
3.006012099e-03 0.000000000e+00
3.007000000e-03 0.000000000e+00
3.007000001e-03 3.300000000e+00
3.007014097e-03 3.300000000e+00
3.007014098e-03 0.000000000e+00
3.008000000e-03 0.000000000e+00
3.008000001e-03 3.300000000e+00
3.008016097e-03 3.300000000e+00
3.008016098e-03 0.000000000e+00
3.009000000e-03 0.000000000e+00
3.009000001e-03 3.300000000e+00
3.009018096e-03 3.300000000e+00
3.009018097e-03 0.000000000e+00
3.010000000e-03 0.000000000e+00
3.010000001e-03 3.300000000e+00
3.010020096e-03 3.300000000e+00
3.010020097e-03 0.000000000e+00
3.011000000e-03 0.000000000e+00
3.011000001e-03 3.300000000e+00
3.011022096e-03 3.300000000e+00
3.011022097e-03 0.000000000e+00
3.012000000e-03 0.000000000e+00
3.012000001e-03 3.300000000e+00
3.012024095e-03 3.300000000e+00
3.012024096e-03 0.000000000e+00
3.013000000e-03 0.000000000e+00
3.013000001e-03 3.300000000e+00
3.013026095e-03 3.300000000e+00
3.013026096e-03 0.000000000e+00
3.014000000e-03 0.000000000e+00
3.014000001e-03 3.300000000e+00
3.014028094e-03 3.300000000e+00
3.014028095e-03 0.000000000e+00
3.015000000e-03 0.000000000e+00
3.015000001e-03 3.300000000e+00
3.015030094e-03 3.300000000e+00
3.015030095e-03 0.000000000e+00
3.016000000e-03 0.000000000e+00
3.016000001e-03 3.300000000e+00
3.016032094e-03 3.300000000e+00
3.016032095e-03 0.000000000e+00
3.017000000e-03 0.000000000e+00
3.017000001e-03 3.300000000e+00
3.017034093e-03 3.300000000e+00
3.017034094e-03 0.000000000e+00
3.018000000e-03 0.000000000e+00
3.018000001e-03 3.300000000e+00
3.018036093e-03 3.300000000e+00
3.018036094e-03 0.000000000e+00
3.019000000e-03 0.000000000e+00
3.019000001e-03 3.300000000e+00
3.019038092e-03 3.300000000e+00
3.019038093e-03 0.000000000e+00
3.020000000e-03 0.000000000e+00
3.020000001e-03 3.300000000e+00
3.020040092e-03 3.300000000e+00
3.020040093e-03 0.000000000e+00
3.021000000e-03 0.000000000e+00
3.021000001e-03 3.300000000e+00
3.021042092e-03 3.300000000e+00
3.021042093e-03 0.000000000e+00
3.022000000e-03 0.000000000e+00
3.022000001e-03 3.300000000e+00
3.022044091e-03 3.300000000e+00
3.022044092e-03 0.000000000e+00
3.023000000e-03 0.000000000e+00
3.023000001e-03 3.300000000e+00
3.023046091e-03 3.300000000e+00
3.023046092e-03 0.000000000e+00
3.024000000e-03 0.000000000e+00
3.024000001e-03 3.300000000e+00
3.024048090e-03 3.300000000e+00
3.024048091e-03 0.000000000e+00
3.025000000e-03 0.000000000e+00
3.025000001e-03 3.300000000e+00
3.025050090e-03 3.300000000e+00
3.025050091e-03 0.000000000e+00
3.026000000e-03 0.000000000e+00
3.026000001e-03 3.300000000e+00
3.026052090e-03 3.300000000e+00
3.026052091e-03 0.000000000e+00
3.027000000e-03 0.000000000e+00
3.027000001e-03 3.300000000e+00
3.027054089e-03 3.300000000e+00
3.027054090e-03 0.000000000e+00
3.028000000e-03 0.000000000e+00
3.028000001e-03 3.300000000e+00
3.028056089e-03 3.300000000e+00
3.028056090e-03 0.000000000e+00
3.029000000e-03 0.000000000e+00
3.029000001e-03 3.300000000e+00
3.029058088e-03 3.300000000e+00
3.029058089e-03 0.000000000e+00
3.030000000e-03 0.000000000e+00
3.030000001e-03 3.300000000e+00
3.030060088e-03 3.300000000e+00
3.030060089e-03 0.000000000e+00
3.031000000e-03 0.000000000e+00
3.031000001e-03 3.300000000e+00
3.031062088e-03 3.300000000e+00
3.031062089e-03 0.000000000e+00
3.032000000e-03 0.000000000e+00
3.032000001e-03 3.300000000e+00
3.032064087e-03 3.300000000e+00
3.032064088e-03 0.000000000e+00
3.033000000e-03 0.000000000e+00
3.033000001e-03 3.300000000e+00
3.033066087e-03 3.300000000e+00
3.033066088e-03 0.000000000e+00
3.034000000e-03 0.000000000e+00
3.034000001e-03 3.300000000e+00
3.034068086e-03 3.300000000e+00
3.034068087e-03 0.000000000e+00
3.035000000e-03 0.000000000e+00
3.035000001e-03 3.300000000e+00
3.035070086e-03 3.300000000e+00
3.035070087e-03 0.000000000e+00
3.036000000e-03 0.000000000e+00
3.036000001e-03 3.300000000e+00
3.036072086e-03 3.300000000e+00
3.036072087e-03 0.000000000e+00
3.037000000e-03 0.000000000e+00
3.037000001e-03 3.300000000e+00
3.037074085e-03 3.300000000e+00
3.037074086e-03 0.000000000e+00
3.038000000e-03 0.000000000e+00
3.038000001e-03 3.300000000e+00
3.038076085e-03 3.300000000e+00
3.038076086e-03 0.000000000e+00
3.039000000e-03 0.000000000e+00
3.039000001e-03 3.300000000e+00
3.039078084e-03 3.300000000e+00
3.039078085e-03 0.000000000e+00
3.040000000e-03 0.000000000e+00
3.040000001e-03 3.300000000e+00
3.040080084e-03 3.300000000e+00
3.040080085e-03 0.000000000e+00
3.041000000e-03 0.000000000e+00
3.041000001e-03 3.300000000e+00
3.041082084e-03 3.300000000e+00
3.041082085e-03 0.000000000e+00
3.042000000e-03 0.000000000e+00
3.042000001e-03 3.300000000e+00
3.042084083e-03 3.300000000e+00
3.042084084e-03 0.000000000e+00
3.043000000e-03 0.000000000e+00
3.043000001e-03 3.300000000e+00
3.043086083e-03 3.300000000e+00
3.043086084e-03 0.000000000e+00
3.044000000e-03 0.000000000e+00
3.044000001e-03 3.300000000e+00
3.044088082e-03 3.300000000e+00
3.044088083e-03 0.000000000e+00
3.045000000e-03 0.000000000e+00
3.045000001e-03 3.300000000e+00
3.045090082e-03 3.300000000e+00
3.045090083e-03 0.000000000e+00
3.046000000e-03 0.000000000e+00
3.046000001e-03 3.300000000e+00
3.046092082e-03 3.300000000e+00
3.046092083e-03 0.000000000e+00
3.047000000e-03 0.000000000e+00
3.047000001e-03 3.300000000e+00
3.047094081e-03 3.300000000e+00
3.047094082e-03 0.000000000e+00
3.048000000e-03 0.000000000e+00
3.048000001e-03 3.300000000e+00
3.048096081e-03 3.300000000e+00
3.048096082e-03 0.000000000e+00
3.049000000e-03 0.000000000e+00
3.049000001e-03 3.300000000e+00
3.049098080e-03 3.300000000e+00
3.049098081e-03 0.000000000e+00
3.050000000e-03 0.000000000e+00
3.050000001e-03 3.300000000e+00
3.050100080e-03 3.300000000e+00
3.050100081e-03 0.000000000e+00
3.051000000e-03 0.000000000e+00
3.051000001e-03 3.300000000e+00
3.051102080e-03 3.300000000e+00
3.051102081e-03 0.000000000e+00
3.052000000e-03 0.000000000e+00
3.052000001e-03 3.300000000e+00
3.052104079e-03 3.300000000e+00
3.052104080e-03 0.000000000e+00
3.053000000e-03 0.000000000e+00
3.053000001e-03 3.300000000e+00
3.053106079e-03 3.300000000e+00
3.053106080e-03 0.000000000e+00
3.054000000e-03 0.000000000e+00
3.054000001e-03 3.300000000e+00
3.054108078e-03 3.300000000e+00
3.054108079e-03 0.000000000e+00
3.055000000e-03 0.000000000e+00
3.055000001e-03 3.300000000e+00
3.055110078e-03 3.300000000e+00
3.055110079e-03 0.000000000e+00
3.056000000e-03 0.000000000e+00
3.056000001e-03 3.300000000e+00
3.056112078e-03 3.300000000e+00
3.056112079e-03 0.000000000e+00
3.057000000e-03 0.000000000e+00
3.057000001e-03 3.300000000e+00
3.057114077e-03 3.300000000e+00
3.057114078e-03 0.000000000e+00
3.058000000e-03 0.000000000e+00
3.058000001e-03 3.300000000e+00
3.058116077e-03 3.300000000e+00
3.058116078e-03 0.000000000e+00
3.059000000e-03 0.000000000e+00
3.059000001e-03 3.300000000e+00
3.059118076e-03 3.300000000e+00
3.059118077e-03 0.000000000e+00
3.060000000e-03 0.000000000e+00
3.060000001e-03 3.300000000e+00
3.060120076e-03 3.300000000e+00
3.060120077e-03 0.000000000e+00
3.061000000e-03 0.000000000e+00
3.061000001e-03 3.300000000e+00
3.061122076e-03 3.300000000e+00
3.061122077e-03 0.000000000e+00
3.062000000e-03 0.000000000e+00
3.062000001e-03 3.300000000e+00
3.062124075e-03 3.300000000e+00
3.062124076e-03 0.000000000e+00
3.063000000e-03 0.000000000e+00
3.063000001e-03 3.300000000e+00
3.063126075e-03 3.300000000e+00
3.063126076e-03 0.000000000e+00
3.064000000e-03 0.000000000e+00
3.064000001e-03 3.300000000e+00
3.064128074e-03 3.300000000e+00
3.064128075e-03 0.000000000e+00
3.065000000e-03 0.000000000e+00
3.065000001e-03 3.300000000e+00
3.065130074e-03 3.300000000e+00
3.065130075e-03 0.000000000e+00
3.066000000e-03 0.000000000e+00
3.066000001e-03 3.300000000e+00
3.066132074e-03 3.300000000e+00
3.066132075e-03 0.000000000e+00
3.067000000e-03 0.000000000e+00
3.067000001e-03 3.300000000e+00
3.067134073e-03 3.300000000e+00
3.067134074e-03 0.000000000e+00
3.068000000e-03 0.000000000e+00
3.068000001e-03 3.300000000e+00
3.068136073e-03 3.300000000e+00
3.068136074e-03 0.000000000e+00
3.069000000e-03 0.000000000e+00
3.069000001e-03 3.300000000e+00
3.069138072e-03 3.300000000e+00
3.069138073e-03 0.000000000e+00
3.070000000e-03 0.000000000e+00
3.070000001e-03 3.300000000e+00
3.070140072e-03 3.300000000e+00
3.070140073e-03 0.000000000e+00
3.071000000e-03 0.000000000e+00
3.071000001e-03 3.300000000e+00
3.071142072e-03 3.300000000e+00
3.071142073e-03 0.000000000e+00
3.072000000e-03 0.000000000e+00
3.072000001e-03 3.300000000e+00
3.072144071e-03 3.300000000e+00
3.072144072e-03 0.000000000e+00
3.073000000e-03 0.000000000e+00
3.073000001e-03 3.300000000e+00
3.073146071e-03 3.300000000e+00
3.073146072e-03 0.000000000e+00
3.074000000e-03 0.000000000e+00
3.074000001e-03 3.300000000e+00
3.074148070e-03 3.300000000e+00
3.074148071e-03 0.000000000e+00
3.075000000e-03 0.000000000e+00
3.075000001e-03 3.300000000e+00
3.075150070e-03 3.300000000e+00
3.075150071e-03 0.000000000e+00
3.076000000e-03 0.000000000e+00
3.076000001e-03 3.300000000e+00
3.076152070e-03 3.300000000e+00
3.076152071e-03 0.000000000e+00
3.077000000e-03 0.000000000e+00
3.077000001e-03 3.300000000e+00
3.077154069e-03 3.300000000e+00
3.077154070e-03 0.000000000e+00
3.078000000e-03 0.000000000e+00
3.078000001e-03 3.300000000e+00
3.078156069e-03 3.300000000e+00
3.078156070e-03 0.000000000e+00
3.079000000e-03 0.000000000e+00
3.079000001e-03 3.300000000e+00
3.079158068e-03 3.300000000e+00
3.079158069e-03 0.000000000e+00
3.080000000e-03 0.000000000e+00
3.080000001e-03 3.300000000e+00
3.080160068e-03 3.300000000e+00
3.080160069e-03 0.000000000e+00
3.081000000e-03 0.000000000e+00
3.081000001e-03 3.300000000e+00
3.081162068e-03 3.300000000e+00
3.081162069e-03 0.000000000e+00
3.082000000e-03 0.000000000e+00
3.082000001e-03 3.300000000e+00
3.082164067e-03 3.300000000e+00
3.082164068e-03 0.000000000e+00
3.083000000e-03 0.000000000e+00
3.083000001e-03 3.300000000e+00
3.083166067e-03 3.300000000e+00
3.083166068e-03 0.000000000e+00
3.084000000e-03 0.000000000e+00
3.084000001e-03 3.300000000e+00
3.084168066e-03 3.300000000e+00
3.084168067e-03 0.000000000e+00
3.085000000e-03 0.000000000e+00
3.085000001e-03 3.300000000e+00
3.085170066e-03 3.300000000e+00
3.085170067e-03 0.000000000e+00
3.086000000e-03 0.000000000e+00
3.086000001e-03 3.300000000e+00
3.086172066e-03 3.300000000e+00
3.086172067e-03 0.000000000e+00
3.087000000e-03 0.000000000e+00
3.087000001e-03 3.300000000e+00
3.087174065e-03 3.300000000e+00
3.087174066e-03 0.000000000e+00
3.088000000e-03 0.000000000e+00
3.088000001e-03 3.300000000e+00
3.088176065e-03 3.300000000e+00
3.088176066e-03 0.000000000e+00
3.089000000e-03 0.000000000e+00
3.089000001e-03 3.300000000e+00
3.089178064e-03 3.300000000e+00
3.089178065e-03 0.000000000e+00
3.090000000e-03 0.000000000e+00
3.090000001e-03 3.300000000e+00
3.090180064e-03 3.300000000e+00
3.090180065e-03 0.000000000e+00
3.091000000e-03 0.000000000e+00
3.091000001e-03 3.300000000e+00
3.091182064e-03 3.300000000e+00
3.091182065e-03 0.000000000e+00
3.092000000e-03 0.000000000e+00
3.092000001e-03 3.300000000e+00
3.092184063e-03 3.300000000e+00
3.092184064e-03 0.000000000e+00
3.093000000e-03 0.000000000e+00
3.093000001e-03 3.300000000e+00
3.093186063e-03 3.300000000e+00
3.093186064e-03 0.000000000e+00
3.094000000e-03 0.000000000e+00
3.094000001e-03 3.300000000e+00
3.094188062e-03 3.300000000e+00
3.094188063e-03 0.000000000e+00
3.095000000e-03 0.000000000e+00
3.095000001e-03 3.300000000e+00
3.095190062e-03 3.300000000e+00
3.095190063e-03 0.000000000e+00
3.096000000e-03 0.000000000e+00
3.096000001e-03 3.300000000e+00
3.096192062e-03 3.300000000e+00
3.096192063e-03 0.000000000e+00
3.097000000e-03 0.000000000e+00
3.097000001e-03 3.300000000e+00
3.097194061e-03 3.300000000e+00
3.097194062e-03 0.000000000e+00
3.098000000e-03 0.000000000e+00
3.098000001e-03 3.300000000e+00
3.098196061e-03 3.300000000e+00
3.098196062e-03 0.000000000e+00
3.099000000e-03 0.000000000e+00
3.099000001e-03 3.300000000e+00
3.099198060e-03 3.300000000e+00
3.099198061e-03 0.000000000e+00
3.100000000e-03 0.000000000e+00
3.100000001e-03 3.300000000e+00
3.100200060e-03 3.300000000e+00
3.100200061e-03 0.000000000e+00
3.101000000e-03 0.000000000e+00
3.101000001e-03 3.300000000e+00
3.101202060e-03 3.300000000e+00
3.101202061e-03 0.000000000e+00
3.102000000e-03 0.000000000e+00
3.102000001e-03 3.300000000e+00
3.102204059e-03 3.300000000e+00
3.102204060e-03 0.000000000e+00
3.103000000e-03 0.000000000e+00
3.103000001e-03 3.300000000e+00
3.103206059e-03 3.300000000e+00
3.103206060e-03 0.000000000e+00
3.104000000e-03 0.000000000e+00
3.104000001e-03 3.300000000e+00
3.104208058e-03 3.300000000e+00
3.104208059e-03 0.000000000e+00
3.105000000e-03 0.000000000e+00
3.105000001e-03 3.300000000e+00
3.105210058e-03 3.300000000e+00
3.105210059e-03 0.000000000e+00
3.106000000e-03 0.000000000e+00
3.106000001e-03 3.300000000e+00
3.106212058e-03 3.300000000e+00
3.106212059e-03 0.000000000e+00
3.107000000e-03 0.000000000e+00
3.107000001e-03 3.300000000e+00
3.107214057e-03 3.300000000e+00
3.107214058e-03 0.000000000e+00
3.108000000e-03 0.000000000e+00
3.108000001e-03 3.300000000e+00
3.108216057e-03 3.300000000e+00
3.108216058e-03 0.000000000e+00
3.109000000e-03 0.000000000e+00
3.109000001e-03 3.300000000e+00
3.109218056e-03 3.300000000e+00
3.109218057e-03 0.000000000e+00
3.110000000e-03 0.000000000e+00
3.110000001e-03 3.300000000e+00
3.110220056e-03 3.300000000e+00
3.110220057e-03 0.000000000e+00
3.111000000e-03 0.000000000e+00
3.111000001e-03 3.300000000e+00
3.111222056e-03 3.300000000e+00
3.111222057e-03 0.000000000e+00
3.112000000e-03 0.000000000e+00
3.112000001e-03 3.300000000e+00
3.112224055e-03 3.300000000e+00
3.112224056e-03 0.000000000e+00
3.113000000e-03 0.000000000e+00
3.113000001e-03 3.300000000e+00
3.113226055e-03 3.300000000e+00
3.113226056e-03 0.000000000e+00
3.114000000e-03 0.000000000e+00
3.114000001e-03 3.300000000e+00
3.114228054e-03 3.300000000e+00
3.114228055e-03 0.000000000e+00
3.115000000e-03 0.000000000e+00
3.115000001e-03 3.300000000e+00
3.115230054e-03 3.300000000e+00
3.115230055e-03 0.000000000e+00
3.116000000e-03 0.000000000e+00
3.116000001e-03 3.300000000e+00
3.116232054e-03 3.300000000e+00
3.116232055e-03 0.000000000e+00
3.117000000e-03 0.000000000e+00
3.117000001e-03 3.300000000e+00
3.117234053e-03 3.300000000e+00
3.117234054e-03 0.000000000e+00
3.118000000e-03 0.000000000e+00
3.118000001e-03 3.300000000e+00
3.118236053e-03 3.300000000e+00
3.118236054e-03 0.000000000e+00
3.119000000e-03 0.000000000e+00
3.119000001e-03 3.300000000e+00
3.119238052e-03 3.300000000e+00
3.119238053e-03 0.000000000e+00
3.120000000e-03 0.000000000e+00
3.120000001e-03 3.300000000e+00
3.120240052e-03 3.300000000e+00
3.120240053e-03 0.000000000e+00
3.121000000e-03 0.000000000e+00
3.121000001e-03 3.300000000e+00
3.121242052e-03 3.300000000e+00
3.121242053e-03 0.000000000e+00
3.122000000e-03 0.000000000e+00
3.122000001e-03 3.300000000e+00
3.122244051e-03 3.300000000e+00
3.122244052e-03 0.000000000e+00
3.123000000e-03 0.000000000e+00
3.123000001e-03 3.300000000e+00
3.123246051e-03 3.300000000e+00
3.123246052e-03 0.000000000e+00
3.124000000e-03 0.000000000e+00
3.124000001e-03 3.300000000e+00
3.124248050e-03 3.300000000e+00
3.124248051e-03 0.000000000e+00
3.125000000e-03 0.000000000e+00
3.125000001e-03 3.300000000e+00
3.125250050e-03 3.300000000e+00
3.125250051e-03 0.000000000e+00
3.126000000e-03 0.000000000e+00
3.126000001e-03 3.300000000e+00
3.126252050e-03 3.300000000e+00
3.126252051e-03 0.000000000e+00
3.127000000e-03 0.000000000e+00
3.127000001e-03 3.300000000e+00
3.127254049e-03 3.300000000e+00
3.127254050e-03 0.000000000e+00
3.128000000e-03 0.000000000e+00
3.128000001e-03 3.300000000e+00
3.128256049e-03 3.300000000e+00
3.128256050e-03 0.000000000e+00
3.129000000e-03 0.000000000e+00
3.129000001e-03 3.300000000e+00
3.129258048e-03 3.300000000e+00
3.129258049e-03 0.000000000e+00
3.130000000e-03 0.000000000e+00
3.130000001e-03 3.300000000e+00
3.130260048e-03 3.300000000e+00
3.130260049e-03 0.000000000e+00
3.131000000e-03 0.000000000e+00
3.131000001e-03 3.300000000e+00
3.131262048e-03 3.300000000e+00
3.131262049e-03 0.000000000e+00
3.132000000e-03 0.000000000e+00
3.132000001e-03 3.300000000e+00
3.132264047e-03 3.300000000e+00
3.132264048e-03 0.000000000e+00
3.133000000e-03 0.000000000e+00
3.133000001e-03 3.300000000e+00
3.133266047e-03 3.300000000e+00
3.133266048e-03 0.000000000e+00
3.134000000e-03 0.000000000e+00
3.134000001e-03 3.300000000e+00
3.134268046e-03 3.300000000e+00
3.134268047e-03 0.000000000e+00
3.135000000e-03 0.000000000e+00
3.135000001e-03 3.300000000e+00
3.135270046e-03 3.300000000e+00
3.135270047e-03 0.000000000e+00
3.136000000e-03 0.000000000e+00
3.136000001e-03 3.300000000e+00
3.136272046e-03 3.300000000e+00
3.136272047e-03 0.000000000e+00
3.137000000e-03 0.000000000e+00
3.137000001e-03 3.300000000e+00
3.137274045e-03 3.300000000e+00
3.137274046e-03 0.000000000e+00
3.138000000e-03 0.000000000e+00
3.138000001e-03 3.300000000e+00
3.138276045e-03 3.300000000e+00
3.138276046e-03 0.000000000e+00
3.139000000e-03 0.000000000e+00
3.139000001e-03 3.300000000e+00
3.139278044e-03 3.300000000e+00
3.139278045e-03 0.000000000e+00
3.140000000e-03 0.000000000e+00
3.140000001e-03 3.300000000e+00
3.140280044e-03 3.300000000e+00
3.140280045e-03 0.000000000e+00
3.141000000e-03 0.000000000e+00
3.141000001e-03 3.300000000e+00
3.141282044e-03 3.300000000e+00
3.141282045e-03 0.000000000e+00
3.142000000e-03 0.000000000e+00
3.142000001e-03 3.300000000e+00
3.142284043e-03 3.300000000e+00
3.142284044e-03 0.000000000e+00
3.143000000e-03 0.000000000e+00
3.143000001e-03 3.300000000e+00
3.143286043e-03 3.300000000e+00
3.143286044e-03 0.000000000e+00
3.144000000e-03 0.000000000e+00
3.144000001e-03 3.300000000e+00
3.144288042e-03 3.300000000e+00
3.144288043e-03 0.000000000e+00
3.145000000e-03 0.000000000e+00
3.145000001e-03 3.300000000e+00
3.145290042e-03 3.300000000e+00
3.145290043e-03 0.000000000e+00
3.146000000e-03 0.000000000e+00
3.146000001e-03 3.300000000e+00
3.146292042e-03 3.300000000e+00
3.146292043e-03 0.000000000e+00
3.147000000e-03 0.000000000e+00
3.147000001e-03 3.300000000e+00
3.147294041e-03 3.300000000e+00
3.147294042e-03 0.000000000e+00
3.148000000e-03 0.000000000e+00
3.148000001e-03 3.300000000e+00
3.148296041e-03 3.300000000e+00
3.148296042e-03 0.000000000e+00
3.149000000e-03 0.000000000e+00
3.149000001e-03 3.300000000e+00
3.149298040e-03 3.300000000e+00
3.149298041e-03 0.000000000e+00
3.150000000e-03 0.000000000e+00
3.150000001e-03 3.300000000e+00
3.150300040e-03 3.300000000e+00
3.150300041e-03 0.000000000e+00
3.151000000e-03 0.000000000e+00
3.151000001e-03 3.300000000e+00
3.151302040e-03 3.300000000e+00
3.151302041e-03 0.000000000e+00
3.152000000e-03 0.000000000e+00
3.152000001e-03 3.300000000e+00
3.152304039e-03 3.300000000e+00
3.152304040e-03 0.000000000e+00
3.153000000e-03 0.000000000e+00
3.153000001e-03 3.300000000e+00
3.153306039e-03 3.300000000e+00
3.153306040e-03 0.000000000e+00
3.154000000e-03 0.000000000e+00
3.154000001e-03 3.300000000e+00
3.154308038e-03 3.300000000e+00
3.154308039e-03 0.000000000e+00
3.155000000e-03 0.000000000e+00
3.155000001e-03 3.300000000e+00
3.155310038e-03 3.300000000e+00
3.155310039e-03 0.000000000e+00
3.156000000e-03 0.000000000e+00
3.156000001e-03 3.300000000e+00
3.156312038e-03 3.300000000e+00
3.156312039e-03 0.000000000e+00
3.157000000e-03 0.000000000e+00
3.157000001e-03 3.300000000e+00
3.157314037e-03 3.300000000e+00
3.157314038e-03 0.000000000e+00
3.158000000e-03 0.000000000e+00
3.158000001e-03 3.300000000e+00
3.158316037e-03 3.300000000e+00
3.158316038e-03 0.000000000e+00
3.159000000e-03 0.000000000e+00
3.159000001e-03 3.300000000e+00
3.159318036e-03 3.300000000e+00
3.159318037e-03 0.000000000e+00
3.160000000e-03 0.000000000e+00
3.160000001e-03 3.300000000e+00
3.160320036e-03 3.300000000e+00
3.160320037e-03 0.000000000e+00
3.161000000e-03 0.000000000e+00
3.161000001e-03 3.300000000e+00
3.161322036e-03 3.300000000e+00
3.161322037e-03 0.000000000e+00
3.162000000e-03 0.000000000e+00
3.162000001e-03 3.300000000e+00
3.162324035e-03 3.300000000e+00
3.162324036e-03 0.000000000e+00
3.163000000e-03 0.000000000e+00
3.163000001e-03 3.300000000e+00
3.163326035e-03 3.300000000e+00
3.163326036e-03 0.000000000e+00
3.164000000e-03 0.000000000e+00
3.164000001e-03 3.300000000e+00
3.164328034e-03 3.300000000e+00
3.164328035e-03 0.000000000e+00
3.165000000e-03 0.000000000e+00
3.165000001e-03 3.300000000e+00
3.165330034e-03 3.300000000e+00
3.165330035e-03 0.000000000e+00
3.166000000e-03 0.000000000e+00
3.166000001e-03 3.300000000e+00
3.166332034e-03 3.300000000e+00
3.166332035e-03 0.000000000e+00
3.167000000e-03 0.000000000e+00
3.167000001e-03 3.300000000e+00
3.167334033e-03 3.300000000e+00
3.167334034e-03 0.000000000e+00
3.168000000e-03 0.000000000e+00
3.168000001e-03 3.300000000e+00
3.168336033e-03 3.300000000e+00
3.168336034e-03 0.000000000e+00
3.169000000e-03 0.000000000e+00
3.169000001e-03 3.300000000e+00
3.169338032e-03 3.300000000e+00
3.169338033e-03 0.000000000e+00
3.170000000e-03 0.000000000e+00
3.170000001e-03 3.300000000e+00
3.170340032e-03 3.300000000e+00
3.170340033e-03 0.000000000e+00
3.171000000e-03 0.000000000e+00
3.171000001e-03 3.300000000e+00
3.171342032e-03 3.300000000e+00
3.171342033e-03 0.000000000e+00
3.172000000e-03 0.000000000e+00
3.172000001e-03 3.300000000e+00
3.172344031e-03 3.300000000e+00
3.172344032e-03 0.000000000e+00
3.173000000e-03 0.000000000e+00
3.173000001e-03 3.300000000e+00
3.173346031e-03 3.300000000e+00
3.173346032e-03 0.000000000e+00
3.174000000e-03 0.000000000e+00
3.174000001e-03 3.300000000e+00
3.174348030e-03 3.300000000e+00
3.174348031e-03 0.000000000e+00
3.175000000e-03 0.000000000e+00
3.175000001e-03 3.300000000e+00
3.175350030e-03 3.300000000e+00
3.175350031e-03 0.000000000e+00
3.176000000e-03 0.000000000e+00
3.176000001e-03 3.300000000e+00
3.176352030e-03 3.300000000e+00
3.176352031e-03 0.000000000e+00
3.177000000e-03 0.000000000e+00
3.177000001e-03 3.300000000e+00
3.177354029e-03 3.300000000e+00
3.177354030e-03 0.000000000e+00
3.178000000e-03 0.000000000e+00
3.178000001e-03 3.300000000e+00
3.178356029e-03 3.300000000e+00
3.178356030e-03 0.000000000e+00
3.179000000e-03 0.000000000e+00
3.179000001e-03 3.300000000e+00
3.179358028e-03 3.300000000e+00
3.179358029e-03 0.000000000e+00
3.180000000e-03 0.000000000e+00
3.180000001e-03 3.300000000e+00
3.180360028e-03 3.300000000e+00
3.180360029e-03 0.000000000e+00
3.181000000e-03 0.000000000e+00
3.181000001e-03 3.300000000e+00
3.181362028e-03 3.300000000e+00
3.181362029e-03 0.000000000e+00
3.182000000e-03 0.000000000e+00
3.182000001e-03 3.300000000e+00
3.182364027e-03 3.300000000e+00
3.182364028e-03 0.000000000e+00
3.183000000e-03 0.000000000e+00
3.183000001e-03 3.300000000e+00
3.183366027e-03 3.300000000e+00
3.183366028e-03 0.000000000e+00
3.184000000e-03 0.000000000e+00
3.184000001e-03 3.300000000e+00
3.184368026e-03 3.300000000e+00
3.184368027e-03 0.000000000e+00
3.185000000e-03 0.000000000e+00
3.185000001e-03 3.300000000e+00
3.185370026e-03 3.300000000e+00
3.185370027e-03 0.000000000e+00
3.186000000e-03 0.000000000e+00
3.186000001e-03 3.300000000e+00
3.186372026e-03 3.300000000e+00
3.186372027e-03 0.000000000e+00
3.187000000e-03 0.000000000e+00
3.187000001e-03 3.300000000e+00
3.187374025e-03 3.300000000e+00
3.187374026e-03 0.000000000e+00
3.188000000e-03 0.000000000e+00
3.188000001e-03 3.300000000e+00
3.188376025e-03 3.300000000e+00
3.188376026e-03 0.000000000e+00
3.189000000e-03 0.000000000e+00
3.189000001e-03 3.300000000e+00
3.189378024e-03 3.300000000e+00
3.189378025e-03 0.000000000e+00
3.190000000e-03 0.000000000e+00
3.190000001e-03 3.300000000e+00
3.190380024e-03 3.300000000e+00
3.190380025e-03 0.000000000e+00
3.191000000e-03 0.000000000e+00
3.191000001e-03 3.300000000e+00
3.191382024e-03 3.300000000e+00
3.191382025e-03 0.000000000e+00
3.192000000e-03 0.000000000e+00
3.192000001e-03 3.300000000e+00
3.192384023e-03 3.300000000e+00
3.192384024e-03 0.000000000e+00
3.193000000e-03 0.000000000e+00
3.193000001e-03 3.300000000e+00
3.193386023e-03 3.300000000e+00
3.193386024e-03 0.000000000e+00
3.194000000e-03 0.000000000e+00
3.194000001e-03 3.300000000e+00
3.194388022e-03 3.300000000e+00
3.194388023e-03 0.000000000e+00
3.195000000e-03 0.000000000e+00
3.195000001e-03 3.300000000e+00
3.195390022e-03 3.300000000e+00
3.195390023e-03 0.000000000e+00
3.196000000e-03 0.000000000e+00
3.196000001e-03 3.300000000e+00
3.196392022e-03 3.300000000e+00
3.196392023e-03 0.000000000e+00
3.197000000e-03 0.000000000e+00
3.197000001e-03 3.300000000e+00
3.197394021e-03 3.300000000e+00
3.197394022e-03 0.000000000e+00
3.198000000e-03 0.000000000e+00
3.198000001e-03 3.300000000e+00
3.198396021e-03 3.300000000e+00
3.198396022e-03 0.000000000e+00
3.199000000e-03 0.000000000e+00
3.199000001e-03 3.300000000e+00
3.199398020e-03 3.300000000e+00
3.199398021e-03 0.000000000e+00
3.200000000e-03 0.000000000e+00
3.200000001e-03 3.300000000e+00
3.200400020e-03 3.300000000e+00
3.200400021e-03 0.000000000e+00
3.201000000e-03 0.000000000e+00
3.201000001e-03 3.300000000e+00
3.201402020e-03 3.300000000e+00
3.201402021e-03 0.000000000e+00
3.202000000e-03 0.000000000e+00
3.202000001e-03 3.300000000e+00
3.202404019e-03 3.300000000e+00
3.202404020e-03 0.000000000e+00
3.203000000e-03 0.000000000e+00
3.203000001e-03 3.300000000e+00
3.203406019e-03 3.300000000e+00
3.203406020e-03 0.000000000e+00
3.204000000e-03 0.000000000e+00
3.204000001e-03 3.300000000e+00
3.204408018e-03 3.300000000e+00
3.204408019e-03 0.000000000e+00
3.205000000e-03 0.000000000e+00
3.205000001e-03 3.300000000e+00
3.205410018e-03 3.300000000e+00
3.205410019e-03 0.000000000e+00
3.206000000e-03 0.000000000e+00
3.206000001e-03 3.300000000e+00
3.206412018e-03 3.300000000e+00
3.206412019e-03 0.000000000e+00
3.207000000e-03 0.000000000e+00
3.207000001e-03 3.300000000e+00
3.207414017e-03 3.300000000e+00
3.207414018e-03 0.000000000e+00
3.208000000e-03 0.000000000e+00
3.208000001e-03 3.300000000e+00
3.208416017e-03 3.300000000e+00
3.208416018e-03 0.000000000e+00
3.209000000e-03 0.000000000e+00
3.209000001e-03 3.300000000e+00
3.209418016e-03 3.300000000e+00
3.209418017e-03 0.000000000e+00
3.210000000e-03 0.000000000e+00
3.210000001e-03 3.300000000e+00
3.210420016e-03 3.300000000e+00
3.210420017e-03 0.000000000e+00
3.211000000e-03 0.000000000e+00
3.211000001e-03 3.300000000e+00
3.211422016e-03 3.300000000e+00
3.211422017e-03 0.000000000e+00
3.212000000e-03 0.000000000e+00
3.212000001e-03 3.300000000e+00
3.212424015e-03 3.300000000e+00
3.212424016e-03 0.000000000e+00
3.213000000e-03 0.000000000e+00
3.213000001e-03 3.300000000e+00
3.213426015e-03 3.300000000e+00
3.213426016e-03 0.000000000e+00
3.214000000e-03 0.000000000e+00
3.214000001e-03 3.300000000e+00
3.214428014e-03 3.300000000e+00
3.214428015e-03 0.000000000e+00
3.215000000e-03 0.000000000e+00
3.215000001e-03 3.300000000e+00
3.215430014e-03 3.300000000e+00
3.215430015e-03 0.000000000e+00
3.216000000e-03 0.000000000e+00
3.216000001e-03 3.300000000e+00
3.216432014e-03 3.300000000e+00
3.216432015e-03 0.000000000e+00
3.217000000e-03 0.000000000e+00
3.217000001e-03 3.300000000e+00
3.217434013e-03 3.300000000e+00
3.217434014e-03 0.000000000e+00
3.218000000e-03 0.000000000e+00
3.218000001e-03 3.300000000e+00
3.218436013e-03 3.300000000e+00
3.218436014e-03 0.000000000e+00
3.219000000e-03 0.000000000e+00
3.219000001e-03 3.300000000e+00
3.219438012e-03 3.300000000e+00
3.219438013e-03 0.000000000e+00
3.220000000e-03 0.000000000e+00
3.220000001e-03 3.300000000e+00
3.220440012e-03 3.300000000e+00
3.220440013e-03 0.000000000e+00
3.221000000e-03 0.000000000e+00
3.221000001e-03 3.300000000e+00
3.221442012e-03 3.300000000e+00
3.221442013e-03 0.000000000e+00
3.222000000e-03 0.000000000e+00
3.222000001e-03 3.300000000e+00
3.222444011e-03 3.300000000e+00
3.222444012e-03 0.000000000e+00
3.223000000e-03 0.000000000e+00
3.223000001e-03 3.300000000e+00
3.223446011e-03 3.300000000e+00
3.223446012e-03 0.000000000e+00
3.224000000e-03 0.000000000e+00
3.224000001e-03 3.300000000e+00
3.224448010e-03 3.300000000e+00
3.224448011e-03 0.000000000e+00
3.225000000e-03 0.000000000e+00
3.225000001e-03 3.300000000e+00
3.225450010e-03 3.300000000e+00
3.225450011e-03 0.000000000e+00
3.226000000e-03 0.000000000e+00
3.226000001e-03 3.300000000e+00
3.226452010e-03 3.300000000e+00
3.226452011e-03 0.000000000e+00
3.227000000e-03 0.000000000e+00
3.227000001e-03 3.300000000e+00
3.227454009e-03 3.300000000e+00
3.227454010e-03 0.000000000e+00
3.228000000e-03 0.000000000e+00
3.228000001e-03 3.300000000e+00
3.228456009e-03 3.300000000e+00
3.228456010e-03 0.000000000e+00
3.229000000e-03 0.000000000e+00
3.229000001e-03 3.300000000e+00
3.229458008e-03 3.300000000e+00
3.229458009e-03 0.000000000e+00
3.230000000e-03 0.000000000e+00
3.230000001e-03 3.300000000e+00
3.230460008e-03 3.300000000e+00
3.230460009e-03 0.000000000e+00
3.231000000e-03 0.000000000e+00
3.231000001e-03 3.300000000e+00
3.231462008e-03 3.300000000e+00
3.231462009e-03 0.000000000e+00
3.232000000e-03 0.000000000e+00
3.232000001e-03 3.300000000e+00
3.232464007e-03 3.300000000e+00
3.232464008e-03 0.000000000e+00
3.233000000e-03 0.000000000e+00
3.233000001e-03 3.300000000e+00
3.233466007e-03 3.300000000e+00
3.233466008e-03 0.000000000e+00
3.234000000e-03 0.000000000e+00
3.234000001e-03 3.300000000e+00
3.234468006e-03 3.300000000e+00
3.234468007e-03 0.000000000e+00
3.235000000e-03 0.000000000e+00
3.235000001e-03 3.300000000e+00
3.235470006e-03 3.300000000e+00
3.235470007e-03 0.000000000e+00
3.236000000e-03 0.000000000e+00
3.236000001e-03 3.300000000e+00
3.236472006e-03 3.300000000e+00
3.236472007e-03 0.000000000e+00
3.237000000e-03 0.000000000e+00
3.237000001e-03 3.300000000e+00
3.237474005e-03 3.300000000e+00
3.237474006e-03 0.000000000e+00
3.238000000e-03 0.000000000e+00
3.238000001e-03 3.300000000e+00
3.238476005e-03 3.300000000e+00
3.238476006e-03 0.000000000e+00
3.239000000e-03 0.000000000e+00
3.239000001e-03 3.300000000e+00
3.239478004e-03 3.300000000e+00
3.239478005e-03 0.000000000e+00
3.240000000e-03 0.000000000e+00
3.240000001e-03 3.300000000e+00
3.240480004e-03 3.300000000e+00
3.240480005e-03 0.000000000e+00
3.241000000e-03 0.000000000e+00
3.241000001e-03 3.300000000e+00
3.241482004e-03 3.300000000e+00
3.241482005e-03 0.000000000e+00
3.242000000e-03 0.000000000e+00
3.242000001e-03 3.300000000e+00
3.242484003e-03 3.300000000e+00
3.242484004e-03 0.000000000e+00
3.243000000e-03 0.000000000e+00
3.243000001e-03 3.300000000e+00
3.243486003e-03 3.300000000e+00
3.243486004e-03 0.000000000e+00
3.244000000e-03 0.000000000e+00
3.244000001e-03 3.300000000e+00
3.244488002e-03 3.300000000e+00
3.244488003e-03 0.000000000e+00
3.245000000e-03 0.000000000e+00
3.245000001e-03 3.300000000e+00
3.245490002e-03 3.300000000e+00
3.245490003e-03 0.000000000e+00
3.246000000e-03 0.000000000e+00
3.246000001e-03 3.300000000e+00
3.246492002e-03 3.300000000e+00
3.246492003e-03 0.000000000e+00
3.247000000e-03 0.000000000e+00
3.247000001e-03 3.300000000e+00
3.247494001e-03 3.300000000e+00
3.247494002e-03 0.000000000e+00
3.248000000e-03 0.000000000e+00
3.248000001e-03 3.300000000e+00
3.248496001e-03 3.300000000e+00
3.248496002e-03 0.000000000e+00
3.249000000e-03 0.000000000e+00
3.249000001e-03 3.300000000e+00
3.249498000e-03 3.300000000e+00
3.249498001e-03 0.000000000e+00
3.250000000e-03 0.000000000e+00
3.250000001e-03 3.300000000e+00
3.250500000e-03 3.300000000e+00
3.250500001e-03 0.000000000e+00
3.251000000e-03 0.000000000e+00
3.251000001e-03 3.300000000e+00
3.251502000e-03 3.300000000e+00
3.251502001e-03 0.000000000e+00
3.252000000e-03 0.000000000e+00
3.252000001e-03 3.300000000e+00
3.252503999e-03 3.300000000e+00
3.252504000e-03 0.000000000e+00
3.253000000e-03 0.000000000e+00
3.253000001e-03 3.300000000e+00
3.253505999e-03 3.300000000e+00
3.253506000e-03 0.000000000e+00
3.254000000e-03 0.000000000e+00
3.254000001e-03 3.300000000e+00
3.254507998e-03 3.300000000e+00
3.254507999e-03 0.000000000e+00
3.255000000e-03 0.000000000e+00
3.255000001e-03 3.300000000e+00
3.255509998e-03 3.300000000e+00
3.255509999e-03 0.000000000e+00
3.256000000e-03 0.000000000e+00
3.256000001e-03 3.300000000e+00
3.256511998e-03 3.300000000e+00
3.256511999e-03 0.000000000e+00
3.257000000e-03 0.000000000e+00
3.257000001e-03 3.300000000e+00
3.257513997e-03 3.300000000e+00
3.257513998e-03 0.000000000e+00
3.258000000e-03 0.000000000e+00
3.258000001e-03 3.300000000e+00
3.258515997e-03 3.300000000e+00
3.258515998e-03 0.000000000e+00
3.259000000e-03 0.000000000e+00
3.259000001e-03 3.300000000e+00
3.259517996e-03 3.300000000e+00
3.259517997e-03 0.000000000e+00
3.260000000e-03 0.000000000e+00
3.260000001e-03 3.300000000e+00
3.260519996e-03 3.300000000e+00
3.260519997e-03 0.000000000e+00
3.261000000e-03 0.000000000e+00
3.261000001e-03 3.300000000e+00
3.261521996e-03 3.300000000e+00
3.261521997e-03 0.000000000e+00
3.262000000e-03 0.000000000e+00
3.262000001e-03 3.300000000e+00
3.262523995e-03 3.300000000e+00
3.262523996e-03 0.000000000e+00
3.263000000e-03 0.000000000e+00
3.263000001e-03 3.300000000e+00
3.263525995e-03 3.300000000e+00
3.263525996e-03 0.000000000e+00
3.264000000e-03 0.000000000e+00
3.264000001e-03 3.300000000e+00
3.264527994e-03 3.300000000e+00
3.264527995e-03 0.000000000e+00
3.265000000e-03 0.000000000e+00
3.265000001e-03 3.300000000e+00
3.265529994e-03 3.300000000e+00
3.265529995e-03 0.000000000e+00
3.266000000e-03 0.000000000e+00
3.266000001e-03 3.300000000e+00
3.266531994e-03 3.300000000e+00
3.266531995e-03 0.000000000e+00
3.267000000e-03 0.000000000e+00
3.267000001e-03 3.300000000e+00
3.267533993e-03 3.300000000e+00
3.267533994e-03 0.000000000e+00
3.268000000e-03 0.000000000e+00
3.268000001e-03 3.300000000e+00
3.268535993e-03 3.300000000e+00
3.268535994e-03 0.000000000e+00
3.269000000e-03 0.000000000e+00
3.269000001e-03 3.300000000e+00
3.269537992e-03 3.300000000e+00
3.269537993e-03 0.000000000e+00
3.270000000e-03 0.000000000e+00
3.270000001e-03 3.300000000e+00
3.270539992e-03 3.300000000e+00
3.270539993e-03 0.000000000e+00
3.271000000e-03 0.000000000e+00
3.271000001e-03 3.300000000e+00
3.271541992e-03 3.300000000e+00
3.271541993e-03 0.000000000e+00
3.272000000e-03 0.000000000e+00
3.272000001e-03 3.300000000e+00
3.272543991e-03 3.300000000e+00
3.272543992e-03 0.000000000e+00
3.273000000e-03 0.000000000e+00
3.273000001e-03 3.300000000e+00
3.273545991e-03 3.300000000e+00
3.273545992e-03 0.000000000e+00
3.274000000e-03 0.000000000e+00
3.274000001e-03 3.300000000e+00
3.274547990e-03 3.300000000e+00
3.274547991e-03 0.000000000e+00
3.275000000e-03 0.000000000e+00
3.275000001e-03 3.300000000e+00
3.275549990e-03 3.300000000e+00
3.275549991e-03 0.000000000e+00
3.276000000e-03 0.000000000e+00
3.276000001e-03 3.300000000e+00
3.276551990e-03 3.300000000e+00
3.276551991e-03 0.000000000e+00
3.277000000e-03 0.000000000e+00
3.277000001e-03 3.300000000e+00
3.277553989e-03 3.300000000e+00
3.277553990e-03 0.000000000e+00
3.278000000e-03 0.000000000e+00
3.278000001e-03 3.300000000e+00
3.278555989e-03 3.300000000e+00
3.278555990e-03 0.000000000e+00
3.279000000e-03 0.000000000e+00
3.279000001e-03 3.300000000e+00
3.279557988e-03 3.300000000e+00
3.279557989e-03 0.000000000e+00
3.280000000e-03 0.000000000e+00
3.280000001e-03 3.300000000e+00
3.280559988e-03 3.300000000e+00
3.280559989e-03 0.000000000e+00
3.281000000e-03 0.000000000e+00
3.281000001e-03 3.300000000e+00
3.281561988e-03 3.300000000e+00
3.281561989e-03 0.000000000e+00
3.282000000e-03 0.000000000e+00
3.282000001e-03 3.300000000e+00
3.282563987e-03 3.300000000e+00
3.282563988e-03 0.000000000e+00
3.283000000e-03 0.000000000e+00
3.283000001e-03 3.300000000e+00
3.283565987e-03 3.300000000e+00
3.283565988e-03 0.000000000e+00
3.284000000e-03 0.000000000e+00
3.284000001e-03 3.300000000e+00
3.284567986e-03 3.300000000e+00
3.284567987e-03 0.000000000e+00
3.285000000e-03 0.000000000e+00
3.285000001e-03 3.300000000e+00
3.285569986e-03 3.300000000e+00
3.285569987e-03 0.000000000e+00
3.286000000e-03 0.000000000e+00
3.286000001e-03 3.300000000e+00
3.286571986e-03 3.300000000e+00
3.286571987e-03 0.000000000e+00
3.287000000e-03 0.000000000e+00
3.287000001e-03 3.300000000e+00
3.287573985e-03 3.300000000e+00
3.287573986e-03 0.000000000e+00
3.288000000e-03 0.000000000e+00
3.288000001e-03 3.300000000e+00
3.288575985e-03 3.300000000e+00
3.288575986e-03 0.000000000e+00
3.289000000e-03 0.000000000e+00
3.289000001e-03 3.300000000e+00
3.289577984e-03 3.300000000e+00
3.289577985e-03 0.000000000e+00
3.290000000e-03 0.000000000e+00
3.290000001e-03 3.300000000e+00
3.290579984e-03 3.300000000e+00
3.290579985e-03 0.000000000e+00
3.291000000e-03 0.000000000e+00
3.291000001e-03 3.300000000e+00
3.291581984e-03 3.300000000e+00
3.291581985e-03 0.000000000e+00
3.292000000e-03 0.000000000e+00
3.292000001e-03 3.300000000e+00
3.292583983e-03 3.300000000e+00
3.292583984e-03 0.000000000e+00
3.293000000e-03 0.000000000e+00
3.293000001e-03 3.300000000e+00
3.293585983e-03 3.300000000e+00
3.293585984e-03 0.000000000e+00
3.294000000e-03 0.000000000e+00
3.294000001e-03 3.300000000e+00
3.294587982e-03 3.300000000e+00
3.294587983e-03 0.000000000e+00
3.295000000e-03 0.000000000e+00
3.295000001e-03 3.300000000e+00
3.295589982e-03 3.300000000e+00
3.295589983e-03 0.000000000e+00
3.296000000e-03 0.000000000e+00
3.296000001e-03 3.300000000e+00
3.296591982e-03 3.300000000e+00
3.296591983e-03 0.000000000e+00
3.297000000e-03 0.000000000e+00
3.297000001e-03 3.300000000e+00
3.297593981e-03 3.300000000e+00
3.297593982e-03 0.000000000e+00
3.298000000e-03 0.000000000e+00
3.298000001e-03 3.300000000e+00
3.298595981e-03 3.300000000e+00
3.298595982e-03 0.000000000e+00
3.299000000e-03 0.000000000e+00
3.299000001e-03 3.300000000e+00
3.299597980e-03 3.300000000e+00
3.299597981e-03 0.000000000e+00
3.300000000e-03 0.000000000e+00
3.300000001e-03 3.300000000e+00
3.300599980e-03 3.300000000e+00
3.300599981e-03 0.000000000e+00
3.301000000e-03 0.000000000e+00
3.301000001e-03 3.300000000e+00
3.301601980e-03 3.300000000e+00
3.301601981e-03 0.000000000e+00
3.302000000e-03 0.000000000e+00
3.302000001e-03 3.300000000e+00
3.302603979e-03 3.300000000e+00
3.302603980e-03 0.000000000e+00
3.303000000e-03 0.000000000e+00
3.303000001e-03 3.300000000e+00
3.303605979e-03 3.300000000e+00
3.303605980e-03 0.000000000e+00
3.304000000e-03 0.000000000e+00
3.304000001e-03 3.300000000e+00
3.304607978e-03 3.300000000e+00
3.304607979e-03 0.000000000e+00
3.305000000e-03 0.000000000e+00
3.305000001e-03 3.300000000e+00
3.305609978e-03 3.300000000e+00
3.305609979e-03 0.000000000e+00
3.306000000e-03 0.000000000e+00
3.306000001e-03 3.300000000e+00
3.306611978e-03 3.300000000e+00
3.306611979e-03 0.000000000e+00
3.307000000e-03 0.000000000e+00
3.307000001e-03 3.300000000e+00
3.307613977e-03 3.300000000e+00
3.307613978e-03 0.000000000e+00
3.308000000e-03 0.000000000e+00
3.308000001e-03 3.300000000e+00
3.308615977e-03 3.300000000e+00
3.308615978e-03 0.000000000e+00
3.309000000e-03 0.000000000e+00
3.309000001e-03 3.300000000e+00
3.309617976e-03 3.300000000e+00
3.309617977e-03 0.000000000e+00
3.310000000e-03 0.000000000e+00
3.310000001e-03 3.300000000e+00
3.310619976e-03 3.300000000e+00
3.310619977e-03 0.000000000e+00
3.311000000e-03 0.000000000e+00
3.311000001e-03 3.300000000e+00
3.311621976e-03 3.300000000e+00
3.311621977e-03 0.000000000e+00
3.312000000e-03 0.000000000e+00
3.312000001e-03 3.300000000e+00
3.312623975e-03 3.300000000e+00
3.312623976e-03 0.000000000e+00
3.313000000e-03 0.000000000e+00
3.313000001e-03 3.300000000e+00
3.313625975e-03 3.300000000e+00
3.313625976e-03 0.000000000e+00
3.314000000e-03 0.000000000e+00
3.314000001e-03 3.300000000e+00
3.314627974e-03 3.300000000e+00
3.314627975e-03 0.000000000e+00
3.315000000e-03 0.000000000e+00
3.315000001e-03 3.300000000e+00
3.315629974e-03 3.300000000e+00
3.315629975e-03 0.000000000e+00
3.316000000e-03 0.000000000e+00
3.316000001e-03 3.300000000e+00
3.316631974e-03 3.300000000e+00
3.316631975e-03 0.000000000e+00
3.317000000e-03 0.000000000e+00
3.317000001e-03 3.300000000e+00
3.317633973e-03 3.300000000e+00
3.317633974e-03 0.000000000e+00
3.318000000e-03 0.000000000e+00
3.318000001e-03 3.300000000e+00
3.318635973e-03 3.300000000e+00
3.318635974e-03 0.000000000e+00
3.319000000e-03 0.000000000e+00
3.319000001e-03 3.300000000e+00
3.319637972e-03 3.300000000e+00
3.319637973e-03 0.000000000e+00
3.320000000e-03 0.000000000e+00
3.320000001e-03 3.300000000e+00
3.320639972e-03 3.300000000e+00
3.320639973e-03 0.000000000e+00
3.321000000e-03 0.000000000e+00
3.321000001e-03 3.300000000e+00
3.321641972e-03 3.300000000e+00
3.321641973e-03 0.000000000e+00
3.322000000e-03 0.000000000e+00
3.322000001e-03 3.300000000e+00
3.322643971e-03 3.300000000e+00
3.322643972e-03 0.000000000e+00
3.323000000e-03 0.000000000e+00
3.323000001e-03 3.300000000e+00
3.323645971e-03 3.300000000e+00
3.323645972e-03 0.000000000e+00
3.324000000e-03 0.000000000e+00
3.324000001e-03 3.300000000e+00
3.324647970e-03 3.300000000e+00
3.324647971e-03 0.000000000e+00
3.325000000e-03 0.000000000e+00
3.325000001e-03 3.300000000e+00
3.325649970e-03 3.300000000e+00
3.325649971e-03 0.000000000e+00
3.326000000e-03 0.000000000e+00
3.326000001e-03 3.300000000e+00
3.326651970e-03 3.300000000e+00
3.326651971e-03 0.000000000e+00
3.327000000e-03 0.000000000e+00
3.327000001e-03 3.300000000e+00
3.327653969e-03 3.300000000e+00
3.327653970e-03 0.000000000e+00
3.328000000e-03 0.000000000e+00
3.328000001e-03 3.300000000e+00
3.328655969e-03 3.300000000e+00
3.328655970e-03 0.000000000e+00
3.329000000e-03 0.000000000e+00
3.329000001e-03 3.300000000e+00
3.329657968e-03 3.300000000e+00
3.329657969e-03 0.000000000e+00
3.330000000e-03 0.000000000e+00
3.330000001e-03 3.300000000e+00
3.330659968e-03 3.300000000e+00
3.330659969e-03 0.000000000e+00
3.331000000e-03 0.000000000e+00
3.331000001e-03 3.300000000e+00
3.331661968e-03 3.300000000e+00
3.331661969e-03 0.000000000e+00
3.332000000e-03 0.000000000e+00
3.332000001e-03 3.300000000e+00
3.332663967e-03 3.300000000e+00
3.332663968e-03 0.000000000e+00
3.333000000e-03 0.000000000e+00
3.333000001e-03 3.300000000e+00
3.333665967e-03 3.300000000e+00
3.333665968e-03 0.000000000e+00
3.334000000e-03 0.000000000e+00
3.334000001e-03 3.300000000e+00
3.334667966e-03 3.300000000e+00
3.334667967e-03 0.000000000e+00
3.335000000e-03 0.000000000e+00
3.335000001e-03 3.300000000e+00
3.335669966e-03 3.300000000e+00
3.335669967e-03 0.000000000e+00
3.336000000e-03 0.000000000e+00
3.336000001e-03 3.300000000e+00
3.336671966e-03 3.300000000e+00
3.336671967e-03 0.000000000e+00
3.337000000e-03 0.000000000e+00
3.337000001e-03 3.300000000e+00
3.337673965e-03 3.300000000e+00
3.337673966e-03 0.000000000e+00
3.338000000e-03 0.000000000e+00
3.338000001e-03 3.300000000e+00
3.338675965e-03 3.300000000e+00
3.338675966e-03 0.000000000e+00
3.339000000e-03 0.000000000e+00
3.339000001e-03 3.300000000e+00
3.339677964e-03 3.300000000e+00
3.339677965e-03 0.000000000e+00
3.340000000e-03 0.000000000e+00
3.340000001e-03 3.300000000e+00
3.340679964e-03 3.300000000e+00
3.340679965e-03 0.000000000e+00
3.341000000e-03 0.000000000e+00
3.341000001e-03 3.300000000e+00
3.341681964e-03 3.300000000e+00
3.341681965e-03 0.000000000e+00
3.342000000e-03 0.000000000e+00
3.342000001e-03 3.300000000e+00
3.342683963e-03 3.300000000e+00
3.342683964e-03 0.000000000e+00
3.343000000e-03 0.000000000e+00
3.343000001e-03 3.300000000e+00
3.343685963e-03 3.300000000e+00
3.343685964e-03 0.000000000e+00
3.344000000e-03 0.000000000e+00
3.344000001e-03 3.300000000e+00
3.344687962e-03 3.300000000e+00
3.344687963e-03 0.000000000e+00
3.345000000e-03 0.000000000e+00
3.345000001e-03 3.300000000e+00
3.345689962e-03 3.300000000e+00
3.345689963e-03 0.000000000e+00
3.346000000e-03 0.000000000e+00
3.346000001e-03 3.300000000e+00
3.346691962e-03 3.300000000e+00
3.346691963e-03 0.000000000e+00
3.347000000e-03 0.000000000e+00
3.347000001e-03 3.300000000e+00
3.347693961e-03 3.300000000e+00
3.347693962e-03 0.000000000e+00
3.348000000e-03 0.000000000e+00
3.348000001e-03 3.300000000e+00
3.348695961e-03 3.300000000e+00
3.348695962e-03 0.000000000e+00
3.349000000e-03 0.000000000e+00
3.349000001e-03 3.300000000e+00
3.349697960e-03 3.300000000e+00
3.349697961e-03 0.000000000e+00
3.350000000e-03 0.000000000e+00
3.350000001e-03 3.300000000e+00
3.350699960e-03 3.300000000e+00
3.350699961e-03 0.000000000e+00
3.351000000e-03 0.000000000e+00
3.351000001e-03 3.300000000e+00
3.351701960e-03 3.300000000e+00
3.351701961e-03 0.000000000e+00
3.352000000e-03 0.000000000e+00
3.352000001e-03 3.300000000e+00
3.352703959e-03 3.300000000e+00
3.352703960e-03 0.000000000e+00
3.353000000e-03 0.000000000e+00
3.353000001e-03 3.300000000e+00
3.353705959e-03 3.300000000e+00
3.353705960e-03 0.000000000e+00
3.354000000e-03 0.000000000e+00
3.354000001e-03 3.300000000e+00
3.354707958e-03 3.300000000e+00
3.354707959e-03 0.000000000e+00
3.355000000e-03 0.000000000e+00
3.355000001e-03 3.300000000e+00
3.355709958e-03 3.300000000e+00
3.355709959e-03 0.000000000e+00
3.356000000e-03 0.000000000e+00
3.356000001e-03 3.300000000e+00
3.356711958e-03 3.300000000e+00
3.356711959e-03 0.000000000e+00
3.357000000e-03 0.000000000e+00
3.357000001e-03 3.300000000e+00
3.357713957e-03 3.300000000e+00
3.357713958e-03 0.000000000e+00
3.358000000e-03 0.000000000e+00
3.358000001e-03 3.300000000e+00
3.358715957e-03 3.300000000e+00
3.358715958e-03 0.000000000e+00
3.359000000e-03 0.000000000e+00
3.359000001e-03 3.300000000e+00
3.359717956e-03 3.300000000e+00
3.359717957e-03 0.000000000e+00
3.360000000e-03 0.000000000e+00
3.360000001e-03 3.300000000e+00
3.360719956e-03 3.300000000e+00
3.360719957e-03 0.000000000e+00
3.361000000e-03 0.000000000e+00
3.361000001e-03 3.300000000e+00
3.361721956e-03 3.300000000e+00
3.361721957e-03 0.000000000e+00
3.362000000e-03 0.000000000e+00
3.362000001e-03 3.300000000e+00
3.362723955e-03 3.300000000e+00
3.362723956e-03 0.000000000e+00
3.363000000e-03 0.000000000e+00
3.363000001e-03 3.300000000e+00
3.363725955e-03 3.300000000e+00
3.363725956e-03 0.000000000e+00
3.364000000e-03 0.000000000e+00
3.364000001e-03 3.300000000e+00
3.364727954e-03 3.300000000e+00
3.364727955e-03 0.000000000e+00
3.365000000e-03 0.000000000e+00
3.365000001e-03 3.300000000e+00
3.365729954e-03 3.300000000e+00
3.365729955e-03 0.000000000e+00
3.366000000e-03 0.000000000e+00
3.366000001e-03 3.300000000e+00
3.366731954e-03 3.300000000e+00
3.366731955e-03 0.000000000e+00
3.367000000e-03 0.000000000e+00
3.367000001e-03 3.300000000e+00
3.367733953e-03 3.300000000e+00
3.367733954e-03 0.000000000e+00
3.368000000e-03 0.000000000e+00
3.368000001e-03 3.300000000e+00
3.368735953e-03 3.300000000e+00
3.368735954e-03 0.000000000e+00
3.369000000e-03 0.000000000e+00
3.369000001e-03 3.300000000e+00
3.369737952e-03 3.300000000e+00
3.369737953e-03 0.000000000e+00
3.370000000e-03 0.000000000e+00
3.370000001e-03 3.300000000e+00
3.370739952e-03 3.300000000e+00
3.370739953e-03 0.000000000e+00
3.371000000e-03 0.000000000e+00
3.371000001e-03 3.300000000e+00
3.371741952e-03 3.300000000e+00
3.371741953e-03 0.000000000e+00
3.372000000e-03 0.000000000e+00
3.372000001e-03 3.300000000e+00
3.372743951e-03 3.300000000e+00
3.372743952e-03 0.000000000e+00
3.373000000e-03 0.000000000e+00
3.373000001e-03 3.300000000e+00
3.373745951e-03 3.300000000e+00
3.373745952e-03 0.000000000e+00
3.374000000e-03 0.000000000e+00
3.374000001e-03 3.300000000e+00
3.374747950e-03 3.300000000e+00
3.374747951e-03 0.000000000e+00
3.375000000e-03 0.000000000e+00
3.375000001e-03 3.300000000e+00
3.375749950e-03 3.300000000e+00
3.375749951e-03 0.000000000e+00
3.376000000e-03 0.000000000e+00
3.376000001e-03 3.300000000e+00
3.376751950e-03 3.300000000e+00
3.376751951e-03 0.000000000e+00
3.377000000e-03 0.000000000e+00
3.377000001e-03 3.300000000e+00
3.377753949e-03 3.300000000e+00
3.377753950e-03 0.000000000e+00
3.378000000e-03 0.000000000e+00
3.378000001e-03 3.300000000e+00
3.378755949e-03 3.300000000e+00
3.378755950e-03 0.000000000e+00
3.379000000e-03 0.000000000e+00
3.379000001e-03 3.300000000e+00
3.379757948e-03 3.300000000e+00
3.379757949e-03 0.000000000e+00
3.380000000e-03 0.000000000e+00
3.380000001e-03 3.300000000e+00
3.380759948e-03 3.300000000e+00
3.380759949e-03 0.000000000e+00
3.381000000e-03 0.000000000e+00
3.381000001e-03 3.300000000e+00
3.381761948e-03 3.300000000e+00
3.381761949e-03 0.000000000e+00
3.382000000e-03 0.000000000e+00
3.382000001e-03 3.300000000e+00
3.382763947e-03 3.300000000e+00
3.382763948e-03 0.000000000e+00
3.383000000e-03 0.000000000e+00
3.383000001e-03 3.300000000e+00
3.383765947e-03 3.300000000e+00
3.383765948e-03 0.000000000e+00
3.384000000e-03 0.000000000e+00
3.384000001e-03 3.300000000e+00
3.384767946e-03 3.300000000e+00
3.384767947e-03 0.000000000e+00
3.385000000e-03 0.000000000e+00
3.385000001e-03 3.300000000e+00
3.385769946e-03 3.300000000e+00
3.385769947e-03 0.000000000e+00
3.386000000e-03 0.000000000e+00
3.386000001e-03 3.300000000e+00
3.386771946e-03 3.300000000e+00
3.386771947e-03 0.000000000e+00
3.387000000e-03 0.000000000e+00
3.387000001e-03 3.300000000e+00
3.387773945e-03 3.300000000e+00
3.387773946e-03 0.000000000e+00
3.388000000e-03 0.000000000e+00
3.388000001e-03 3.300000000e+00
3.388775945e-03 3.300000000e+00
3.388775946e-03 0.000000000e+00
3.389000000e-03 0.000000000e+00
3.389000001e-03 3.300000000e+00
3.389777944e-03 3.300000000e+00
3.389777945e-03 0.000000000e+00
3.390000000e-03 0.000000000e+00
3.390000001e-03 3.300000000e+00
3.390779944e-03 3.300000000e+00
3.390779945e-03 0.000000000e+00
3.391000000e-03 0.000000000e+00
3.391000001e-03 3.300000000e+00
3.391781944e-03 3.300000000e+00
3.391781945e-03 0.000000000e+00
3.392000000e-03 0.000000000e+00
3.392000001e-03 3.300000000e+00
3.392783943e-03 3.300000000e+00
3.392783944e-03 0.000000000e+00
3.393000000e-03 0.000000000e+00
3.393000001e-03 3.300000000e+00
3.393785943e-03 3.300000000e+00
3.393785944e-03 0.000000000e+00
3.394000000e-03 0.000000000e+00
3.394000001e-03 3.300000000e+00
3.394787942e-03 3.300000000e+00
3.394787943e-03 0.000000000e+00
3.395000000e-03 0.000000000e+00
3.395000001e-03 3.300000000e+00
3.395789942e-03 3.300000000e+00
3.395789943e-03 0.000000000e+00
3.396000000e-03 0.000000000e+00
3.396000001e-03 3.300000000e+00
3.396791942e-03 3.300000000e+00
3.396791943e-03 0.000000000e+00
3.397000000e-03 0.000000000e+00
3.397000001e-03 3.300000000e+00
3.397793941e-03 3.300000000e+00
3.397793942e-03 0.000000000e+00
3.398000000e-03 0.000000000e+00
3.398000001e-03 3.300000000e+00
3.398795941e-03 3.300000000e+00
3.398795942e-03 0.000000000e+00
3.399000000e-03 0.000000000e+00
3.399000001e-03 3.300000000e+00
3.399797940e-03 3.300000000e+00
3.399797941e-03 0.000000000e+00
3.400000000e-03 0.000000000e+00
3.400000001e-03 3.300000000e+00
3.400799940e-03 3.300000000e+00
3.400799941e-03 0.000000000e+00
3.401000000e-03 0.000000000e+00
3.401000001e-03 3.300000000e+00
3.401801940e-03 3.300000000e+00
3.401801941e-03 0.000000000e+00
3.402000000e-03 0.000000000e+00
3.402000001e-03 3.300000000e+00
3.402803939e-03 3.300000000e+00
3.402803940e-03 0.000000000e+00
3.403000000e-03 0.000000000e+00
3.403000001e-03 3.300000000e+00
3.403805939e-03 3.300000000e+00
3.403805940e-03 0.000000000e+00
3.404000000e-03 0.000000000e+00
3.404000001e-03 3.300000000e+00
3.404807938e-03 3.300000000e+00
3.404807939e-03 0.000000000e+00
3.405000000e-03 0.000000000e+00
3.405000001e-03 3.300000000e+00
3.405809938e-03 3.300000000e+00
3.405809939e-03 0.000000000e+00
3.406000000e-03 0.000000000e+00
3.406000001e-03 3.300000000e+00
3.406811938e-03 3.300000000e+00
3.406811939e-03 0.000000000e+00
3.407000000e-03 0.000000000e+00
3.407000001e-03 3.300000000e+00
3.407813937e-03 3.300000000e+00
3.407813938e-03 0.000000000e+00
3.408000000e-03 0.000000000e+00
3.408000001e-03 3.300000000e+00
3.408815937e-03 3.300000000e+00
3.408815938e-03 0.000000000e+00
3.409000000e-03 0.000000000e+00
3.409000001e-03 3.300000000e+00
3.409817936e-03 3.300000000e+00
3.409817937e-03 0.000000000e+00
3.410000000e-03 0.000000000e+00
3.410000001e-03 3.300000000e+00
3.410819936e-03 3.300000000e+00
3.410819937e-03 0.000000000e+00
3.411000000e-03 0.000000000e+00
3.411000001e-03 3.300000000e+00
3.411821936e-03 3.300000000e+00
3.411821937e-03 0.000000000e+00
3.412000000e-03 0.000000000e+00
3.412000001e-03 3.300000000e+00
3.412823935e-03 3.300000000e+00
3.412823936e-03 0.000000000e+00
3.413000000e-03 0.000000000e+00
3.413000001e-03 3.300000000e+00
3.413825935e-03 3.300000000e+00
3.413825936e-03 0.000000000e+00
3.414000000e-03 0.000000000e+00
3.414000001e-03 3.300000000e+00
3.414827934e-03 3.300000000e+00
3.414827935e-03 0.000000000e+00
3.415000000e-03 0.000000000e+00
3.415000001e-03 3.300000000e+00
3.415829934e-03 3.300000000e+00
3.415829935e-03 0.000000000e+00
3.416000000e-03 0.000000000e+00
3.416000001e-03 3.300000000e+00
3.416831934e-03 3.300000000e+00
3.416831935e-03 0.000000000e+00
3.417000000e-03 0.000000000e+00
3.417000001e-03 3.300000000e+00
3.417833933e-03 3.300000000e+00
3.417833934e-03 0.000000000e+00
3.418000000e-03 0.000000000e+00
3.418000001e-03 3.300000000e+00
3.418835933e-03 3.300000000e+00
3.418835934e-03 0.000000000e+00
3.419000000e-03 0.000000000e+00
3.419000001e-03 3.300000000e+00
3.419837932e-03 3.300000000e+00
3.419837933e-03 0.000000000e+00
3.420000000e-03 0.000000000e+00
3.420000001e-03 3.300000000e+00
3.420839932e-03 3.300000000e+00
3.420839933e-03 0.000000000e+00
3.421000000e-03 0.000000000e+00
3.421000001e-03 3.300000000e+00
3.421841932e-03 3.300000000e+00
3.421841933e-03 0.000000000e+00
3.422000000e-03 0.000000000e+00
3.422000001e-03 3.300000000e+00
3.422843931e-03 3.300000000e+00
3.422843932e-03 0.000000000e+00
3.423000000e-03 0.000000000e+00
3.423000001e-03 3.300000000e+00
3.423845931e-03 3.300000000e+00
3.423845932e-03 0.000000000e+00
3.424000000e-03 0.000000000e+00
3.424000001e-03 3.300000000e+00
3.424847930e-03 3.300000000e+00
3.424847931e-03 0.000000000e+00
3.425000000e-03 0.000000000e+00
3.425000001e-03 3.300000000e+00
3.425849930e-03 3.300000000e+00
3.425849931e-03 0.000000000e+00
3.426000000e-03 0.000000000e+00
3.426000001e-03 3.300000000e+00
3.426851930e-03 3.300000000e+00
3.426851931e-03 0.000000000e+00
3.427000000e-03 0.000000000e+00
3.427000001e-03 3.300000000e+00
3.427853929e-03 3.300000000e+00
3.427853930e-03 0.000000000e+00
3.428000000e-03 0.000000000e+00
3.428000001e-03 3.300000000e+00
3.428855929e-03 3.300000000e+00
3.428855930e-03 0.000000000e+00
3.429000000e-03 0.000000000e+00
3.429000001e-03 3.300000000e+00
3.429857928e-03 3.300000000e+00
3.429857929e-03 0.000000000e+00
3.430000000e-03 0.000000000e+00
3.430000001e-03 3.300000000e+00
3.430859928e-03 3.300000000e+00
3.430859929e-03 0.000000000e+00
3.431000000e-03 0.000000000e+00
3.431000001e-03 3.300000000e+00
3.431861928e-03 3.300000000e+00
3.431861929e-03 0.000000000e+00
3.432000000e-03 0.000000000e+00
3.432000001e-03 3.300000000e+00
3.432863927e-03 3.300000000e+00
3.432863928e-03 0.000000000e+00
3.433000000e-03 0.000000000e+00
3.433000001e-03 3.300000000e+00
3.433865927e-03 3.300000000e+00
3.433865928e-03 0.000000000e+00
3.434000000e-03 0.000000000e+00
3.434000001e-03 3.300000000e+00
3.434867926e-03 3.300000000e+00
3.434867927e-03 0.000000000e+00
3.435000000e-03 0.000000000e+00
3.435000001e-03 3.300000000e+00
3.435869926e-03 3.300000000e+00
3.435869927e-03 0.000000000e+00
3.436000000e-03 0.000000000e+00
3.436000001e-03 3.300000000e+00
3.436871926e-03 3.300000000e+00
3.436871927e-03 0.000000000e+00
3.437000000e-03 0.000000000e+00
3.437000001e-03 3.300000000e+00
3.437873925e-03 3.300000000e+00
3.437873926e-03 0.000000000e+00
3.438000000e-03 0.000000000e+00
3.438000001e-03 3.300000000e+00
3.438875925e-03 3.300000000e+00
3.438875926e-03 0.000000000e+00
3.439000000e-03 0.000000000e+00
3.439000001e-03 3.300000000e+00
3.439877924e-03 3.300000000e+00
3.439877925e-03 0.000000000e+00
3.440000000e-03 0.000000000e+00
3.440000001e-03 3.300000000e+00
3.440879924e-03 3.300000000e+00
3.440879925e-03 0.000000000e+00
3.441000000e-03 0.000000000e+00
3.441000001e-03 3.300000000e+00
3.441881924e-03 3.300000000e+00
3.441881925e-03 0.000000000e+00
3.442000000e-03 0.000000000e+00
3.442000001e-03 3.300000000e+00
3.442883923e-03 3.300000000e+00
3.442883924e-03 0.000000000e+00
3.443000000e-03 0.000000000e+00
3.443000001e-03 3.300000000e+00
3.443885923e-03 3.300000000e+00
3.443885924e-03 0.000000000e+00
3.444000000e-03 0.000000000e+00
3.444000001e-03 3.300000000e+00
3.444887922e-03 3.300000000e+00
3.444887923e-03 0.000000000e+00
3.445000000e-03 0.000000000e+00
3.445000001e-03 3.300000000e+00
3.445889922e-03 3.300000000e+00
3.445889923e-03 0.000000000e+00
3.446000000e-03 0.000000000e+00
3.446000001e-03 3.300000000e+00
3.446891922e-03 3.300000000e+00
3.446891923e-03 0.000000000e+00
3.447000000e-03 0.000000000e+00
3.447000001e-03 3.300000000e+00
3.447893921e-03 3.300000000e+00
3.447893922e-03 0.000000000e+00
3.448000000e-03 0.000000000e+00
3.448000001e-03 3.300000000e+00
3.448895921e-03 3.300000000e+00
3.448895922e-03 0.000000000e+00
3.449000000e-03 0.000000000e+00
3.449000001e-03 3.300000000e+00
3.449897920e-03 3.300000000e+00
3.449897921e-03 0.000000000e+00
3.450000000e-03 0.000000000e+00
3.450000001e-03 3.300000000e+00
3.450899920e-03 3.300000000e+00
3.450899921e-03 0.000000000e+00
3.451000000e-03 0.000000000e+00
3.451000001e-03 3.300000000e+00
3.451901920e-03 3.300000000e+00
3.451901921e-03 0.000000000e+00
3.452000000e-03 0.000000000e+00
3.452000001e-03 3.300000000e+00
3.452903919e-03 3.300000000e+00
3.452903920e-03 0.000000000e+00
3.453000000e-03 0.000000000e+00
3.453000001e-03 3.300000000e+00
3.453905919e-03 3.300000000e+00
3.453905920e-03 0.000000000e+00
3.454000000e-03 0.000000000e+00
3.454000001e-03 3.300000000e+00
3.454907918e-03 3.300000000e+00
3.454907919e-03 0.000000000e+00
3.455000000e-03 0.000000000e+00
3.455000001e-03 3.300000000e+00
3.455909918e-03 3.300000000e+00
3.455909919e-03 0.000000000e+00
3.456000000e-03 0.000000000e+00
3.456000001e-03 3.300000000e+00
3.456911918e-03 3.300000000e+00
3.456911919e-03 0.000000000e+00
3.457000000e-03 0.000000000e+00
3.457000001e-03 3.300000000e+00
3.457913917e-03 3.300000000e+00
3.457913918e-03 0.000000000e+00
3.458000000e-03 0.000000000e+00
3.458000001e-03 3.300000000e+00
3.458915917e-03 3.300000000e+00
3.458915918e-03 0.000000000e+00
3.459000000e-03 0.000000000e+00
3.459000001e-03 3.300000000e+00
3.459917916e-03 3.300000000e+00
3.459917917e-03 0.000000000e+00
3.460000000e-03 0.000000000e+00
3.460000001e-03 3.300000000e+00
3.460919916e-03 3.300000000e+00
3.460919917e-03 0.000000000e+00
3.461000000e-03 0.000000000e+00
3.461000001e-03 3.300000000e+00
3.461921916e-03 3.300000000e+00
3.461921917e-03 0.000000000e+00
3.462000000e-03 0.000000000e+00
3.462000001e-03 3.300000000e+00
3.462923915e-03 3.300000000e+00
3.462923916e-03 0.000000000e+00
3.463000000e-03 0.000000000e+00
3.463000001e-03 3.300000000e+00
3.463925915e-03 3.300000000e+00
3.463925916e-03 0.000000000e+00
3.464000000e-03 0.000000000e+00
3.464000001e-03 3.300000000e+00
3.464927914e-03 3.300000000e+00
3.464927915e-03 0.000000000e+00
3.465000000e-03 0.000000000e+00
3.465000001e-03 3.300000000e+00
3.465929914e-03 3.300000000e+00
3.465929915e-03 0.000000000e+00
3.466000000e-03 0.000000000e+00
3.466000001e-03 3.300000000e+00
3.466931914e-03 3.300000000e+00
3.466931915e-03 0.000000000e+00
3.467000000e-03 0.000000000e+00
3.467000001e-03 3.300000000e+00
3.467933913e-03 3.300000000e+00
3.467933914e-03 0.000000000e+00
3.468000000e-03 0.000000000e+00
3.468000001e-03 3.300000000e+00
3.468935913e-03 3.300000000e+00
3.468935914e-03 0.000000000e+00
3.469000000e-03 0.000000000e+00
3.469000001e-03 3.300000000e+00
3.469937912e-03 3.300000000e+00
3.469937913e-03 0.000000000e+00
3.470000000e-03 0.000000000e+00
3.470000001e-03 3.300000000e+00
3.470939912e-03 3.300000000e+00
3.470939913e-03 0.000000000e+00
3.471000000e-03 0.000000000e+00
3.471000001e-03 3.300000000e+00
3.471941912e-03 3.300000000e+00
3.471941913e-03 0.000000000e+00
3.472000000e-03 0.000000000e+00
3.472000001e-03 3.300000000e+00
3.472943911e-03 3.300000000e+00
3.472943912e-03 0.000000000e+00
3.473000000e-03 0.000000000e+00
3.473000001e-03 3.300000000e+00
3.473945911e-03 3.300000000e+00
3.473945912e-03 0.000000000e+00
3.474000000e-03 0.000000000e+00
3.474000001e-03 3.300000000e+00
3.474947910e-03 3.300000000e+00
3.474947911e-03 0.000000000e+00
3.475000000e-03 0.000000000e+00
3.475000001e-03 3.300000000e+00
3.475949910e-03 3.300000000e+00
3.475949911e-03 0.000000000e+00
3.476000000e-03 0.000000000e+00
3.476000001e-03 3.300000000e+00
3.476951910e-03 3.300000000e+00
3.476951911e-03 0.000000000e+00
3.477000000e-03 0.000000000e+00
3.477000001e-03 3.300000000e+00
3.477953909e-03 3.300000000e+00
3.477953910e-03 0.000000000e+00
3.478000000e-03 0.000000000e+00
3.478000001e-03 3.300000000e+00
3.478955909e-03 3.300000000e+00
3.478955910e-03 0.000000000e+00
3.479000000e-03 0.000000000e+00
3.479000001e-03 3.300000000e+00
3.479957908e-03 3.300000000e+00
3.479957909e-03 0.000000000e+00
3.480000000e-03 0.000000000e+00
3.480000001e-03 3.300000000e+00
3.480959908e-03 3.300000000e+00
3.480959909e-03 0.000000000e+00
3.481000000e-03 0.000000000e+00
3.481000001e-03 3.300000000e+00
3.481961908e-03 3.300000000e+00
3.481961909e-03 0.000000000e+00
3.482000000e-03 0.000000000e+00
3.482000001e-03 3.300000000e+00
3.482963907e-03 3.300000000e+00
3.482963908e-03 0.000000000e+00
3.483000000e-03 0.000000000e+00
3.483000001e-03 3.300000000e+00
3.483965907e-03 3.300000000e+00
3.483965908e-03 0.000000000e+00
3.484000000e-03 0.000000000e+00
3.484000001e-03 3.300000000e+00
3.484967906e-03 3.300000000e+00
3.484967907e-03 0.000000000e+00
3.485000000e-03 0.000000000e+00
3.485000001e-03 3.300000000e+00
3.485969906e-03 3.300000000e+00
3.485969907e-03 0.000000000e+00
3.486000000e-03 0.000000000e+00
3.486000001e-03 3.300000000e+00
3.486971906e-03 3.300000000e+00
3.486971907e-03 0.000000000e+00
3.487000000e-03 0.000000000e+00
3.487000001e-03 3.300000000e+00
3.487973905e-03 3.300000000e+00
3.487973906e-03 0.000000000e+00
3.488000000e-03 0.000000000e+00
3.488000001e-03 3.300000000e+00
3.488975905e-03 3.300000000e+00
3.488975906e-03 0.000000000e+00
3.489000000e-03 0.000000000e+00
3.489000001e-03 3.300000000e+00
3.489977904e-03 3.300000000e+00
3.489977905e-03 0.000000000e+00
3.490000000e-03 0.000000000e+00
3.490000001e-03 3.300000000e+00
3.490979904e-03 3.300000000e+00
3.490979905e-03 0.000000000e+00
3.491000000e-03 0.000000000e+00
3.491000001e-03 3.300000000e+00
3.491981904e-03 3.300000000e+00
3.491981905e-03 0.000000000e+00
3.492000000e-03 0.000000000e+00
3.492000001e-03 3.300000000e+00
3.492983903e-03 3.300000000e+00
3.492983904e-03 0.000000000e+00
3.493000000e-03 0.000000000e+00
3.493000001e-03 3.300000000e+00
3.493985903e-03 3.300000000e+00
3.493985904e-03 0.000000000e+00
3.494000000e-03 0.000000000e+00
3.494000001e-03 3.300000000e+00
3.494987902e-03 3.300000000e+00
3.494987903e-03 0.000000000e+00
3.495000000e-03 0.000000000e+00
3.495000001e-03 3.300000000e+00
3.495989902e-03 3.300000000e+00
3.495989903e-03 0.000000000e+00
3.496000000e-03 0.000000000e+00
3.496000001e-03 3.300000000e+00
3.496991902e-03 3.300000000e+00
3.496991903e-03 0.000000000e+00
3.497000000e-03 0.000000000e+00
3.497000001e-03 3.300000000e+00
3.497993901e-03 3.300000000e+00
3.497993902e-03 0.000000000e+00
3.498000000e-03 0.000000000e+00
3.498000001e-03 3.300000000e+00
3.498995901e-03 3.300000000e+00
3.498995902e-03 0.000000000e+00
3.499000000e-03 0.000000000e+00
3.499000001e-03 3.300000000e+00
3.499997900e-03 3.300000000e+00
3.499997901e-03 0.000000000e+00
3.500000000e-03 0.000000000e+00
3.500000001e-03 3.300000000e+00
3.500999900e-03 3.300000000e+00
3.500999901e-03 0.000000000e+00
3.501000000e-03 0.000000000e+00
3.501000001e-03 3.300000000e+00
3.501997900e-03 3.300000000e+00
3.501997901e-03 0.000000000e+00
3.502000000e-03 0.000000000e+00
3.502000001e-03 3.300000000e+00
3.502995901e-03 3.300000000e+00
3.502995902e-03 0.000000000e+00
3.503000000e-03 0.000000000e+00
3.503000001e-03 3.300000000e+00
3.503993901e-03 3.300000000e+00
3.503993902e-03 0.000000000e+00
3.504000000e-03 0.000000000e+00
3.504000001e-03 3.300000000e+00
3.504991902e-03 3.300000000e+00
3.504991903e-03 0.000000000e+00
3.505000000e-03 0.000000000e+00
3.505000001e-03 3.300000000e+00
3.505989902e-03 3.300000000e+00
3.505989903e-03 0.000000000e+00
3.506000000e-03 0.000000000e+00
3.506000001e-03 3.300000000e+00
3.506987902e-03 3.300000000e+00
3.506987903e-03 0.000000000e+00
3.507000000e-03 0.000000000e+00
3.507000001e-03 3.300000000e+00
3.507985903e-03 3.300000000e+00
3.507985904e-03 0.000000000e+00
3.508000000e-03 0.000000000e+00
3.508000001e-03 3.300000000e+00
3.508983903e-03 3.300000000e+00
3.508983904e-03 0.000000000e+00
3.509000000e-03 0.000000000e+00
3.509000001e-03 3.300000000e+00
3.509981904e-03 3.300000000e+00
3.509981905e-03 0.000000000e+00
3.510000000e-03 0.000000000e+00
3.510000001e-03 3.300000000e+00
3.510979904e-03 3.300000000e+00
3.510979905e-03 0.000000000e+00
3.511000000e-03 0.000000000e+00
3.511000001e-03 3.300000000e+00
3.511977904e-03 3.300000000e+00
3.511977905e-03 0.000000000e+00
3.512000000e-03 0.000000000e+00
3.512000001e-03 3.300000000e+00
3.512975905e-03 3.300000000e+00
3.512975906e-03 0.000000000e+00
3.513000000e-03 0.000000000e+00
3.513000001e-03 3.300000000e+00
3.513973905e-03 3.300000000e+00
3.513973906e-03 0.000000000e+00
3.514000000e-03 0.000000000e+00
3.514000001e-03 3.300000000e+00
3.514971906e-03 3.300000000e+00
3.514971907e-03 0.000000000e+00
3.515000000e-03 0.000000000e+00
3.515000001e-03 3.300000000e+00
3.515969906e-03 3.300000000e+00
3.515969907e-03 0.000000000e+00
3.516000000e-03 0.000000000e+00
3.516000001e-03 3.300000000e+00
3.516967906e-03 3.300000000e+00
3.516967907e-03 0.000000000e+00
3.517000000e-03 0.000000000e+00
3.517000001e-03 3.300000000e+00
3.517965907e-03 3.300000000e+00
3.517965908e-03 0.000000000e+00
3.518000000e-03 0.000000000e+00
3.518000001e-03 3.300000000e+00
3.518963907e-03 3.300000000e+00
3.518963908e-03 0.000000000e+00
3.519000000e-03 0.000000000e+00
3.519000001e-03 3.300000000e+00
3.519961908e-03 3.300000000e+00
3.519961909e-03 0.000000000e+00
3.520000000e-03 0.000000000e+00
3.520000001e-03 3.300000000e+00
3.520959908e-03 3.300000000e+00
3.520959909e-03 0.000000000e+00
3.521000000e-03 0.000000000e+00
3.521000001e-03 3.300000000e+00
3.521957908e-03 3.300000000e+00
3.521957909e-03 0.000000000e+00
3.522000000e-03 0.000000000e+00
3.522000001e-03 3.300000000e+00
3.522955909e-03 3.300000000e+00
3.522955910e-03 0.000000000e+00
3.523000000e-03 0.000000000e+00
3.523000001e-03 3.300000000e+00
3.523953909e-03 3.300000000e+00
3.523953910e-03 0.000000000e+00
3.524000000e-03 0.000000000e+00
3.524000001e-03 3.300000000e+00
3.524951910e-03 3.300000000e+00
3.524951911e-03 0.000000000e+00
3.525000000e-03 0.000000000e+00
3.525000001e-03 3.300000000e+00
3.525949910e-03 3.300000000e+00
3.525949911e-03 0.000000000e+00
3.526000000e-03 0.000000000e+00
3.526000001e-03 3.300000000e+00
3.526947910e-03 3.300000000e+00
3.526947911e-03 0.000000000e+00
3.527000000e-03 0.000000000e+00
3.527000001e-03 3.300000000e+00
3.527945911e-03 3.300000000e+00
3.527945912e-03 0.000000000e+00
3.528000000e-03 0.000000000e+00
3.528000001e-03 3.300000000e+00
3.528943911e-03 3.300000000e+00
3.528943912e-03 0.000000000e+00
3.529000000e-03 0.000000000e+00
3.529000001e-03 3.300000000e+00
3.529941912e-03 3.300000000e+00
3.529941913e-03 0.000000000e+00
3.530000000e-03 0.000000000e+00
3.530000001e-03 3.300000000e+00
3.530939912e-03 3.300000000e+00
3.530939913e-03 0.000000000e+00
3.531000000e-03 0.000000000e+00
3.531000001e-03 3.300000000e+00
3.531937912e-03 3.300000000e+00
3.531937913e-03 0.000000000e+00
3.532000000e-03 0.000000000e+00
3.532000001e-03 3.300000000e+00
3.532935913e-03 3.300000000e+00
3.532935914e-03 0.000000000e+00
3.533000000e-03 0.000000000e+00
3.533000001e-03 3.300000000e+00
3.533933913e-03 3.300000000e+00
3.533933914e-03 0.000000000e+00
3.534000000e-03 0.000000000e+00
3.534000001e-03 3.300000000e+00
3.534931914e-03 3.300000000e+00
3.534931915e-03 0.000000000e+00
3.535000000e-03 0.000000000e+00
3.535000001e-03 3.300000000e+00
3.535929914e-03 3.300000000e+00
3.535929915e-03 0.000000000e+00
3.536000000e-03 0.000000000e+00
3.536000001e-03 3.300000000e+00
3.536927914e-03 3.300000000e+00
3.536927915e-03 0.000000000e+00
3.537000000e-03 0.000000000e+00
3.537000001e-03 3.300000000e+00
3.537925915e-03 3.300000000e+00
3.537925916e-03 0.000000000e+00
3.538000000e-03 0.000000000e+00
3.538000001e-03 3.300000000e+00
3.538923915e-03 3.300000000e+00
3.538923916e-03 0.000000000e+00
3.539000000e-03 0.000000000e+00
3.539000001e-03 3.300000000e+00
3.539921916e-03 3.300000000e+00
3.539921917e-03 0.000000000e+00
3.540000000e-03 0.000000000e+00
3.540000001e-03 3.300000000e+00
3.540919916e-03 3.300000000e+00
3.540919917e-03 0.000000000e+00
3.541000000e-03 0.000000000e+00
3.541000001e-03 3.300000000e+00
3.541917916e-03 3.300000000e+00
3.541917917e-03 0.000000000e+00
3.542000000e-03 0.000000000e+00
3.542000001e-03 3.300000000e+00
3.542915917e-03 3.300000000e+00
3.542915918e-03 0.000000000e+00
3.543000000e-03 0.000000000e+00
3.543000001e-03 3.300000000e+00
3.543913917e-03 3.300000000e+00
3.543913918e-03 0.000000000e+00
3.544000000e-03 0.000000000e+00
3.544000001e-03 3.300000000e+00
3.544911918e-03 3.300000000e+00
3.544911919e-03 0.000000000e+00
3.545000000e-03 0.000000000e+00
3.545000001e-03 3.300000000e+00
3.545909918e-03 3.300000000e+00
3.545909919e-03 0.000000000e+00
3.546000000e-03 0.000000000e+00
3.546000001e-03 3.300000000e+00
3.546907918e-03 3.300000000e+00
3.546907919e-03 0.000000000e+00
3.547000000e-03 0.000000000e+00
3.547000001e-03 3.300000000e+00
3.547905919e-03 3.300000000e+00
3.547905920e-03 0.000000000e+00
3.548000000e-03 0.000000000e+00
3.548000001e-03 3.300000000e+00
3.548903919e-03 3.300000000e+00
3.548903920e-03 0.000000000e+00
3.549000000e-03 0.000000000e+00
3.549000001e-03 3.300000000e+00
3.549901920e-03 3.300000000e+00
3.549901921e-03 0.000000000e+00
3.550000000e-03 0.000000000e+00
3.550000001e-03 3.300000000e+00
3.550899920e-03 3.300000000e+00
3.550899921e-03 0.000000000e+00
3.551000000e-03 0.000000000e+00
3.551000001e-03 3.300000000e+00
3.551897920e-03 3.300000000e+00
3.551897921e-03 0.000000000e+00
3.552000000e-03 0.000000000e+00
3.552000001e-03 3.300000000e+00
3.552895921e-03 3.300000000e+00
3.552895922e-03 0.000000000e+00
3.553000000e-03 0.000000000e+00
3.553000001e-03 3.300000000e+00
3.553893921e-03 3.300000000e+00
3.553893922e-03 0.000000000e+00
3.554000000e-03 0.000000000e+00
3.554000001e-03 3.300000000e+00
3.554891922e-03 3.300000000e+00
3.554891923e-03 0.000000000e+00
3.555000000e-03 0.000000000e+00
3.555000001e-03 3.300000000e+00
3.555889922e-03 3.300000000e+00
3.555889923e-03 0.000000000e+00
3.556000000e-03 0.000000000e+00
3.556000001e-03 3.300000000e+00
3.556887922e-03 3.300000000e+00
3.556887923e-03 0.000000000e+00
3.557000000e-03 0.000000000e+00
3.557000001e-03 3.300000000e+00
3.557885923e-03 3.300000000e+00
3.557885924e-03 0.000000000e+00
3.558000000e-03 0.000000000e+00
3.558000001e-03 3.300000000e+00
3.558883923e-03 3.300000000e+00
3.558883924e-03 0.000000000e+00
3.559000000e-03 0.000000000e+00
3.559000001e-03 3.300000000e+00
3.559881924e-03 3.300000000e+00
3.559881925e-03 0.000000000e+00
3.560000000e-03 0.000000000e+00
3.560000001e-03 3.300000000e+00
3.560879924e-03 3.300000000e+00
3.560879925e-03 0.000000000e+00
3.561000000e-03 0.000000000e+00
3.561000001e-03 3.300000000e+00
3.561877924e-03 3.300000000e+00
3.561877925e-03 0.000000000e+00
3.562000000e-03 0.000000000e+00
3.562000001e-03 3.300000000e+00
3.562875925e-03 3.300000000e+00
3.562875926e-03 0.000000000e+00
3.563000000e-03 0.000000000e+00
3.563000001e-03 3.300000000e+00
3.563873925e-03 3.300000000e+00
3.563873926e-03 0.000000000e+00
3.564000000e-03 0.000000000e+00
3.564000001e-03 3.300000000e+00
3.564871926e-03 3.300000000e+00
3.564871927e-03 0.000000000e+00
3.565000000e-03 0.000000000e+00
3.565000001e-03 3.300000000e+00
3.565869926e-03 3.300000000e+00
3.565869927e-03 0.000000000e+00
3.566000000e-03 0.000000000e+00
3.566000001e-03 3.300000000e+00
3.566867926e-03 3.300000000e+00
3.566867927e-03 0.000000000e+00
3.567000000e-03 0.000000000e+00
3.567000001e-03 3.300000000e+00
3.567865927e-03 3.300000000e+00
3.567865928e-03 0.000000000e+00
3.568000000e-03 0.000000000e+00
3.568000001e-03 3.300000000e+00
3.568863927e-03 3.300000000e+00
3.568863928e-03 0.000000000e+00
3.569000000e-03 0.000000000e+00
3.569000001e-03 3.300000000e+00
3.569861928e-03 3.300000000e+00
3.569861929e-03 0.000000000e+00
3.570000000e-03 0.000000000e+00
3.570000001e-03 3.300000000e+00
3.570859928e-03 3.300000000e+00
3.570859929e-03 0.000000000e+00
3.571000000e-03 0.000000000e+00
3.571000001e-03 3.300000000e+00
3.571857928e-03 3.300000000e+00
3.571857929e-03 0.000000000e+00
3.572000000e-03 0.000000000e+00
3.572000001e-03 3.300000000e+00
3.572855929e-03 3.300000000e+00
3.572855930e-03 0.000000000e+00
3.573000000e-03 0.000000000e+00
3.573000001e-03 3.300000000e+00
3.573853929e-03 3.300000000e+00
3.573853930e-03 0.000000000e+00
3.574000000e-03 0.000000000e+00
3.574000001e-03 3.300000000e+00
3.574851930e-03 3.300000000e+00
3.574851931e-03 0.000000000e+00
3.575000000e-03 0.000000000e+00
3.575000001e-03 3.300000000e+00
3.575849930e-03 3.300000000e+00
3.575849931e-03 0.000000000e+00
3.576000000e-03 0.000000000e+00
3.576000001e-03 3.300000000e+00
3.576847930e-03 3.300000000e+00
3.576847931e-03 0.000000000e+00
3.577000000e-03 0.000000000e+00
3.577000001e-03 3.300000000e+00
3.577845931e-03 3.300000000e+00
3.577845932e-03 0.000000000e+00
3.578000000e-03 0.000000000e+00
3.578000001e-03 3.300000000e+00
3.578843931e-03 3.300000000e+00
3.578843932e-03 0.000000000e+00
3.579000000e-03 0.000000000e+00
3.579000001e-03 3.300000000e+00
3.579841932e-03 3.300000000e+00
3.579841933e-03 0.000000000e+00
3.580000000e-03 0.000000000e+00
3.580000001e-03 3.300000000e+00
3.580839932e-03 3.300000000e+00
3.580839933e-03 0.000000000e+00
3.581000000e-03 0.000000000e+00
3.581000001e-03 3.300000000e+00
3.581837932e-03 3.300000000e+00
3.581837933e-03 0.000000000e+00
3.582000000e-03 0.000000000e+00
3.582000001e-03 3.300000000e+00
3.582835933e-03 3.300000000e+00
3.582835934e-03 0.000000000e+00
3.583000000e-03 0.000000000e+00
3.583000001e-03 3.300000000e+00
3.583833933e-03 3.300000000e+00
3.583833934e-03 0.000000000e+00
3.584000000e-03 0.000000000e+00
3.584000001e-03 3.300000000e+00
3.584831934e-03 3.300000000e+00
3.584831935e-03 0.000000000e+00
3.585000000e-03 0.000000000e+00
3.585000001e-03 3.300000000e+00
3.585829934e-03 3.300000000e+00
3.585829935e-03 0.000000000e+00
3.586000000e-03 0.000000000e+00
3.586000001e-03 3.300000000e+00
3.586827934e-03 3.300000000e+00
3.586827935e-03 0.000000000e+00
3.587000000e-03 0.000000000e+00
3.587000001e-03 3.300000000e+00
3.587825935e-03 3.300000000e+00
3.587825936e-03 0.000000000e+00
3.588000000e-03 0.000000000e+00
3.588000001e-03 3.300000000e+00
3.588823935e-03 3.300000000e+00
3.588823936e-03 0.000000000e+00
3.589000000e-03 0.000000000e+00
3.589000001e-03 3.300000000e+00
3.589821936e-03 3.300000000e+00
3.589821937e-03 0.000000000e+00
3.590000000e-03 0.000000000e+00
3.590000001e-03 3.300000000e+00
3.590819936e-03 3.300000000e+00
3.590819937e-03 0.000000000e+00
3.591000000e-03 0.000000000e+00
3.591000001e-03 3.300000000e+00
3.591817936e-03 3.300000000e+00
3.591817937e-03 0.000000000e+00
3.592000000e-03 0.000000000e+00
3.592000001e-03 3.300000000e+00
3.592815937e-03 3.300000000e+00
3.592815938e-03 0.000000000e+00
3.593000000e-03 0.000000000e+00
3.593000001e-03 3.300000000e+00
3.593813937e-03 3.300000000e+00
3.593813938e-03 0.000000000e+00
3.594000000e-03 0.000000000e+00
3.594000001e-03 3.300000000e+00
3.594811938e-03 3.300000000e+00
3.594811939e-03 0.000000000e+00
3.595000000e-03 0.000000000e+00
3.595000001e-03 3.300000000e+00
3.595809938e-03 3.300000000e+00
3.595809939e-03 0.000000000e+00
3.596000000e-03 0.000000000e+00
3.596000001e-03 3.300000000e+00
3.596807938e-03 3.300000000e+00
3.596807939e-03 0.000000000e+00
3.597000000e-03 0.000000000e+00
3.597000001e-03 3.300000000e+00
3.597805939e-03 3.300000000e+00
3.597805940e-03 0.000000000e+00
3.598000000e-03 0.000000000e+00
3.598000001e-03 3.300000000e+00
3.598803939e-03 3.300000000e+00
3.598803940e-03 0.000000000e+00
3.599000000e-03 0.000000000e+00
3.599000001e-03 3.300000000e+00
3.599801940e-03 3.300000000e+00
3.599801941e-03 0.000000000e+00
3.600000000e-03 0.000000000e+00
3.600000001e-03 3.300000000e+00
3.600799940e-03 3.300000000e+00
3.600799941e-03 0.000000000e+00
3.601000000e-03 0.000000000e+00
3.601000001e-03 3.300000000e+00
3.601797940e-03 3.300000000e+00
3.601797941e-03 0.000000000e+00
3.602000000e-03 0.000000000e+00
3.602000001e-03 3.300000000e+00
3.602795941e-03 3.300000000e+00
3.602795942e-03 0.000000000e+00
3.603000000e-03 0.000000000e+00
3.603000001e-03 3.300000000e+00
3.603793941e-03 3.300000000e+00
3.603793942e-03 0.000000000e+00
3.604000000e-03 0.000000000e+00
3.604000001e-03 3.300000000e+00
3.604791942e-03 3.300000000e+00
3.604791943e-03 0.000000000e+00
3.605000000e-03 0.000000000e+00
3.605000001e-03 3.300000000e+00
3.605789942e-03 3.300000000e+00
3.605789943e-03 0.000000000e+00
3.606000000e-03 0.000000000e+00
3.606000001e-03 3.300000000e+00
3.606787942e-03 3.300000000e+00
3.606787943e-03 0.000000000e+00
3.607000000e-03 0.000000000e+00
3.607000001e-03 3.300000000e+00
3.607785943e-03 3.300000000e+00
3.607785944e-03 0.000000000e+00
3.608000000e-03 0.000000000e+00
3.608000001e-03 3.300000000e+00
3.608783943e-03 3.300000000e+00
3.608783944e-03 0.000000000e+00
3.609000000e-03 0.000000000e+00
3.609000001e-03 3.300000000e+00
3.609781944e-03 3.300000000e+00
3.609781945e-03 0.000000000e+00
3.610000000e-03 0.000000000e+00
3.610000001e-03 3.300000000e+00
3.610779944e-03 3.300000000e+00
3.610779945e-03 0.000000000e+00
3.611000000e-03 0.000000000e+00
3.611000001e-03 3.300000000e+00
3.611777944e-03 3.300000000e+00
3.611777945e-03 0.000000000e+00
3.612000000e-03 0.000000000e+00
3.612000001e-03 3.300000000e+00
3.612775945e-03 3.300000000e+00
3.612775946e-03 0.000000000e+00
3.613000000e-03 0.000000000e+00
3.613000001e-03 3.300000000e+00
3.613773945e-03 3.300000000e+00
3.613773946e-03 0.000000000e+00
3.614000000e-03 0.000000000e+00
3.614000001e-03 3.300000000e+00
3.614771946e-03 3.300000000e+00
3.614771947e-03 0.000000000e+00
3.615000000e-03 0.000000000e+00
3.615000001e-03 3.300000000e+00
3.615769946e-03 3.300000000e+00
3.615769947e-03 0.000000000e+00
3.616000000e-03 0.000000000e+00
3.616000001e-03 3.300000000e+00
3.616767946e-03 3.300000000e+00
3.616767947e-03 0.000000000e+00
3.617000000e-03 0.000000000e+00
3.617000001e-03 3.300000000e+00
3.617765947e-03 3.300000000e+00
3.617765948e-03 0.000000000e+00
3.618000000e-03 0.000000000e+00
3.618000001e-03 3.300000000e+00
3.618763947e-03 3.300000000e+00
3.618763948e-03 0.000000000e+00
3.619000000e-03 0.000000000e+00
3.619000001e-03 3.300000000e+00
3.619761948e-03 3.300000000e+00
3.619761949e-03 0.000000000e+00
3.620000000e-03 0.000000000e+00
3.620000001e-03 3.300000000e+00
3.620759948e-03 3.300000000e+00
3.620759949e-03 0.000000000e+00
3.621000000e-03 0.000000000e+00
3.621000001e-03 3.300000000e+00
3.621757948e-03 3.300000000e+00
3.621757949e-03 0.000000000e+00
3.622000000e-03 0.000000000e+00
3.622000001e-03 3.300000000e+00
3.622755949e-03 3.300000000e+00
3.622755950e-03 0.000000000e+00
3.623000000e-03 0.000000000e+00
3.623000001e-03 3.300000000e+00
3.623753949e-03 3.300000000e+00
3.623753950e-03 0.000000000e+00
3.624000000e-03 0.000000000e+00
3.624000001e-03 3.300000000e+00
3.624751950e-03 3.300000000e+00
3.624751951e-03 0.000000000e+00
3.625000000e-03 0.000000000e+00
3.625000001e-03 3.300000000e+00
3.625749950e-03 3.300000000e+00
3.625749951e-03 0.000000000e+00
3.626000000e-03 0.000000000e+00
3.626000001e-03 3.300000000e+00
3.626747950e-03 3.300000000e+00
3.626747951e-03 0.000000000e+00
3.627000000e-03 0.000000000e+00
3.627000001e-03 3.300000000e+00
3.627745951e-03 3.300000000e+00
3.627745952e-03 0.000000000e+00
3.628000000e-03 0.000000000e+00
3.628000001e-03 3.300000000e+00
3.628743951e-03 3.300000000e+00
3.628743952e-03 0.000000000e+00
3.629000000e-03 0.000000000e+00
3.629000001e-03 3.300000000e+00
3.629741952e-03 3.300000000e+00
3.629741953e-03 0.000000000e+00
3.630000000e-03 0.000000000e+00
3.630000001e-03 3.300000000e+00
3.630739952e-03 3.300000000e+00
3.630739953e-03 0.000000000e+00
3.631000000e-03 0.000000000e+00
3.631000001e-03 3.300000000e+00
3.631737952e-03 3.300000000e+00
3.631737953e-03 0.000000000e+00
3.632000000e-03 0.000000000e+00
3.632000001e-03 3.300000000e+00
3.632735953e-03 3.300000000e+00
3.632735954e-03 0.000000000e+00
3.633000000e-03 0.000000000e+00
3.633000001e-03 3.300000000e+00
3.633733953e-03 3.300000000e+00
3.633733954e-03 0.000000000e+00
3.634000000e-03 0.000000000e+00
3.634000001e-03 3.300000000e+00
3.634731954e-03 3.300000000e+00
3.634731955e-03 0.000000000e+00
3.635000000e-03 0.000000000e+00
3.635000001e-03 3.300000000e+00
3.635729954e-03 3.300000000e+00
3.635729955e-03 0.000000000e+00
3.636000000e-03 0.000000000e+00
3.636000001e-03 3.300000000e+00
3.636727954e-03 3.300000000e+00
3.636727955e-03 0.000000000e+00
3.637000000e-03 0.000000000e+00
3.637000001e-03 3.300000000e+00
3.637725955e-03 3.300000000e+00
3.637725956e-03 0.000000000e+00
3.638000000e-03 0.000000000e+00
3.638000001e-03 3.300000000e+00
3.638723955e-03 3.300000000e+00
3.638723956e-03 0.000000000e+00
3.639000000e-03 0.000000000e+00
3.639000001e-03 3.300000000e+00
3.639721956e-03 3.300000000e+00
3.639721957e-03 0.000000000e+00
3.640000000e-03 0.000000000e+00
3.640000001e-03 3.300000000e+00
3.640719956e-03 3.300000000e+00
3.640719957e-03 0.000000000e+00
3.641000000e-03 0.000000000e+00
3.641000001e-03 3.300000000e+00
3.641717956e-03 3.300000000e+00
3.641717957e-03 0.000000000e+00
3.642000000e-03 0.000000000e+00
3.642000001e-03 3.300000000e+00
3.642715957e-03 3.300000000e+00
3.642715958e-03 0.000000000e+00
3.643000000e-03 0.000000000e+00
3.643000001e-03 3.300000000e+00
3.643713957e-03 3.300000000e+00
3.643713958e-03 0.000000000e+00
3.644000000e-03 0.000000000e+00
3.644000001e-03 3.300000000e+00
3.644711958e-03 3.300000000e+00
3.644711959e-03 0.000000000e+00
3.645000000e-03 0.000000000e+00
3.645000001e-03 3.300000000e+00
3.645709958e-03 3.300000000e+00
3.645709959e-03 0.000000000e+00
3.646000000e-03 0.000000000e+00
3.646000001e-03 3.300000000e+00
3.646707958e-03 3.300000000e+00
3.646707959e-03 0.000000000e+00
3.647000000e-03 0.000000000e+00
3.647000001e-03 3.300000000e+00
3.647705959e-03 3.300000000e+00
3.647705960e-03 0.000000000e+00
3.648000000e-03 0.000000000e+00
3.648000001e-03 3.300000000e+00
3.648703959e-03 3.300000000e+00
3.648703960e-03 0.000000000e+00
3.649000000e-03 0.000000000e+00
3.649000001e-03 3.300000000e+00
3.649701960e-03 3.300000000e+00
3.649701961e-03 0.000000000e+00
3.650000000e-03 0.000000000e+00
3.650000001e-03 3.300000000e+00
3.650699960e-03 3.300000000e+00
3.650699961e-03 0.000000000e+00
3.651000000e-03 0.000000000e+00
3.651000001e-03 3.300000000e+00
3.651697960e-03 3.300000000e+00
3.651697961e-03 0.000000000e+00
3.652000000e-03 0.000000000e+00
3.652000001e-03 3.300000000e+00
3.652695961e-03 3.300000000e+00
3.652695962e-03 0.000000000e+00
3.653000000e-03 0.000000000e+00
3.653000001e-03 3.300000000e+00
3.653693961e-03 3.300000000e+00
3.653693962e-03 0.000000000e+00
3.654000000e-03 0.000000000e+00
3.654000001e-03 3.300000000e+00
3.654691962e-03 3.300000000e+00
3.654691963e-03 0.000000000e+00
3.655000000e-03 0.000000000e+00
3.655000001e-03 3.300000000e+00
3.655689962e-03 3.300000000e+00
3.655689963e-03 0.000000000e+00
3.656000000e-03 0.000000000e+00
3.656000001e-03 3.300000000e+00
3.656687962e-03 3.300000000e+00
3.656687963e-03 0.000000000e+00
3.657000000e-03 0.000000000e+00
3.657000001e-03 3.300000000e+00
3.657685963e-03 3.300000000e+00
3.657685964e-03 0.000000000e+00
3.658000000e-03 0.000000000e+00
3.658000001e-03 3.300000000e+00
3.658683963e-03 3.300000000e+00
3.658683964e-03 0.000000000e+00
3.659000000e-03 0.000000000e+00
3.659000001e-03 3.300000000e+00
3.659681964e-03 3.300000000e+00
3.659681965e-03 0.000000000e+00
3.660000000e-03 0.000000000e+00
3.660000001e-03 3.300000000e+00
3.660679964e-03 3.300000000e+00
3.660679965e-03 0.000000000e+00
3.661000000e-03 0.000000000e+00
3.661000001e-03 3.300000000e+00
3.661677964e-03 3.300000000e+00
3.661677965e-03 0.000000000e+00
3.662000000e-03 0.000000000e+00
3.662000001e-03 3.300000000e+00
3.662675965e-03 3.300000000e+00
3.662675966e-03 0.000000000e+00
3.663000000e-03 0.000000000e+00
3.663000001e-03 3.300000000e+00
3.663673965e-03 3.300000000e+00
3.663673966e-03 0.000000000e+00
3.664000000e-03 0.000000000e+00
3.664000001e-03 3.300000000e+00
3.664671966e-03 3.300000000e+00
3.664671967e-03 0.000000000e+00
3.665000000e-03 0.000000000e+00
3.665000001e-03 3.300000000e+00
3.665669966e-03 3.300000000e+00
3.665669967e-03 0.000000000e+00
3.666000000e-03 0.000000000e+00
3.666000001e-03 3.300000000e+00
3.666667966e-03 3.300000000e+00
3.666667967e-03 0.000000000e+00
3.667000000e-03 0.000000000e+00
3.667000001e-03 3.300000000e+00
3.667665967e-03 3.300000000e+00
3.667665968e-03 0.000000000e+00
3.668000000e-03 0.000000000e+00
3.668000001e-03 3.300000000e+00
3.668663967e-03 3.300000000e+00
3.668663968e-03 0.000000000e+00
3.669000000e-03 0.000000000e+00
3.669000001e-03 3.300000000e+00
3.669661968e-03 3.300000000e+00
3.669661969e-03 0.000000000e+00
3.670000000e-03 0.000000000e+00
3.670000001e-03 3.300000000e+00
3.670659968e-03 3.300000000e+00
3.670659969e-03 0.000000000e+00
3.671000000e-03 0.000000000e+00
3.671000001e-03 3.300000000e+00
3.671657968e-03 3.300000000e+00
3.671657969e-03 0.000000000e+00
3.672000000e-03 0.000000000e+00
3.672000001e-03 3.300000000e+00
3.672655969e-03 3.300000000e+00
3.672655970e-03 0.000000000e+00
3.673000000e-03 0.000000000e+00
3.673000001e-03 3.300000000e+00
3.673653969e-03 3.300000000e+00
3.673653970e-03 0.000000000e+00
3.674000000e-03 0.000000000e+00
3.674000001e-03 3.300000000e+00
3.674651970e-03 3.300000000e+00
3.674651971e-03 0.000000000e+00
3.675000000e-03 0.000000000e+00
3.675000001e-03 3.300000000e+00
3.675649970e-03 3.300000000e+00
3.675649971e-03 0.000000000e+00
3.676000000e-03 0.000000000e+00
3.676000001e-03 3.300000000e+00
3.676647970e-03 3.300000000e+00
3.676647971e-03 0.000000000e+00
3.677000000e-03 0.000000000e+00
3.677000001e-03 3.300000000e+00
3.677645971e-03 3.300000000e+00
3.677645972e-03 0.000000000e+00
3.678000000e-03 0.000000000e+00
3.678000001e-03 3.300000000e+00
3.678643971e-03 3.300000000e+00
3.678643972e-03 0.000000000e+00
3.679000000e-03 0.000000000e+00
3.679000001e-03 3.300000000e+00
3.679641972e-03 3.300000000e+00
3.679641973e-03 0.000000000e+00
3.680000000e-03 0.000000000e+00
3.680000001e-03 3.300000000e+00
3.680639972e-03 3.300000000e+00
3.680639973e-03 0.000000000e+00
3.681000000e-03 0.000000000e+00
3.681000001e-03 3.300000000e+00
3.681637972e-03 3.300000000e+00
3.681637973e-03 0.000000000e+00
3.682000000e-03 0.000000000e+00
3.682000001e-03 3.300000000e+00
3.682635973e-03 3.300000000e+00
3.682635974e-03 0.000000000e+00
3.683000000e-03 0.000000000e+00
3.683000001e-03 3.300000000e+00
3.683633973e-03 3.300000000e+00
3.683633974e-03 0.000000000e+00
3.684000000e-03 0.000000000e+00
3.684000001e-03 3.300000000e+00
3.684631974e-03 3.300000000e+00
3.684631975e-03 0.000000000e+00
3.685000000e-03 0.000000000e+00
3.685000001e-03 3.300000000e+00
3.685629974e-03 3.300000000e+00
3.685629975e-03 0.000000000e+00
3.686000000e-03 0.000000000e+00
3.686000001e-03 3.300000000e+00
3.686627974e-03 3.300000000e+00
3.686627975e-03 0.000000000e+00
3.687000000e-03 0.000000000e+00
3.687000001e-03 3.300000000e+00
3.687625975e-03 3.300000000e+00
3.687625976e-03 0.000000000e+00
3.688000000e-03 0.000000000e+00
3.688000001e-03 3.300000000e+00
3.688623975e-03 3.300000000e+00
3.688623976e-03 0.000000000e+00
3.689000000e-03 0.000000000e+00
3.689000001e-03 3.300000000e+00
3.689621976e-03 3.300000000e+00
3.689621977e-03 0.000000000e+00
3.690000000e-03 0.000000000e+00
3.690000001e-03 3.300000000e+00
3.690619976e-03 3.300000000e+00
3.690619977e-03 0.000000000e+00
3.691000000e-03 0.000000000e+00
3.691000001e-03 3.300000000e+00
3.691617976e-03 3.300000000e+00
3.691617977e-03 0.000000000e+00
3.692000000e-03 0.000000000e+00
3.692000001e-03 3.300000000e+00
3.692615977e-03 3.300000000e+00
3.692615978e-03 0.000000000e+00
3.693000000e-03 0.000000000e+00
3.693000001e-03 3.300000000e+00
3.693613977e-03 3.300000000e+00
3.693613978e-03 0.000000000e+00
3.694000000e-03 0.000000000e+00
3.694000001e-03 3.300000000e+00
3.694611978e-03 3.300000000e+00
3.694611979e-03 0.000000000e+00
3.695000000e-03 0.000000000e+00
3.695000001e-03 3.300000000e+00
3.695609978e-03 3.300000000e+00
3.695609979e-03 0.000000000e+00
3.696000000e-03 0.000000000e+00
3.696000001e-03 3.300000000e+00
3.696607978e-03 3.300000000e+00
3.696607979e-03 0.000000000e+00
3.697000000e-03 0.000000000e+00
3.697000001e-03 3.300000000e+00
3.697605979e-03 3.300000000e+00
3.697605980e-03 0.000000000e+00
3.698000000e-03 0.000000000e+00
3.698000001e-03 3.300000000e+00
3.698603979e-03 3.300000000e+00
3.698603980e-03 0.000000000e+00
3.699000000e-03 0.000000000e+00
3.699000001e-03 3.300000000e+00
3.699601980e-03 3.300000000e+00
3.699601981e-03 0.000000000e+00
3.700000000e-03 0.000000000e+00
3.700000001e-03 3.300000000e+00
3.700599980e-03 3.300000000e+00
3.700599981e-03 0.000000000e+00
3.701000000e-03 0.000000000e+00
3.701000001e-03 3.300000000e+00
3.701597980e-03 3.300000000e+00
3.701597981e-03 0.000000000e+00
3.702000000e-03 0.000000000e+00
3.702000001e-03 3.300000000e+00
3.702595981e-03 3.300000000e+00
3.702595982e-03 0.000000000e+00
3.703000000e-03 0.000000000e+00
3.703000001e-03 3.300000000e+00
3.703593981e-03 3.300000000e+00
3.703593982e-03 0.000000000e+00
3.704000000e-03 0.000000000e+00
3.704000001e-03 3.300000000e+00
3.704591982e-03 3.300000000e+00
3.704591983e-03 0.000000000e+00
3.705000000e-03 0.000000000e+00
3.705000001e-03 3.300000000e+00
3.705589982e-03 3.300000000e+00
3.705589983e-03 0.000000000e+00
3.706000000e-03 0.000000000e+00
3.706000001e-03 3.300000000e+00
3.706587982e-03 3.300000000e+00
3.706587983e-03 0.000000000e+00
3.707000000e-03 0.000000000e+00
3.707000001e-03 3.300000000e+00
3.707585983e-03 3.300000000e+00
3.707585984e-03 0.000000000e+00
3.708000000e-03 0.000000000e+00
3.708000001e-03 3.300000000e+00
3.708583983e-03 3.300000000e+00
3.708583984e-03 0.000000000e+00
3.709000000e-03 0.000000000e+00
3.709000001e-03 3.300000000e+00
3.709581984e-03 3.300000000e+00
3.709581985e-03 0.000000000e+00
3.710000000e-03 0.000000000e+00
3.710000001e-03 3.300000000e+00
3.710579984e-03 3.300000000e+00
3.710579985e-03 0.000000000e+00
3.711000000e-03 0.000000000e+00
3.711000001e-03 3.300000000e+00
3.711577984e-03 3.300000000e+00
3.711577985e-03 0.000000000e+00
3.712000000e-03 0.000000000e+00
3.712000001e-03 3.300000000e+00
3.712575985e-03 3.300000000e+00
3.712575986e-03 0.000000000e+00
3.713000000e-03 0.000000000e+00
3.713000001e-03 3.300000000e+00
3.713573985e-03 3.300000000e+00
3.713573986e-03 0.000000000e+00
3.714000000e-03 0.000000000e+00
3.714000001e-03 3.300000000e+00
3.714571986e-03 3.300000000e+00
3.714571987e-03 0.000000000e+00
3.715000000e-03 0.000000000e+00
3.715000001e-03 3.300000000e+00
3.715569986e-03 3.300000000e+00
3.715569987e-03 0.000000000e+00
3.716000000e-03 0.000000000e+00
3.716000001e-03 3.300000000e+00
3.716567986e-03 3.300000000e+00
3.716567987e-03 0.000000000e+00
3.717000000e-03 0.000000000e+00
3.717000001e-03 3.300000000e+00
3.717565987e-03 3.300000000e+00
3.717565988e-03 0.000000000e+00
3.718000000e-03 0.000000000e+00
3.718000001e-03 3.300000000e+00
3.718563987e-03 3.300000000e+00
3.718563988e-03 0.000000000e+00
3.719000000e-03 0.000000000e+00
3.719000001e-03 3.300000000e+00
3.719561988e-03 3.300000000e+00
3.719561989e-03 0.000000000e+00
3.720000000e-03 0.000000000e+00
3.720000001e-03 3.300000000e+00
3.720559988e-03 3.300000000e+00
3.720559989e-03 0.000000000e+00
3.721000000e-03 0.000000000e+00
3.721000001e-03 3.300000000e+00
3.721557988e-03 3.300000000e+00
3.721557989e-03 0.000000000e+00
3.722000000e-03 0.000000000e+00
3.722000001e-03 3.300000000e+00
3.722555989e-03 3.300000000e+00
3.722555990e-03 0.000000000e+00
3.723000000e-03 0.000000000e+00
3.723000001e-03 3.300000000e+00
3.723553989e-03 3.300000000e+00
3.723553990e-03 0.000000000e+00
3.724000000e-03 0.000000000e+00
3.724000001e-03 3.300000000e+00
3.724551990e-03 3.300000000e+00
3.724551991e-03 0.000000000e+00
3.725000000e-03 0.000000000e+00
3.725000001e-03 3.300000000e+00
3.725549990e-03 3.300000000e+00
3.725549991e-03 0.000000000e+00
3.726000000e-03 0.000000000e+00
3.726000001e-03 3.300000000e+00
3.726547990e-03 3.300000000e+00
3.726547991e-03 0.000000000e+00
3.727000000e-03 0.000000000e+00
3.727000001e-03 3.300000000e+00
3.727545991e-03 3.300000000e+00
3.727545992e-03 0.000000000e+00
3.728000000e-03 0.000000000e+00
3.728000001e-03 3.300000000e+00
3.728543991e-03 3.300000000e+00
3.728543992e-03 0.000000000e+00
3.729000000e-03 0.000000000e+00
3.729000001e-03 3.300000000e+00
3.729541992e-03 3.300000000e+00
3.729541993e-03 0.000000000e+00
3.730000000e-03 0.000000000e+00
3.730000001e-03 3.300000000e+00
3.730539992e-03 3.300000000e+00
3.730539993e-03 0.000000000e+00
3.731000000e-03 0.000000000e+00
3.731000001e-03 3.300000000e+00
3.731537992e-03 3.300000000e+00
3.731537993e-03 0.000000000e+00
3.732000000e-03 0.000000000e+00
3.732000001e-03 3.300000000e+00
3.732535993e-03 3.300000000e+00
3.732535994e-03 0.000000000e+00
3.733000000e-03 0.000000000e+00
3.733000001e-03 3.300000000e+00
3.733533993e-03 3.300000000e+00
3.733533994e-03 0.000000000e+00
3.734000000e-03 0.000000000e+00
3.734000001e-03 3.300000000e+00
3.734531994e-03 3.300000000e+00
3.734531995e-03 0.000000000e+00
3.735000000e-03 0.000000000e+00
3.735000001e-03 3.300000000e+00
3.735529994e-03 3.300000000e+00
3.735529995e-03 0.000000000e+00
3.736000000e-03 0.000000000e+00
3.736000001e-03 3.300000000e+00
3.736527994e-03 3.300000000e+00
3.736527995e-03 0.000000000e+00
3.737000000e-03 0.000000000e+00
3.737000001e-03 3.300000000e+00
3.737525995e-03 3.300000000e+00
3.737525996e-03 0.000000000e+00
3.738000000e-03 0.000000000e+00
3.738000001e-03 3.300000000e+00
3.738523995e-03 3.300000000e+00
3.738523996e-03 0.000000000e+00
3.739000000e-03 0.000000000e+00
3.739000001e-03 3.300000000e+00
3.739521996e-03 3.300000000e+00
3.739521997e-03 0.000000000e+00
3.740000000e-03 0.000000000e+00
3.740000001e-03 3.300000000e+00
3.740519996e-03 3.300000000e+00
3.740519997e-03 0.000000000e+00
3.741000000e-03 0.000000000e+00
3.741000001e-03 3.300000000e+00
3.741517996e-03 3.300000000e+00
3.741517997e-03 0.000000000e+00
3.742000000e-03 0.000000000e+00
3.742000001e-03 3.300000000e+00
3.742515997e-03 3.300000000e+00
3.742515998e-03 0.000000000e+00
3.743000000e-03 0.000000000e+00
3.743000001e-03 3.300000000e+00
3.743513997e-03 3.300000000e+00
3.743513998e-03 0.000000000e+00
3.744000000e-03 0.000000000e+00
3.744000001e-03 3.300000000e+00
3.744511998e-03 3.300000000e+00
3.744511999e-03 0.000000000e+00
3.745000000e-03 0.000000000e+00
3.745000001e-03 3.300000000e+00
3.745509998e-03 3.300000000e+00
3.745509999e-03 0.000000000e+00
3.746000000e-03 0.000000000e+00
3.746000001e-03 3.300000000e+00
3.746507998e-03 3.300000000e+00
3.746507999e-03 0.000000000e+00
3.747000000e-03 0.000000000e+00
3.747000001e-03 3.300000000e+00
3.747505999e-03 3.300000000e+00
3.747506000e-03 0.000000000e+00
3.748000000e-03 0.000000000e+00
3.748000001e-03 3.300000000e+00
3.748503999e-03 3.300000000e+00
3.748504000e-03 0.000000000e+00
3.749000000e-03 0.000000000e+00
3.749000001e-03 3.300000000e+00
3.749502000e-03 3.300000000e+00
3.749502001e-03 0.000000000e+00
3.750000000e-03 0.000000000e+00
3.750000001e-03 3.300000000e+00
3.750500000e-03 3.300000000e+00
3.750500001e-03 0.000000000e+00
3.751000000e-03 0.000000000e+00
3.751000001e-03 3.300000000e+00
3.751498000e-03 3.300000000e+00
3.751498001e-03 0.000000000e+00
3.752000000e-03 0.000000000e+00
3.752000001e-03 3.300000000e+00
3.752496001e-03 3.300000000e+00
3.752496002e-03 0.000000000e+00
3.753000000e-03 0.000000000e+00
3.753000001e-03 3.300000000e+00
3.753494001e-03 3.300000000e+00
3.753494002e-03 0.000000000e+00
3.754000000e-03 0.000000000e+00
3.754000001e-03 3.300000000e+00
3.754492002e-03 3.300000000e+00
3.754492003e-03 0.000000000e+00
3.755000000e-03 0.000000000e+00
3.755000001e-03 3.300000000e+00
3.755490002e-03 3.300000000e+00
3.755490003e-03 0.000000000e+00
3.756000000e-03 0.000000000e+00
3.756000001e-03 3.300000000e+00
3.756488002e-03 3.300000000e+00
3.756488003e-03 0.000000000e+00
3.757000000e-03 0.000000000e+00
3.757000001e-03 3.300000000e+00
3.757486003e-03 3.300000000e+00
3.757486004e-03 0.000000000e+00
3.758000000e-03 0.000000000e+00
3.758000001e-03 3.300000000e+00
3.758484003e-03 3.300000000e+00
3.758484004e-03 0.000000000e+00
3.759000000e-03 0.000000000e+00
3.759000001e-03 3.300000000e+00
3.759482004e-03 3.300000000e+00
3.759482005e-03 0.000000000e+00
3.760000000e-03 0.000000000e+00
3.760000001e-03 3.300000000e+00
3.760480004e-03 3.300000000e+00
3.760480005e-03 0.000000000e+00
3.761000000e-03 0.000000000e+00
3.761000001e-03 3.300000000e+00
3.761478004e-03 3.300000000e+00
3.761478005e-03 0.000000000e+00
3.762000000e-03 0.000000000e+00
3.762000001e-03 3.300000000e+00
3.762476005e-03 3.300000000e+00
3.762476006e-03 0.000000000e+00
3.763000000e-03 0.000000000e+00
3.763000001e-03 3.300000000e+00
3.763474005e-03 3.300000000e+00
3.763474006e-03 0.000000000e+00
3.764000000e-03 0.000000000e+00
3.764000001e-03 3.300000000e+00
3.764472006e-03 3.300000000e+00
3.764472007e-03 0.000000000e+00
3.765000000e-03 0.000000000e+00
3.765000001e-03 3.300000000e+00
3.765470006e-03 3.300000000e+00
3.765470007e-03 0.000000000e+00
3.766000000e-03 0.000000000e+00
3.766000001e-03 3.300000000e+00
3.766468006e-03 3.300000000e+00
3.766468007e-03 0.000000000e+00
3.767000000e-03 0.000000000e+00
3.767000001e-03 3.300000000e+00
3.767466007e-03 3.300000000e+00
3.767466008e-03 0.000000000e+00
3.768000000e-03 0.000000000e+00
3.768000001e-03 3.300000000e+00
3.768464007e-03 3.300000000e+00
3.768464008e-03 0.000000000e+00
3.769000000e-03 0.000000000e+00
3.769000001e-03 3.300000000e+00
3.769462008e-03 3.300000000e+00
3.769462009e-03 0.000000000e+00
3.770000000e-03 0.000000000e+00
3.770000001e-03 3.300000000e+00
3.770460008e-03 3.300000000e+00
3.770460009e-03 0.000000000e+00
3.771000000e-03 0.000000000e+00
3.771000001e-03 3.300000000e+00
3.771458008e-03 3.300000000e+00
3.771458009e-03 0.000000000e+00
3.772000000e-03 0.000000000e+00
3.772000001e-03 3.300000000e+00
3.772456009e-03 3.300000000e+00
3.772456010e-03 0.000000000e+00
3.773000000e-03 0.000000000e+00
3.773000001e-03 3.300000000e+00
3.773454009e-03 3.300000000e+00
3.773454010e-03 0.000000000e+00
3.774000000e-03 0.000000000e+00
3.774000001e-03 3.300000000e+00
3.774452010e-03 3.300000000e+00
3.774452011e-03 0.000000000e+00
3.775000000e-03 0.000000000e+00
3.775000001e-03 3.300000000e+00
3.775450010e-03 3.300000000e+00
3.775450011e-03 0.000000000e+00
3.776000000e-03 0.000000000e+00
3.776000001e-03 3.300000000e+00
3.776448010e-03 3.300000000e+00
3.776448011e-03 0.000000000e+00
3.777000000e-03 0.000000000e+00
3.777000001e-03 3.300000000e+00
3.777446011e-03 3.300000000e+00
3.777446012e-03 0.000000000e+00
3.778000000e-03 0.000000000e+00
3.778000001e-03 3.300000000e+00
3.778444011e-03 3.300000000e+00
3.778444012e-03 0.000000000e+00
3.779000000e-03 0.000000000e+00
3.779000001e-03 3.300000000e+00
3.779442012e-03 3.300000000e+00
3.779442013e-03 0.000000000e+00
3.780000000e-03 0.000000000e+00
3.780000001e-03 3.300000000e+00
3.780440012e-03 3.300000000e+00
3.780440013e-03 0.000000000e+00
3.781000000e-03 0.000000000e+00
3.781000001e-03 3.300000000e+00
3.781438012e-03 3.300000000e+00
3.781438013e-03 0.000000000e+00
3.782000000e-03 0.000000000e+00
3.782000001e-03 3.300000000e+00
3.782436013e-03 3.300000000e+00
3.782436014e-03 0.000000000e+00
3.783000000e-03 0.000000000e+00
3.783000001e-03 3.300000000e+00
3.783434013e-03 3.300000000e+00
3.783434014e-03 0.000000000e+00
3.784000000e-03 0.000000000e+00
3.784000001e-03 3.300000000e+00
3.784432014e-03 3.300000000e+00
3.784432015e-03 0.000000000e+00
3.785000000e-03 0.000000000e+00
3.785000001e-03 3.300000000e+00
3.785430014e-03 3.300000000e+00
3.785430015e-03 0.000000000e+00
3.786000000e-03 0.000000000e+00
3.786000001e-03 3.300000000e+00
3.786428014e-03 3.300000000e+00
3.786428015e-03 0.000000000e+00
3.787000000e-03 0.000000000e+00
3.787000001e-03 3.300000000e+00
3.787426015e-03 3.300000000e+00
3.787426016e-03 0.000000000e+00
3.788000000e-03 0.000000000e+00
3.788000001e-03 3.300000000e+00
3.788424015e-03 3.300000000e+00
3.788424016e-03 0.000000000e+00
3.789000000e-03 0.000000000e+00
3.789000001e-03 3.300000000e+00
3.789422016e-03 3.300000000e+00
3.789422017e-03 0.000000000e+00
3.790000000e-03 0.000000000e+00
3.790000001e-03 3.300000000e+00
3.790420016e-03 3.300000000e+00
3.790420017e-03 0.000000000e+00
3.791000000e-03 0.000000000e+00
3.791000001e-03 3.300000000e+00
3.791418016e-03 3.300000000e+00
3.791418017e-03 0.000000000e+00
3.792000000e-03 0.000000000e+00
3.792000001e-03 3.300000000e+00
3.792416017e-03 3.300000000e+00
3.792416018e-03 0.000000000e+00
3.793000000e-03 0.000000000e+00
3.793000001e-03 3.300000000e+00
3.793414017e-03 3.300000000e+00
3.793414018e-03 0.000000000e+00
3.794000000e-03 0.000000000e+00
3.794000001e-03 3.300000000e+00
3.794412018e-03 3.300000000e+00
3.794412019e-03 0.000000000e+00
3.795000000e-03 0.000000000e+00
3.795000001e-03 3.300000000e+00
3.795410018e-03 3.300000000e+00
3.795410019e-03 0.000000000e+00
3.796000000e-03 0.000000000e+00
3.796000001e-03 3.300000000e+00
3.796408018e-03 3.300000000e+00
3.796408019e-03 0.000000000e+00
3.797000000e-03 0.000000000e+00
3.797000001e-03 3.300000000e+00
3.797406019e-03 3.300000000e+00
3.797406020e-03 0.000000000e+00
3.798000000e-03 0.000000000e+00
3.798000001e-03 3.300000000e+00
3.798404019e-03 3.300000000e+00
3.798404020e-03 0.000000000e+00
3.799000000e-03 0.000000000e+00
3.799000001e-03 3.300000000e+00
3.799402020e-03 3.300000000e+00
3.799402021e-03 0.000000000e+00
3.800000000e-03 0.000000000e+00
3.800000001e-03 3.300000000e+00
3.800400020e-03 3.300000000e+00
3.800400021e-03 0.000000000e+00
3.801000000e-03 0.000000000e+00
3.801000001e-03 3.300000000e+00
3.801398020e-03 3.300000000e+00
3.801398021e-03 0.000000000e+00
3.802000000e-03 0.000000000e+00
3.802000001e-03 3.300000000e+00
3.802396021e-03 3.300000000e+00
3.802396022e-03 0.000000000e+00
3.803000000e-03 0.000000000e+00
3.803000001e-03 3.300000000e+00
3.803394021e-03 3.300000000e+00
3.803394022e-03 0.000000000e+00
3.804000000e-03 0.000000000e+00
3.804000001e-03 3.300000000e+00
3.804392022e-03 3.300000000e+00
3.804392023e-03 0.000000000e+00
3.805000000e-03 0.000000000e+00
3.805000001e-03 3.300000000e+00
3.805390022e-03 3.300000000e+00
3.805390023e-03 0.000000000e+00
3.806000000e-03 0.000000000e+00
3.806000001e-03 3.300000000e+00
3.806388022e-03 3.300000000e+00
3.806388023e-03 0.000000000e+00
3.807000000e-03 0.000000000e+00
3.807000001e-03 3.300000000e+00
3.807386023e-03 3.300000000e+00
3.807386024e-03 0.000000000e+00
3.808000000e-03 0.000000000e+00
3.808000001e-03 3.300000000e+00
3.808384023e-03 3.300000000e+00
3.808384024e-03 0.000000000e+00
3.809000000e-03 0.000000000e+00
3.809000001e-03 3.300000000e+00
3.809382024e-03 3.300000000e+00
3.809382025e-03 0.000000000e+00
3.810000000e-03 0.000000000e+00
3.810000001e-03 3.300000000e+00
3.810380024e-03 3.300000000e+00
3.810380025e-03 0.000000000e+00
3.811000000e-03 0.000000000e+00
3.811000001e-03 3.300000000e+00
3.811378024e-03 3.300000000e+00
3.811378025e-03 0.000000000e+00
3.812000000e-03 0.000000000e+00
3.812000001e-03 3.300000000e+00
3.812376025e-03 3.300000000e+00
3.812376026e-03 0.000000000e+00
3.813000000e-03 0.000000000e+00
3.813000001e-03 3.300000000e+00
3.813374025e-03 3.300000000e+00
3.813374026e-03 0.000000000e+00
3.814000000e-03 0.000000000e+00
3.814000001e-03 3.300000000e+00
3.814372026e-03 3.300000000e+00
3.814372027e-03 0.000000000e+00
3.815000000e-03 0.000000000e+00
3.815000001e-03 3.300000000e+00
3.815370026e-03 3.300000000e+00
3.815370027e-03 0.000000000e+00
3.816000000e-03 0.000000000e+00
3.816000001e-03 3.300000000e+00
3.816368026e-03 3.300000000e+00
3.816368027e-03 0.000000000e+00
3.817000000e-03 0.000000000e+00
3.817000001e-03 3.300000000e+00
3.817366027e-03 3.300000000e+00
3.817366028e-03 0.000000000e+00
3.818000000e-03 0.000000000e+00
3.818000001e-03 3.300000000e+00
3.818364027e-03 3.300000000e+00
3.818364028e-03 0.000000000e+00
3.819000000e-03 0.000000000e+00
3.819000001e-03 3.300000000e+00
3.819362028e-03 3.300000000e+00
3.819362029e-03 0.000000000e+00
3.820000000e-03 0.000000000e+00
3.820000001e-03 3.300000000e+00
3.820360028e-03 3.300000000e+00
3.820360029e-03 0.000000000e+00
3.821000000e-03 0.000000000e+00
3.821000001e-03 3.300000000e+00
3.821358028e-03 3.300000000e+00
3.821358029e-03 0.000000000e+00
3.822000000e-03 0.000000000e+00
3.822000001e-03 3.300000000e+00
3.822356029e-03 3.300000000e+00
3.822356030e-03 0.000000000e+00
3.823000000e-03 0.000000000e+00
3.823000001e-03 3.300000000e+00
3.823354029e-03 3.300000000e+00
3.823354030e-03 0.000000000e+00
3.824000000e-03 0.000000000e+00
3.824000001e-03 3.300000000e+00
3.824352030e-03 3.300000000e+00
3.824352031e-03 0.000000000e+00
3.825000000e-03 0.000000000e+00
3.825000001e-03 3.300000000e+00
3.825350030e-03 3.300000000e+00
3.825350031e-03 0.000000000e+00
3.826000000e-03 0.000000000e+00
3.826000001e-03 3.300000000e+00
3.826348030e-03 3.300000000e+00
3.826348031e-03 0.000000000e+00
3.827000000e-03 0.000000000e+00
3.827000001e-03 3.300000000e+00
3.827346031e-03 3.300000000e+00
3.827346032e-03 0.000000000e+00
3.828000000e-03 0.000000000e+00
3.828000001e-03 3.300000000e+00
3.828344031e-03 3.300000000e+00
3.828344032e-03 0.000000000e+00
3.829000000e-03 0.000000000e+00
3.829000001e-03 3.300000000e+00
3.829342032e-03 3.300000000e+00
3.829342033e-03 0.000000000e+00
3.830000000e-03 0.000000000e+00
3.830000001e-03 3.300000000e+00
3.830340032e-03 3.300000000e+00
3.830340033e-03 0.000000000e+00
3.831000000e-03 0.000000000e+00
3.831000001e-03 3.300000000e+00
3.831338032e-03 3.300000000e+00
3.831338033e-03 0.000000000e+00
3.832000000e-03 0.000000000e+00
3.832000001e-03 3.300000000e+00
3.832336033e-03 3.300000000e+00
3.832336034e-03 0.000000000e+00
3.833000000e-03 0.000000000e+00
3.833000001e-03 3.300000000e+00
3.833334033e-03 3.300000000e+00
3.833334034e-03 0.000000000e+00
3.834000000e-03 0.000000000e+00
3.834000001e-03 3.300000000e+00
3.834332034e-03 3.300000000e+00
3.834332035e-03 0.000000000e+00
3.835000000e-03 0.000000000e+00
3.835000001e-03 3.300000000e+00
3.835330034e-03 3.300000000e+00
3.835330035e-03 0.000000000e+00
3.836000000e-03 0.000000000e+00
3.836000001e-03 3.300000000e+00
3.836328034e-03 3.300000000e+00
3.836328035e-03 0.000000000e+00
3.837000000e-03 0.000000000e+00
3.837000001e-03 3.300000000e+00
3.837326035e-03 3.300000000e+00
3.837326036e-03 0.000000000e+00
3.838000000e-03 0.000000000e+00
3.838000001e-03 3.300000000e+00
3.838324035e-03 3.300000000e+00
3.838324036e-03 0.000000000e+00
3.839000000e-03 0.000000000e+00
3.839000001e-03 3.300000000e+00
3.839322036e-03 3.300000000e+00
3.839322037e-03 0.000000000e+00
3.840000000e-03 0.000000000e+00
3.840000001e-03 3.300000000e+00
3.840320036e-03 3.300000000e+00
3.840320037e-03 0.000000000e+00
3.841000000e-03 0.000000000e+00
3.841000001e-03 3.300000000e+00
3.841318036e-03 3.300000000e+00
3.841318037e-03 0.000000000e+00
3.842000000e-03 0.000000000e+00
3.842000001e-03 3.300000000e+00
3.842316037e-03 3.300000000e+00
3.842316038e-03 0.000000000e+00
3.843000000e-03 0.000000000e+00
3.843000001e-03 3.300000000e+00
3.843314037e-03 3.300000000e+00
3.843314038e-03 0.000000000e+00
3.844000000e-03 0.000000000e+00
3.844000001e-03 3.300000000e+00
3.844312038e-03 3.300000000e+00
3.844312039e-03 0.000000000e+00
3.845000000e-03 0.000000000e+00
3.845000001e-03 3.300000000e+00
3.845310038e-03 3.300000000e+00
3.845310039e-03 0.000000000e+00
3.846000000e-03 0.000000000e+00
3.846000001e-03 3.300000000e+00
3.846308038e-03 3.300000000e+00
3.846308039e-03 0.000000000e+00
3.847000000e-03 0.000000000e+00
3.847000001e-03 3.300000000e+00
3.847306039e-03 3.300000000e+00
3.847306040e-03 0.000000000e+00
3.848000000e-03 0.000000000e+00
3.848000001e-03 3.300000000e+00
3.848304039e-03 3.300000000e+00
3.848304040e-03 0.000000000e+00
3.849000000e-03 0.000000000e+00
3.849000001e-03 3.300000000e+00
3.849302040e-03 3.300000000e+00
3.849302041e-03 0.000000000e+00
3.850000000e-03 0.000000000e+00
3.850000001e-03 3.300000000e+00
3.850300040e-03 3.300000000e+00
3.850300041e-03 0.000000000e+00
3.851000000e-03 0.000000000e+00
3.851000001e-03 3.300000000e+00
3.851298040e-03 3.300000000e+00
3.851298041e-03 0.000000000e+00
3.852000000e-03 0.000000000e+00
3.852000001e-03 3.300000000e+00
3.852296041e-03 3.300000000e+00
3.852296042e-03 0.000000000e+00
3.853000000e-03 0.000000000e+00
3.853000001e-03 3.300000000e+00
3.853294041e-03 3.300000000e+00
3.853294042e-03 0.000000000e+00
3.854000000e-03 0.000000000e+00
3.854000001e-03 3.300000000e+00
3.854292042e-03 3.300000000e+00
3.854292043e-03 0.000000000e+00
3.855000000e-03 0.000000000e+00
3.855000001e-03 3.300000000e+00
3.855290042e-03 3.300000000e+00
3.855290043e-03 0.000000000e+00
3.856000000e-03 0.000000000e+00
3.856000001e-03 3.300000000e+00
3.856288042e-03 3.300000000e+00
3.856288043e-03 0.000000000e+00
3.857000000e-03 0.000000000e+00
3.857000001e-03 3.300000000e+00
3.857286043e-03 3.300000000e+00
3.857286044e-03 0.000000000e+00
3.858000000e-03 0.000000000e+00
3.858000001e-03 3.300000000e+00
3.858284043e-03 3.300000000e+00
3.858284044e-03 0.000000000e+00
3.859000000e-03 0.000000000e+00
3.859000001e-03 3.300000000e+00
3.859282044e-03 3.300000000e+00
3.859282045e-03 0.000000000e+00
3.860000000e-03 0.000000000e+00
3.860000001e-03 3.300000000e+00
3.860280044e-03 3.300000000e+00
3.860280045e-03 0.000000000e+00
3.861000000e-03 0.000000000e+00
3.861000001e-03 3.300000000e+00
3.861278044e-03 3.300000000e+00
3.861278045e-03 0.000000000e+00
3.862000000e-03 0.000000000e+00
3.862000001e-03 3.300000000e+00
3.862276045e-03 3.300000000e+00
3.862276046e-03 0.000000000e+00
3.863000000e-03 0.000000000e+00
3.863000001e-03 3.300000000e+00
3.863274045e-03 3.300000000e+00
3.863274046e-03 0.000000000e+00
3.864000000e-03 0.000000000e+00
3.864000001e-03 3.300000000e+00
3.864272046e-03 3.300000000e+00
3.864272047e-03 0.000000000e+00
3.865000000e-03 0.000000000e+00
3.865000001e-03 3.300000000e+00
3.865270046e-03 3.300000000e+00
3.865270047e-03 0.000000000e+00
3.866000000e-03 0.000000000e+00
3.866000001e-03 3.300000000e+00
3.866268046e-03 3.300000000e+00
3.866268047e-03 0.000000000e+00
3.867000000e-03 0.000000000e+00
3.867000001e-03 3.300000000e+00
3.867266047e-03 3.300000000e+00
3.867266048e-03 0.000000000e+00
3.868000000e-03 0.000000000e+00
3.868000001e-03 3.300000000e+00
3.868264047e-03 3.300000000e+00
3.868264048e-03 0.000000000e+00
3.869000000e-03 0.000000000e+00
3.869000001e-03 3.300000000e+00
3.869262048e-03 3.300000000e+00
3.869262049e-03 0.000000000e+00
3.870000000e-03 0.000000000e+00
3.870000001e-03 3.300000000e+00
3.870260048e-03 3.300000000e+00
3.870260049e-03 0.000000000e+00
3.871000000e-03 0.000000000e+00
3.871000001e-03 3.300000000e+00
3.871258048e-03 3.300000000e+00
3.871258049e-03 0.000000000e+00
3.872000000e-03 0.000000000e+00
3.872000001e-03 3.300000000e+00
3.872256049e-03 3.300000000e+00
3.872256050e-03 0.000000000e+00
3.873000000e-03 0.000000000e+00
3.873000001e-03 3.300000000e+00
3.873254049e-03 3.300000000e+00
3.873254050e-03 0.000000000e+00
3.874000000e-03 0.000000000e+00
3.874000001e-03 3.300000000e+00
3.874252050e-03 3.300000000e+00
3.874252051e-03 0.000000000e+00
3.875000000e-03 0.000000000e+00
3.875000001e-03 3.300000000e+00
3.875250050e-03 3.300000000e+00
3.875250051e-03 0.000000000e+00
3.876000000e-03 0.000000000e+00
3.876000001e-03 3.300000000e+00
3.876248050e-03 3.300000000e+00
3.876248051e-03 0.000000000e+00
3.877000000e-03 0.000000000e+00
3.877000001e-03 3.300000000e+00
3.877246051e-03 3.300000000e+00
3.877246052e-03 0.000000000e+00
3.878000000e-03 0.000000000e+00
3.878000001e-03 3.300000000e+00
3.878244051e-03 3.300000000e+00
3.878244052e-03 0.000000000e+00
3.879000000e-03 0.000000000e+00
3.879000001e-03 3.300000000e+00
3.879242052e-03 3.300000000e+00
3.879242053e-03 0.000000000e+00
3.880000000e-03 0.000000000e+00
3.880000001e-03 3.300000000e+00
3.880240052e-03 3.300000000e+00
3.880240053e-03 0.000000000e+00
3.881000000e-03 0.000000000e+00
3.881000001e-03 3.300000000e+00
3.881238052e-03 3.300000000e+00
3.881238053e-03 0.000000000e+00
3.882000000e-03 0.000000000e+00
3.882000001e-03 3.300000000e+00
3.882236053e-03 3.300000000e+00
3.882236054e-03 0.000000000e+00
3.883000000e-03 0.000000000e+00
3.883000001e-03 3.300000000e+00
3.883234053e-03 3.300000000e+00
3.883234054e-03 0.000000000e+00
3.884000000e-03 0.000000000e+00
3.884000001e-03 3.300000000e+00
3.884232054e-03 3.300000000e+00
3.884232055e-03 0.000000000e+00
3.885000000e-03 0.000000000e+00
3.885000001e-03 3.300000000e+00
3.885230054e-03 3.300000000e+00
3.885230055e-03 0.000000000e+00
3.886000000e-03 0.000000000e+00
3.886000001e-03 3.300000000e+00
3.886228054e-03 3.300000000e+00
3.886228055e-03 0.000000000e+00
3.887000000e-03 0.000000000e+00
3.887000001e-03 3.300000000e+00
3.887226055e-03 3.300000000e+00
3.887226056e-03 0.000000000e+00
3.888000000e-03 0.000000000e+00
3.888000001e-03 3.300000000e+00
3.888224055e-03 3.300000000e+00
3.888224056e-03 0.000000000e+00
3.889000000e-03 0.000000000e+00
3.889000001e-03 3.300000000e+00
3.889222056e-03 3.300000000e+00
3.889222057e-03 0.000000000e+00
3.890000000e-03 0.000000000e+00
3.890000001e-03 3.300000000e+00
3.890220056e-03 3.300000000e+00
3.890220057e-03 0.000000000e+00
3.891000000e-03 0.000000000e+00
3.891000001e-03 3.300000000e+00
3.891218056e-03 3.300000000e+00
3.891218057e-03 0.000000000e+00
3.892000000e-03 0.000000000e+00
3.892000001e-03 3.300000000e+00
3.892216057e-03 3.300000000e+00
3.892216058e-03 0.000000000e+00
3.893000000e-03 0.000000000e+00
3.893000001e-03 3.300000000e+00
3.893214057e-03 3.300000000e+00
3.893214058e-03 0.000000000e+00
3.894000000e-03 0.000000000e+00
3.894000001e-03 3.300000000e+00
3.894212058e-03 3.300000000e+00
3.894212059e-03 0.000000000e+00
3.895000000e-03 0.000000000e+00
3.895000001e-03 3.300000000e+00
3.895210058e-03 3.300000000e+00
3.895210059e-03 0.000000000e+00
3.896000000e-03 0.000000000e+00
3.896000001e-03 3.300000000e+00
3.896208058e-03 3.300000000e+00
3.896208059e-03 0.000000000e+00
3.897000000e-03 0.000000000e+00
3.897000001e-03 3.300000000e+00
3.897206059e-03 3.300000000e+00
3.897206060e-03 0.000000000e+00
3.898000000e-03 0.000000000e+00
3.898000001e-03 3.300000000e+00
3.898204059e-03 3.300000000e+00
3.898204060e-03 0.000000000e+00
3.899000000e-03 0.000000000e+00
3.899000001e-03 3.300000000e+00
3.899202060e-03 3.300000000e+00
3.899202061e-03 0.000000000e+00
3.900000000e-03 0.000000000e+00
3.900000001e-03 3.300000000e+00
3.900200060e-03 3.300000000e+00
3.900200061e-03 0.000000000e+00
3.901000000e-03 0.000000000e+00
3.901000001e-03 3.300000000e+00
3.901198060e-03 3.300000000e+00
3.901198061e-03 0.000000000e+00
3.902000000e-03 0.000000000e+00
3.902000001e-03 3.300000000e+00
3.902196061e-03 3.300000000e+00
3.902196062e-03 0.000000000e+00
3.903000000e-03 0.000000000e+00
3.903000001e-03 3.300000000e+00
3.903194061e-03 3.300000000e+00
3.903194062e-03 0.000000000e+00
3.904000000e-03 0.000000000e+00
3.904000001e-03 3.300000000e+00
3.904192062e-03 3.300000000e+00
3.904192063e-03 0.000000000e+00
3.905000000e-03 0.000000000e+00
3.905000001e-03 3.300000000e+00
3.905190062e-03 3.300000000e+00
3.905190063e-03 0.000000000e+00
3.906000000e-03 0.000000000e+00
3.906000001e-03 3.300000000e+00
3.906188062e-03 3.300000000e+00
3.906188063e-03 0.000000000e+00
3.907000000e-03 0.000000000e+00
3.907000001e-03 3.300000000e+00
3.907186063e-03 3.300000000e+00
3.907186064e-03 0.000000000e+00
3.908000000e-03 0.000000000e+00
3.908000001e-03 3.300000000e+00
3.908184063e-03 3.300000000e+00
3.908184064e-03 0.000000000e+00
3.909000000e-03 0.000000000e+00
3.909000001e-03 3.300000000e+00
3.909182064e-03 3.300000000e+00
3.909182065e-03 0.000000000e+00
3.910000000e-03 0.000000000e+00
3.910000001e-03 3.300000000e+00
3.910180064e-03 3.300000000e+00
3.910180065e-03 0.000000000e+00
3.911000000e-03 0.000000000e+00
3.911000001e-03 3.300000000e+00
3.911178064e-03 3.300000000e+00
3.911178065e-03 0.000000000e+00
3.912000000e-03 0.000000000e+00
3.912000001e-03 3.300000000e+00
3.912176065e-03 3.300000000e+00
3.912176066e-03 0.000000000e+00
3.913000000e-03 0.000000000e+00
3.913000001e-03 3.300000000e+00
3.913174065e-03 3.300000000e+00
3.913174066e-03 0.000000000e+00
3.914000000e-03 0.000000000e+00
3.914000001e-03 3.300000000e+00
3.914172066e-03 3.300000000e+00
3.914172067e-03 0.000000000e+00
3.915000000e-03 0.000000000e+00
3.915000001e-03 3.300000000e+00
3.915170066e-03 3.300000000e+00
3.915170067e-03 0.000000000e+00
3.916000000e-03 0.000000000e+00
3.916000001e-03 3.300000000e+00
3.916168066e-03 3.300000000e+00
3.916168067e-03 0.000000000e+00
3.917000000e-03 0.000000000e+00
3.917000001e-03 3.300000000e+00
3.917166067e-03 3.300000000e+00
3.917166068e-03 0.000000000e+00
3.918000000e-03 0.000000000e+00
3.918000001e-03 3.300000000e+00
3.918164067e-03 3.300000000e+00
3.918164068e-03 0.000000000e+00
3.919000000e-03 0.000000000e+00
3.919000001e-03 3.300000000e+00
3.919162068e-03 3.300000000e+00
3.919162069e-03 0.000000000e+00
3.920000000e-03 0.000000000e+00
3.920000001e-03 3.300000000e+00
3.920160068e-03 3.300000000e+00
3.920160069e-03 0.000000000e+00
3.921000000e-03 0.000000000e+00
3.921000001e-03 3.300000000e+00
3.921158068e-03 3.300000000e+00
3.921158069e-03 0.000000000e+00
3.922000000e-03 0.000000000e+00
3.922000001e-03 3.300000000e+00
3.922156069e-03 3.300000000e+00
3.922156070e-03 0.000000000e+00
3.923000000e-03 0.000000000e+00
3.923000001e-03 3.300000000e+00
3.923154069e-03 3.300000000e+00
3.923154070e-03 0.000000000e+00
3.924000000e-03 0.000000000e+00
3.924000001e-03 3.300000000e+00
3.924152070e-03 3.300000000e+00
3.924152071e-03 0.000000000e+00
3.925000000e-03 0.000000000e+00
3.925000001e-03 3.300000000e+00
3.925150070e-03 3.300000000e+00
3.925150071e-03 0.000000000e+00
3.926000000e-03 0.000000000e+00
3.926000001e-03 3.300000000e+00
3.926148070e-03 3.300000000e+00
3.926148071e-03 0.000000000e+00
3.927000000e-03 0.000000000e+00
3.927000001e-03 3.300000000e+00
3.927146071e-03 3.300000000e+00
3.927146072e-03 0.000000000e+00
3.928000000e-03 0.000000000e+00
3.928000001e-03 3.300000000e+00
3.928144071e-03 3.300000000e+00
3.928144072e-03 0.000000000e+00
3.929000000e-03 0.000000000e+00
3.929000001e-03 3.300000000e+00
3.929142072e-03 3.300000000e+00
3.929142073e-03 0.000000000e+00
3.930000000e-03 0.000000000e+00
3.930000001e-03 3.300000000e+00
3.930140072e-03 3.300000000e+00
3.930140073e-03 0.000000000e+00
3.931000000e-03 0.000000000e+00
3.931000001e-03 3.300000000e+00
3.931138072e-03 3.300000000e+00
3.931138073e-03 0.000000000e+00
3.932000000e-03 0.000000000e+00
3.932000001e-03 3.300000000e+00
3.932136073e-03 3.300000000e+00
3.932136074e-03 0.000000000e+00
3.933000000e-03 0.000000000e+00
3.933000001e-03 3.300000000e+00
3.933134073e-03 3.300000000e+00
3.933134074e-03 0.000000000e+00
3.934000000e-03 0.000000000e+00
3.934000001e-03 3.300000000e+00
3.934132074e-03 3.300000000e+00
3.934132075e-03 0.000000000e+00
3.935000000e-03 0.000000000e+00
3.935000001e-03 3.300000000e+00
3.935130074e-03 3.300000000e+00
3.935130075e-03 0.000000000e+00
3.936000000e-03 0.000000000e+00
3.936000001e-03 3.300000000e+00
3.936128074e-03 3.300000000e+00
3.936128075e-03 0.000000000e+00
3.937000000e-03 0.000000000e+00
3.937000001e-03 3.300000000e+00
3.937126075e-03 3.300000000e+00
3.937126076e-03 0.000000000e+00
3.938000000e-03 0.000000000e+00
3.938000001e-03 3.300000000e+00
3.938124075e-03 3.300000000e+00
3.938124076e-03 0.000000000e+00
3.939000000e-03 0.000000000e+00
3.939000001e-03 3.300000000e+00
3.939122076e-03 3.300000000e+00
3.939122077e-03 0.000000000e+00
3.940000000e-03 0.000000000e+00
3.940000001e-03 3.300000000e+00
3.940120076e-03 3.300000000e+00
3.940120077e-03 0.000000000e+00
3.941000000e-03 0.000000000e+00
3.941000001e-03 3.300000000e+00
3.941118076e-03 3.300000000e+00
3.941118077e-03 0.000000000e+00
3.942000000e-03 0.000000000e+00
3.942000001e-03 3.300000000e+00
3.942116077e-03 3.300000000e+00
3.942116078e-03 0.000000000e+00
3.943000000e-03 0.000000000e+00
3.943000001e-03 3.300000000e+00
3.943114077e-03 3.300000000e+00
3.943114078e-03 0.000000000e+00
3.944000000e-03 0.000000000e+00
3.944000001e-03 3.300000000e+00
3.944112078e-03 3.300000000e+00
3.944112079e-03 0.000000000e+00
3.945000000e-03 0.000000000e+00
3.945000001e-03 3.300000000e+00
3.945110078e-03 3.300000000e+00
3.945110079e-03 0.000000000e+00
3.946000000e-03 0.000000000e+00
3.946000001e-03 3.300000000e+00
3.946108078e-03 3.300000000e+00
3.946108079e-03 0.000000000e+00
3.947000000e-03 0.000000000e+00
3.947000001e-03 3.300000000e+00
3.947106079e-03 3.300000000e+00
3.947106080e-03 0.000000000e+00
3.948000000e-03 0.000000000e+00
3.948000001e-03 3.300000000e+00
3.948104079e-03 3.300000000e+00
3.948104080e-03 0.000000000e+00
3.949000000e-03 0.000000000e+00
3.949000001e-03 3.300000000e+00
3.949102080e-03 3.300000000e+00
3.949102081e-03 0.000000000e+00
3.950000000e-03 0.000000000e+00
3.950000001e-03 3.300000000e+00
3.950100080e-03 3.300000000e+00
3.950100081e-03 0.000000000e+00
3.951000000e-03 0.000000000e+00
3.951000001e-03 3.300000000e+00
3.951098080e-03 3.300000000e+00
3.951098081e-03 0.000000000e+00
3.952000000e-03 0.000000000e+00
3.952000001e-03 3.300000000e+00
3.952096081e-03 3.300000000e+00
3.952096082e-03 0.000000000e+00
3.953000000e-03 0.000000000e+00
3.953000001e-03 3.300000000e+00
3.953094081e-03 3.300000000e+00
3.953094082e-03 0.000000000e+00
3.954000000e-03 0.000000000e+00
3.954000001e-03 3.300000000e+00
3.954092082e-03 3.300000000e+00
3.954092083e-03 0.000000000e+00
3.955000000e-03 0.000000000e+00
3.955000001e-03 3.300000000e+00
3.955090082e-03 3.300000000e+00
3.955090083e-03 0.000000000e+00
3.956000000e-03 0.000000000e+00
3.956000001e-03 3.300000000e+00
3.956088082e-03 3.300000000e+00
3.956088083e-03 0.000000000e+00
3.957000000e-03 0.000000000e+00
3.957000001e-03 3.300000000e+00
3.957086083e-03 3.300000000e+00
3.957086084e-03 0.000000000e+00
3.958000000e-03 0.000000000e+00
3.958000001e-03 3.300000000e+00
3.958084083e-03 3.300000000e+00
3.958084084e-03 0.000000000e+00
3.959000000e-03 0.000000000e+00
3.959000001e-03 3.300000000e+00
3.959082084e-03 3.300000000e+00
3.959082085e-03 0.000000000e+00
3.960000000e-03 0.000000000e+00
3.960000001e-03 3.300000000e+00
3.960080084e-03 3.300000000e+00
3.960080085e-03 0.000000000e+00
3.961000000e-03 0.000000000e+00
3.961000001e-03 3.300000000e+00
3.961078084e-03 3.300000000e+00
3.961078085e-03 0.000000000e+00
3.962000000e-03 0.000000000e+00
3.962000001e-03 3.300000000e+00
3.962076085e-03 3.300000000e+00
3.962076086e-03 0.000000000e+00
3.963000000e-03 0.000000000e+00
3.963000001e-03 3.300000000e+00
3.963074085e-03 3.300000000e+00
3.963074086e-03 0.000000000e+00
3.964000000e-03 0.000000000e+00
3.964000001e-03 3.300000000e+00
3.964072086e-03 3.300000000e+00
3.964072087e-03 0.000000000e+00
3.965000000e-03 0.000000000e+00
3.965000001e-03 3.300000000e+00
3.965070086e-03 3.300000000e+00
3.965070087e-03 0.000000000e+00
3.966000000e-03 0.000000000e+00
3.966000001e-03 3.300000000e+00
3.966068086e-03 3.300000000e+00
3.966068087e-03 0.000000000e+00
3.967000000e-03 0.000000000e+00
3.967000001e-03 3.300000000e+00
3.967066087e-03 3.300000000e+00
3.967066088e-03 0.000000000e+00
3.968000000e-03 0.000000000e+00
3.968000001e-03 3.300000000e+00
3.968064087e-03 3.300000000e+00
3.968064088e-03 0.000000000e+00
3.969000000e-03 0.000000000e+00
3.969000001e-03 3.300000000e+00
3.969062088e-03 3.300000000e+00
3.969062089e-03 0.000000000e+00
3.970000000e-03 0.000000000e+00
3.970000001e-03 3.300000000e+00
3.970060088e-03 3.300000000e+00
3.970060089e-03 0.000000000e+00
3.971000000e-03 0.000000000e+00
3.971000001e-03 3.300000000e+00
3.971058088e-03 3.300000000e+00
3.971058089e-03 0.000000000e+00
3.972000000e-03 0.000000000e+00
3.972000001e-03 3.300000000e+00
3.972056089e-03 3.300000000e+00
3.972056090e-03 0.000000000e+00
3.973000000e-03 0.000000000e+00
3.973000001e-03 3.300000000e+00
3.973054089e-03 3.300000000e+00
3.973054090e-03 0.000000000e+00
3.974000000e-03 0.000000000e+00
3.974000001e-03 3.300000000e+00
3.974052090e-03 3.300000000e+00
3.974052091e-03 0.000000000e+00
3.975000000e-03 0.000000000e+00
3.975000001e-03 3.300000000e+00
3.975050090e-03 3.300000000e+00
3.975050091e-03 0.000000000e+00
3.976000000e-03 0.000000000e+00
3.976000001e-03 3.300000000e+00
3.976048090e-03 3.300000000e+00
3.976048091e-03 0.000000000e+00
3.977000000e-03 0.000000000e+00
3.977000001e-03 3.300000000e+00
3.977046091e-03 3.300000000e+00
3.977046092e-03 0.000000000e+00
3.978000000e-03 0.000000000e+00
3.978000001e-03 3.300000000e+00
3.978044091e-03 3.300000000e+00
3.978044092e-03 0.000000000e+00
3.979000000e-03 0.000000000e+00
3.979000001e-03 3.300000000e+00
3.979042092e-03 3.300000000e+00
3.979042093e-03 0.000000000e+00
3.980000000e-03 0.000000000e+00
3.980000001e-03 3.300000000e+00
3.980040092e-03 3.300000000e+00
3.980040093e-03 0.000000000e+00
3.981000000e-03 0.000000000e+00
3.981000001e-03 3.300000000e+00
3.981038092e-03 3.300000000e+00
3.981038093e-03 0.000000000e+00
3.982000000e-03 0.000000000e+00
3.982000001e-03 3.300000000e+00
3.982036093e-03 3.300000000e+00
3.982036094e-03 0.000000000e+00
3.983000000e-03 0.000000000e+00
3.983000001e-03 3.300000000e+00
3.983034093e-03 3.300000000e+00
3.983034094e-03 0.000000000e+00
3.984000000e-03 0.000000000e+00
3.984000001e-03 3.300000000e+00
3.984032094e-03 3.300000000e+00
3.984032095e-03 0.000000000e+00
3.985000000e-03 0.000000000e+00
3.985000001e-03 3.300000000e+00
3.985030094e-03 3.300000000e+00
3.985030095e-03 0.000000000e+00
3.986000000e-03 0.000000000e+00
3.986000001e-03 3.300000000e+00
3.986028094e-03 3.300000000e+00
3.986028095e-03 0.000000000e+00
3.987000000e-03 0.000000000e+00
3.987000001e-03 3.300000000e+00
3.987026095e-03 3.300000000e+00
3.987026096e-03 0.000000000e+00
3.988000000e-03 0.000000000e+00
3.988000001e-03 3.300000000e+00
3.988024095e-03 3.300000000e+00
3.988024096e-03 0.000000000e+00
3.989000000e-03 0.000000000e+00
3.989000001e-03 3.300000000e+00
3.989022096e-03 3.300000000e+00
3.989022097e-03 0.000000000e+00
3.990000000e-03 0.000000000e+00
3.990000001e-03 3.300000000e+00
3.990020096e-03 3.300000000e+00
3.990020097e-03 0.000000000e+00
3.991000000e-03 0.000000000e+00
3.991000001e-03 3.300000000e+00
3.991018096e-03 3.300000000e+00
3.991018097e-03 0.000000000e+00
3.992000000e-03 0.000000000e+00
3.992000001e-03 3.300000000e+00
3.992016097e-03 3.300000000e+00
3.992016098e-03 0.000000000e+00
3.993000000e-03 0.000000000e+00
3.993000001e-03 3.300000000e+00
3.993014097e-03 3.300000000e+00
3.993014098e-03 0.000000000e+00
3.994000000e-03 0.000000000e+00
3.994000001e-03 3.300000000e+00
3.994012098e-03 3.300000000e+00
3.994012099e-03 0.000000000e+00
3.995000000e-03 0.000000000e+00
3.995000001e-03 3.300000000e+00
3.995010098e-03 3.300000000e+00
3.995010099e-03 0.000000000e+00
3.996000000e-03 0.000000000e+00
3.996000001e-03 3.300000000e+00
3.996008098e-03 3.300000000e+00
3.996008099e-03 0.000000000e+00
3.997000000e-03 0.000000000e+00
3.997000001e-03 3.300000000e+00
3.997006099e-03 3.300000000e+00
3.997006100e-03 0.000000000e+00
3.998000000e-03 0.000000000e+00
3.998000001e-03 3.300000000e+00
3.998004099e-03 3.300000000e+00
3.998004100e-03 0.000000000e+00
3.999000000e-03 0.000000000e+00
3.999000001e-03 3.300000000e+00
3.999002100e-03 3.300000000e+00
3.999002101e-03 0.000000000e+00
4.001000000e-03 0.000000000e+00
